2026-08-06 20:07:33 | [Thread 138685418116800] | [INFO] | [STRESS] | Heartbeat check
2026-08-06 20:07:33 | [Thread 138685418116800] | [ERROR] | [STRESS] | Simulated minor non-fatal log
2026-08-06 20:07:33 | [Thread 138685401331392] | [INFO] | [STRESS] | Heartbeat check
2026-08-06 20:07:33 | [Thread 138685401331392] | [ERROR] | [STRESS] | Simulated minor non-fatal log
2026-08-06 20:07:33 | [Thread 138685418116800] | [OPERATION] | [STRESS] | BULK_OP | TXN
2026-08-06 20:07:33 | [Thread 138685418116800] | [INFO] | [STRESS] | Heartbeat check
2026-08-06 20:07:33 | [Thread 138685418116800] | [ERROR] | [STRESS] | Simulated minor non-fatal log
2026-08-06 20:07:33 | [Thread 138685418116800] | [OPERATION] | [STRESS] | BULK_OP | TXN
2026-08-06 20:07:33 | [Thread 138685418116800] | [INFO] | [STRESS] | Heartbeat check
2026-08-06 20:07:33 | [Thread 138685418116800] | [ERROR] | [STRESS] | Simulated minor non-fatal log
2026-08-06 20:07:33 | [Thread 138685418116800] | [OPERATION] | [STRESS] | BULK_OP | AMD
2026-08-06 20:07:33 | [Thread 138685418116800] | [INFO] | [STRESS] | Heartbeat check
2026-08-06 20:07:33 | [Thread 138685418116800] | [ERROR] | [STRESS] | Simulated minor non-fatal log
2026-08-06 20:07:33 | [Thread 138685401331392] | [OPERATION] | [STRESS] | BULK_OP | TXN
2026-08-06 20:07:33 | [Thread 138685401331392] | [INFO] | [STRESS] | Heartbeat check
2026-08-06 20:07:33 | [Thread 138685401331392] | [ERROR] | [STRESS] | Simulated minor non-fatal log
2026-08-06 20:07:33 | [Thread 138685401331392] | [OPERATION] | [STRESS] | BULK_OP | NVDA
2026-08-06 20:07:33 | [Thread 138685401331392] | [INFO] | [STRESS] | Heartbeat check
2026-08-06 20:07:33 | [Thread 138685401331392] | [ERROR] | [STRESS] | Simulated minor non-fatal log
2026-08-06 20:07:33 | [Thread 138685401331392] | [OPERATION] | [STRESS] | BULK_OP | AMD
2026-08-06 20:07:33 | [Thread 138685401331392] | [INFO] | [STRESS] | Heartbeat check
2026-08-06 20:07:33 | [Thread 138685401331392] | [ERROR] | [STRESS] | Simulated minor non-fatal log
2026-08-06 20:07:33 | [Thread 138685401331392] | [OPERATION] | [STRESS] | BULK_OP | GOOGL
2026-08-06 20:07:33 | [Thread 138685401331392] | [INFO] | [STRESS] | Heartbeat check
2026-08-06 20:07:33 | [Thread 138685401331392] | [ERROR] | [STRESS] | Simulated minor non-fatal log
2026-08-06 20:07:33 | [Thread 138685401331392] | [OPERATION] | [STRESS] | BULK_OP | IBM
2026-08-06 20:07:33 | [Thread 138685401331392] | [INFO] | [STRESS] | Heartbeat check
2026-08-06 20:07:33 | [Thread 138685401331392] | [ERROR] | [STRESS] | Simulated minor non-fatal log
2026-08-06 20:07:33 | [Thread 138685401331392] | [OPERATION] | [STRESS] | BULK_OP | AAPL
2026-08-06 20:07:33 | [Thread 138685401331392] | [INFO] | [STRESS] | Heartbeat check
2026-08-06 20:07:33 | [Thread 138685401331392] | [ERROR] | [STRESS] | Simulated minor non-fatal log
2026-08-06 20:07:33 | [Thread 138685401331392] | [OPERATION] | [STRESS] | BULK_OP | AMZN
2026-08-06 20:07:33 | [Thread 138685401331392] | [INFO] | [STRESS] | Heartbeat check
2026-08-06 20:07:33 | [Thread 138685401331392] | [ERROR] | [STRESS] | Simulated minor non-fatal log
2026-08-06 20:07:33 | [Thread 138685401331392] | [OPERATION] | [STRESS] | BULK_OP | TSLA
2026-08-06 20:07:33 | [Thread 138685401331392] | [INFO] | [STRESS] | Heartbeat check
2026-08-06 20:07:33 | [Thread 138685401331392] | [ERROR] | [STRESS] | Simulated minor non-fatal log
2026-08-06 20:07:33 | [Thread 138685401331392] | [OPERATION] | [STRESS] | BULK_OP | TSLA
2026-08-06 20:07:33 | [Thread 138685401331392] | [INFO] | [STRESS] | Heartbeat check
2026-08-06 20:07:33 | [Thread 138685401331392] | [ERROR] | [STRESS] | Simulated minor non-fatal log
2026-08-06 20:07:33 | [Thread 138685401331392] | [OPERATION] | [STRESS] | BULK_OP | NFLX
2026-08-06 20:07:33 | [Thread 138685401331392] | [INFO] | [STRESS] | Heartbeat check
2026-08-06 20:07:33 | [Thread 138685401331392] | [ERROR] | [STRESS] | Simulated minor non-fatal log
2026-08-06 20:07:33 | [Thread 138685846644416] | [INFO] | [CACHE] | CACHE_SAVED
2026-08-06 20:07:33 | [Thread 138685401331392] | [OPERATION] | [STRESS] | BULK_OP | NFLX
2026-08-06 20:07:33 | [Thread 138685401331392] | [INFO] | [STRESS] | Heartbeat check
2026-08-06 20:07:33 | [Thread 138685401331392] | [ERROR] | [STRESS] | Simulated minor non-fatal log
2026-08-06 20:07:33 | [Thread 138685401331392] | [OPERATION] | [STRESS] | BULK_OP | TXN
2026-08-06 20:07:33 | [Thread 138685401331392] | [INFO] | [STRESS] | Heartbeat check
2026-08-06 20:07:33 | [Thread 138685401331392] | [ERROR] | [STRESS] | Simulated minor non-fatal log
2026-08-06 20:07:33 | [Thread 138685401331392] | [OPERATION] | [STRESS] | BULK_OP | AAPL
2026-08-06 20:07:33 | [Thread 138685401331392] | [INFO] | [STRESS] | Heartbeat check
2026-08-06 20:07:33 | [Thread 138685401331392] | [ERROR] | [STRESS] | Simulated minor non-fatal log
2026-08-06 20:07:33 | [Thread 138685401331392] | [OPERATION] | [STRESS] | BULK_OP | GOOGL
2026-08-06 20:07:33 | [Thread 138685401331392] | [INFO] | [STRESS] | Heartbeat check
2026-08-06 20:07:33 | [Thread 138685401331392] | [ERROR] | [STRESS] | Simulated minor non-fatal log
2026-08-06 20:07:33 | [Thread 138685401331392] | [OPERATION] | [STRESS] | BULK_OP | NVDA
2026-08-06 20:07:33 | [Thread 138685401331392] | [INFO] | [STRESS] | Heartbeat check
2026-08-06 20:07:33 | [Thread 138685401331392] | [ERROR] | [STRESS] | Simulated minor non-fatal log
2026-08-06 20:07:33 | [Thread 138685401331392] | [OPERATION] | [STRESS] | BULK_OP | TXN
2026-08-06 20:07:33 | [Thread 138685401331392] | [INFO] | [STRESS] | Heartbeat check
2026-08-06 20:07:33 | [Thread 138685401331392] | [ERROR] | [STRESS] | Simulated minor non-fatal log
2026-08-06 20:07:33 | [Thread 138685401331392] | [OPERATION] | [STRESS] | BULK_OP | META
2026-08-06 20:07:33 | [Thread 138685401331392] | [INFO] | [STRESS] | Heartbeat check
2026-08-06 20:07:33 | [Thread 138685401331392] | [ERROR] | [STRESS] | Simulated minor non-fatal log
2026-08-06 20:07:33 | [Thread 138685401331392] | [OPERATION] | [STRESS] | BULK_OP | GOOGL
2026-08-06 20:07:33 | [Thread 138685401331392] | [INFO] | [STRESS] | Heartbeat check
2026-08-06 20:07:33 | [Thread 138685401331392] | [ERROR] | [STRESS] | Simulated minor non-fatal log
2026-08-06 20:07:33 | [Thread 138685401331392] | [INFO] | [STRESS] | Heartbeat check
2026-08-06 20:07:33 | [Thread 138685401331392] | [OPERATION] | [STRESS] | BULK_OP | QCOM
2026-08-06 20:07:33 | [Thread 138685401331392] | [OPERATION] | [STRESS] | BULK_OP | MSFT
2026-08-06 20:07:33 | [Thread 138685426509504] | [INFO] | [STRESS] | Heartbeat check
2026-08-06 20:07:33 | [Thread 138685846644416] | [INFO] | [CACHE] | CACHE_SAVED
2026-08-06 20:07:33 | [Thread 138685426509504] | [OPERATION] | [STRESS] | BULK_OP | CSCO
2026-08-06 20:07:33 | [Thread 138685426509504] | [INFO] | [STRESS] | Heartbeat check
2026-08-06 20:07:33 | [Thread 138685426509504] | [ERROR] | [STRESS] | Simulated minor non-fatal log
2026-08-06 20:07:33 | [Thread 138685401331392] | [ERROR] | [STRESS] | Simulated minor non-fatal log
2026-08-06 20:07:33 | [Thread 138685409724096] | [ERROR] | [STRESS] | Simulated minor non-fatal log
2026-08-06 20:07:33 | [Thread 138685434902208] | [INFO] | [STRESS] | Heartbeat check
2026-08-06 20:07:33 | [Thread 138685426509504] | [OPERATION] | [STRESS] | BULK_OP | TSLA
2026-08-06 20:07:33 | [Thread 138685426509504] | [ERROR] | [STRESS] | Simulated minor non-fatal log
2026-08-06 20:07:33 | [Thread 138685401331392] | [ERROR] | [STRESS] | Simulated minor non-fatal log
2026-08-06 20:07:33 | [Thread 138685401331392] | [ERROR] | [STRESS] | Simulated minor non-fatal log
2026-08-06 20:07:33 | [Thread 138685401331392] | [OPERATION] | [STRESS] | BULK_OP | ORCL
2026-08-06 20:07:33 | [Thread 138685401331392] | [ERROR] | [STRESS] | Simulated minor non-fatal log
2026-08-06 20:07:33 | [Thread 138685401331392] | [INFO] | [STRESS] | Heartbeat check
2026-08-06 20:07:33 | [Thread 138685401331392] | [ERROR] | [STRESS] | Simulated minor non-fatal log
2026-08-06 20:07:33 | [Thread 138685392938688] | [OPERATION] | [STRESS] | BULK_OP | CSCO
2026-08-06 20:07:33 | [Thread 138685409724096] | [ERROR] | [STRESS] | Simulated minor non-fatal log
2026-08-06 20:07:33 | [Thread 138685409724096] | [OPERATION] | [STRESS] | BULK_OP | AMD
2026-08-06 20:07:33 | [Thread 138685426509504] | [OPERATION] | [STRESS] | BULK_OP | TXN
2026-08-06 20:07:33 | [Thread 138685409724096] | [OPERATION] | [STRESS] | BULK_OP | NFLX
2026-08-06 20:07:33 | [Thread 138685426509504] | [ERROR] | [STRESS] | Simulated minor non-fatal log
2026-08-06 20:07:33 | [Thread 138685409724096] | [OPERATION] | [STRESS] | BULK_OP | IBM
2026-08-06 20:07:33 | [Thread 138685426509504] | [OPERATION] | [STRESS] | BULK_OP | META
2026-08-06 20:07:33 | [Thread 138685426509504] | [ERROR] | [STRESS] | Simulated minor non-fatal log
2026-08-06 20:07:33 | [Thread 138685443294912] | [INFO] | [STRESS] | Heartbeat check
2026-08-06 20:07:33 | [Thread 138685443294912] | [OPERATION] | [STRESS] | BULK_OP | INTC
2026-08-06 20:07:33 | [Thread 138685443294912] | [ERROR] | [STRESS] | Simulated minor non-fatal log
2026-08-06 20:07:33 | [Thread 138685426509504] | [OPERATION] | [STRESS] | BULK_OP | INTC
2026-08-06 20:07:33 | [Thread 138685418116800] | [ERROR] | [STRESS] | Simulated minor non-fatal log
2026-08-06 20:07:33 | [Thread 138685409724096] | [OPERATION] | [STRESS] | BULK_OP | NVDA
2026-08-06 20:07:33 | [Thread 138685418116800] | [INFO] | [STRESS] | Heartbeat check
2026-08-06 20:07:33 | [Thread 138685426509504] | [INFO] | [STRESS] | Heartbeat check
2026-08-06 20:07:33 | [Thread 138685426509504] | [OPERATION] | [STRESS] | BULK_OP | MSFT
2026-08-06 20:07:33 | [Thread 138685426509504] | [INFO] | [STRESS] | Heartbeat check
2026-08-06 20:07:33 | [Thread 138685443294912] | [ERROR] | [STRESS] | Simulated minor non-fatal log
2026-08-06 20:07:33 | [Thread 138685409724096] | [OPERATION] | [STRESS] | BULK_OP | META
2026-08-06 20:07:33 | [Thread 138685434902208] | [INFO] | [STRESS] | Heartbeat check
2026-08-06 20:07:33 | [Thread 138685434902208] | [ERROR] | [STRESS] | Simulated minor non-fatal log
2026-08-06 20:07:33 | [Thread 138685434902208] | [ERROR] | [STRESS] | Simulated minor non-fatal log
2026-08-06 20:07:33 | [Thread 138685434902208] | [ERROR] | [STRESS] | Simulated minor non-fatal log
2026-08-06 20:07:33 | [Thread 138685443294912] | [INFO] | [STRESS] | Heartbeat check
2026-08-06 20:07:33 | [Thread 138685434902208] | [OPERATION] | [STRESS] | BULK_OP | ORCL
2026-08-06 20:07:33 | [Thread 138685392938688] | [ERROR] | [STRESS] | Simulated minor non-fatal log
2026-08-06 20:07:33 | [Thread 138685392938688] | [OPERATION] | [STRESS] | BULK_OP | CSCO
2026-08-06 20:07:33 | [Thread 138685392938688] | [INFO] | [STRESS] | Heartbeat check
2026-08-06 20:07:33 | [Thread 138685392938688] | [ERROR] | [STRESS] | Simulated minor non-fatal log
2026-08-06 20:07:33 | [Thread 138685426509504] | [INFO] | [STRESS] | Heartbeat check
2026-08-06 20:07:33 | [Thread 138685409724096] | [INFO] | [STRESS] | Heartbeat check
2026-08-06 20:07:33 | [Thread 138685409724096] | [ERROR] | [STRESS] | Simulated minor non-fatal log
2026-08-06 20:07:33 | [Thread 138685409724096] | [INFO] | [STRESS] | Heartbeat check
2026-08-06 20:07:33 | [Thread 138685418116800] | [INFO] | [STRESS] | Heartbeat check
2026-08-06 20:07:33 | [Thread 138685418116800] | [OPERATION] | [STRESS] | BULK_OP | INTC
2026-08-06 20:07:33 | [Thread 138685418116800] | [OPERATION] | [STRESS] | BULK_OP | AAPL
2026-08-06 20:07:33 | [Thread 138685434902208] | [INFO] | [STRESS] | Heartbeat check
2026-08-06 20:07:33 | [Thread 138685409724096] | [OPERATION] | [STRESS] | BULK_OP | CSCO
2026-08-06 20:07:33 | [Thread 138685434902208] | [INFO] | [STRESS] | Heartbeat check
2026-08-06 20:07:33 | [Thread 138685426509504] | [OPERATION] | [STRESS] | BULK_OP | QCOM
2026-08-06 20:07:33 | [Thread 138685426509504] | [INFO] | [STRESS] | Heartbeat check
2026-08-06 20:07:34 | [Thread 138685443294912] | [INFO] | [STRESS] | Heartbeat check
2026-08-06 20:07:34 | [Thread 138685409724096] | [INFO] | [STRESS] | Heartbeat check
2026-08-06 20:07:34 | [Thread 138685409724096] | [ERROR] | [STRESS] | Simulated minor non-fatal log
2026-08-06 20:07:34 | [Thread 138685401331392] | [OPERATION] | [STRESS] | BULK_OP | TSLA
2026-08-06 20:07:34 | [Thread 138685401331392] | [ERROR] | [STRESS] | Simulated minor non-fatal log
2026-08-06 20:07:34 | [Thread 138685401331392] | [INFO] | [STRESS] | Heartbeat check
2026-08-06 20:07:34 | [Thread 138685401331392] | [INFO] | [STRESS] | Heartbeat check
2026-08-06 20:07:34 | [Thread 138685401331392] | [INFO] | [STRESS] | Heartbeat check
2026-08-06 20:07:34 | [Thread 138685401331392] | [OPERATION] | [STRESS] | BULK_OP | NVDA
2026-08-06 20:07:34 | [Thread 138685443294912] | [OPERATION] | [STRESS] | BULK_OP | AMD
2026-08-06 20:07:34 | [Thread 138685443294912] | [OPERATION] | [STRESS] | BULK_OP | NFLX
2026-08-06 20:07:34 | [Thread 138685443294912] | [OPERATION] | [STRESS] | BULK_OP | NFLX
2026-08-06 20:07:34 | [Thread 138685443294912] | [OPERATION] | [STRESS] | BULK_OP | INTC
2026-08-06 20:07:34 | [Thread 138685443294912] | [OPERATION] | [STRESS] | BULK_OP | IBM
2026-08-06 20:07:34 | [Thread 138685443294912] | [OPERATION] | [STRESS] | BULK_OP | TSLA
2026-08-06 20:07:34 | [Thread 138685426509504] | [OPERATION] | [STRESS] | BULK_OP | CSCO
2026-08-06 20:07:34 | [Thread 138685426509504] | [OPERATION] | [STRESS] | BULK_OP | GOOGL
2026-08-06 20:07:34 | [Thread 138685418116800] | [INFO] | [STRESS] | Heartbeat check
2026-08-06 20:07:34 | [Thread 138685443294912] | [OPERATION] | [STRESS] | BULK_OP | GOOGL
2026-08-06 20:07:34 | [Thread 138685426509504] | [OPERATION] | [STRESS] | BULK_OP | TXN
2026-08-06 20:07:34 | [Thread 138685443294912] | [INFO] | [STRESS] | Heartbeat check
2026-08-06 20:07:34 | [Thread 138685443294912] | [ERROR] | [STRESS] | Simulated minor non-fatal log
2026-08-06 20:07:34 | [Thread 138685443294912] | [INFO] | [STRESS] | Heartbeat check
2026-08-06 20:07:34 | [Thread 138685443294912] | [ERROR] | [STRESS] | Simulated minor non-fatal log
2026-08-06 20:07:34 | [Thread 138685443294912] | [INFO] | [STRESS] | Heartbeat check
2026-08-06 20:07:34 | [Thread 138685443294912] | [ERROR] | [STRESS] | Simulated minor non-fatal log
2026-08-06 20:07:34 | [Thread 138685443294912] | [OPERATION] | [STRESS] | BULK_OP | QCOM
2026-08-06 20:07:34 | [Thread 138685443294912] | [OPERATION] | [STRESS] | BULK_OP | AAPL
2026-08-06 20:07:34 | [Thread 138685443294912] | [OPERATION] | [STRESS] | BULK_OP | QCOM
2026-08-06 20:07:34 | [Thread 138685443294912] | [OPERATION] | [STRESS] | BULK_OP | AMD
2026-08-06 20:07:34 | [Thread 138685443294912] | [ERROR] | [STRESS] | Simulated minor non-fatal log
2026-08-06 20:07:34 | [Thread 138685426509504] | [OPERATION] | [STRESS] | BULK_OP | QCOM
2026-08-06 20:07:34 | [Thread 138685418116800] | [ERROR] | [STRESS] | Simulated minor non-fatal log
2026-08-06 20:07:34 | [Thread 138685418116800] | [ERROR] | [STRESS] | Simulated minor non-fatal log
2026-08-06 20:07:34 | [Thread 138685418116800] | [INFO] | [STRESS] | Heartbeat check
2026-08-06 20:07:34 | [Thread 138685418116800] | [ERROR] | [STRESS] | Simulated minor non-fatal log
2026-08-06 20:07:34 | [Thread 138685418116800] | [INFO] | [STRESS] | Heartbeat check
2026-08-06 20:07:34 | [Thread 138685418116800] | [INFO] | [STRESS] | Heartbeat check
2026-08-06 20:07:34 | [Thread 138685418116800] | [ERROR] | [STRESS] | Simulated minor non-fatal log
2026-08-06 20:07:34 | [Thread 138685418116800] | [INFO] | [STRESS] | Heartbeat check
2026-08-06 20:07:34 | [Thread 138685418116800] | [ERROR] | [STRESS] | Simulated minor non-fatal log
2026-08-06 20:07:34 | [Thread 138685418116800] | [INFO] | [STRESS] | Heartbeat check
2026-08-06 20:07:34 | [Thread 138685418116800] | [ERROR] | [STRESS] | Simulated minor non-fatal log
2026-08-06 20:07:34 | [Thread 138685418116800] | [ERROR] | [STRESS] | Simulated minor non-fatal log
2026-08-06 20:07:34 | [Thread 138685418116800] | [OPERATION] | [STRESS] | BULK_OP | TSLA
2026-08-06 20:07:34 | [Thread 138685392938688] | [OPERATION] | [STRESS] | BULK_OP | MSFT
2026-08-06 20:07:34 | [Thread 138685426509504] | [INFO] | [STRESS] | Heartbeat check
2026-08-06 20:07:34 | [Thread 138685392938688] | [ERROR] | [STRESS] | Simulated minor non-fatal log
2026-08-06 20:07:34 | [Thread 138685392938688] | [OPERATION] | [STRESS] | BULK_OP | NVDA
2026-08-06 20:07:34 | [Thread 138685392938688] | [OPERATION] | [STRESS] | BULK_OP | META
2026-08-06 20:07:34 | [Thread 138685392938688] | [INFO] | [STRESS] | Heartbeat check
2026-08-06 20:07:34 | [Thread 138685392938688] | [ERROR] | [STRESS] | Simulated minor non-fatal log
2026-08-06 20:07:34 | [Thread 138685392938688] | [ERROR] | [STRESS] | Simulated minor non-fatal log
2026-08-06 20:07:34 | [Thread 138685392938688] | [OPERATION] | [STRESS] | BULK_OP | QCOM
2026-08-06 20:07:34 | [Thread 138685392938688] | [OPERATION] | [STRESS] | BULK_OP | AAPL
2026-08-06 20:07:34 | [Thread 138685392938688] | [ERROR] | [STRESS] | Simulated minor non-fatal log
2026-08-06 20:07:34 | [Thread 138685426509504] | [INFO] | [STRESS] | Heartbeat check
2026-08-06 20:07:34 | [Thread 138685443294912] | [INFO] | [STRESS] | Heartbeat check
2026-08-06 20:07:34 | [Thread 138685426509504] | [OPERATION] | [STRESS] | BULK_OP | MSFT
2026-08-06 20:07:34 | [Thread 138685443294912] | [ERROR] | [STRESS] | Simulated minor non-fatal log
2026-08-06 20:07:34 | [Thread 138685443294912] | [INFO] | [STRESS] | Heartbeat check
2026-08-06 20:07:34 | [Thread 138685426509504] | [OPERATION] | [STRESS] | BULK_OP | AAPL
2026-08-06 20:07:34 | [Thread 138685443294912] | [ERROR] | [STRESS] | Simulated minor non-fatal log
2026-08-06 20:07:34 | [Thread 138685443294912] | [INFO] | [STRESS] | Heartbeat check
2026-08-06 20:07:34 | [Thread 138685443294912] | [ERROR] | [STRESS] | Simulated minor non-fatal log
2026-08-06 20:07:34 | [Thread 138685443294912] | [OPERATION] | [STRESS] | BULK_OP | TXN
2026-08-06 20:07:34 | [Thread 138685443294912] | [OPERATION] | [STRESS] | BULK_OP | TXN
2026-08-06 20:07:34 | [Thread 138685443294912] | [ERROR] | [STRESS] | Simulated minor non-fatal log
2026-08-06 20:07:34 | [Thread 138685418116800] | [ERROR] | [STRESS] | Simulated minor non-fatal log
2026-08-06 20:07:34 | [Thread 138685418116800] | [OPERATION] | [STRESS] | BULK_OP | AMD
2026-08-06 20:07:34 | [Thread 138685392938688] | [OPERATION] | [STRESS] | BULK_OP | INTC
2026-08-06 20:07:34 | [Thread 138685418116800] | [INFO] | [STRESS] | Heartbeat check
2026-08-06 20:07:34 | [Thread 138685418116800] | [ERROR] | [STRESS] | Simulated minor non-fatal log
2026-08-06 20:07:34 | [Thread 138685418116800] | [OPERATION] | [STRESS] | BULK_OP | CSCO
2026-08-06 20:07:34 | [Thread 138685426509504] | [ERROR] | [STRESS] | Simulated minor non-fatal log
2026-08-06 20:07:34 | [Thread 138685426509504] | [OPERATION] | [STRESS] | BULK_OP | IBM
2026-08-06 20:07:34 | [Thread 138685401331392] | [OPERATION] | [STRESS] | BULK_OP | AAPL
2026-08-06 20:07:34 | [Thread 138685401331392] | [OPERATION] | [STRESS] | BULK_OP | AMD
2026-08-06 20:07:34 | [Thread 138685426509504] | [ERROR] | [STRESS] | Simulated minor non-fatal log
2026-08-06 20:07:34 | [Thread 138685434902208] | [OPERATION] | [STRESS] | BULK_OP | NFLX
2026-08-06 20:07:34 | [Thread 138685434902208] | [INFO] | [STRESS] | Heartbeat check
2026-08-06 20:07:34 | [Thread 138685434902208] | [OPERATION] | [STRESS] | BULK_OP | MSFT
2026-08-06 20:07:34 | [Thread 138685434902208] | [INFO] | [STRESS] | Heartbeat check
2026-08-06 20:07:34 | [Thread 138685443294912] | [ERROR] | [STRESS] | Simulated minor non-fatal log
2026-08-06 20:07:34 | [Thread 138685409724096] | [INFO] | [STRESS] | Heartbeat check
2026-08-06 20:07:34 | [Thread 138685409724096] | [ERROR] | [STRESS] | Simulated minor non-fatal log
2026-08-06 20:07:34 | [Thread 138685409724096] | [INFO] | [STRESS] | Heartbeat check
2026-08-06 20:07:34 | [Thread 138685434902208] | [OPERATION] | [STRESS] | BULK_OP | TSLA
2026-08-06 20:07:34 | [Thread 138685409724096] | [OPERATION] | [STRESS] | BULK_OP | NFLX
2026-08-06 20:07:34 | [Thread 138685409724096] | [ERROR] | [STRESS] | Simulated minor non-fatal log
2026-08-06 20:07:34 | [Thread 138685409724096] | [OPERATION] | [STRESS] | BULK_OP | AMZN
2026-08-06 20:07:34 | [Thread 138685409724096] | [OPERATION] | [STRESS] | BULK_OP | MSFT
2026-08-06 20:07:34 | [Thread 138685409724096] | [ERROR] | [STRESS] | Simulated minor non-fatal log
2026-08-06 20:07:34 | [Thread 138685409724096] | [INFO] | [STRESS] | Heartbeat check
2026-08-06 20:07:34 | [Thread 138685426509504] | [ERROR] | [STRESS] | Simulated minor non-fatal log
2026-08-06 20:07:34 | [Thread 138685409724096] | [OPERATION] | [STRESS] | BULK_OP | NVDA
2026-08-06 20:07:34 | [Thread 138685426509504] | [OPERATION] | [STRESS] | BULK_OP | TSLA
2026-08-06 20:07:34 | [Thread 138685426509504] | [INFO] | [STRESS] | Heartbeat check
2026-08-06 20:07:34 | [Thread 138685409724096] | [OPERATION] | [STRESS] | BULK_OP | TSLA
2026-08-06 20:07:34 | [Thread 138685409724096] | [ERROR] | [STRESS] | Simulated minor non-fatal log
2026-08-06 20:07:34 | [Thread 138685409724096] | [INFO] | [STRESS] | Heartbeat check
2026-08-06 20:07:34 | [Thread 138685409724096] | [OPERATION] | [STRESS] | BULK_OP | MSFT
2026-08-06 20:07:34 | [Thread 138685409724096] | [OPERATION] | [STRESS] | BULK_OP | AMZN
2026-08-06 20:07:34 | [Thread 138685426509504] | [INFO] | [STRESS] | Heartbeat check
2026-08-06 20:07:34 | [Thread 138685418116800] | [OPERATION] | [STRESS] | BULK_OP | QCOM
2026-08-06 20:07:34 | [Thread 138685409724096] | [ERROR] | [STRESS] | Simulated minor non-fatal log
2026-08-06 20:07:34 | [Thread 138685409724096] | [OPERATION] | [STRESS] | BULK_OP | NFLX
2026-08-06 20:07:34 | [Thread 138685846644416] | [INFO] | [CACHE] | CACHE_SAVED
2026-08-06 20:07:34 | [Thread 138685418116800] | [INFO] | [STRESS] | Heartbeat check
2026-08-06 20:07:34 | [Thread 138685418116800] | [ERROR] | [STRESS] | Simulated minor non-fatal log
2026-08-06 20:07:34 | [Thread 138685434902208] | [OPERATION] | [STRESS] | BULK_OP | AAPL
2026-08-06 20:07:34 | [Thread 138685434902208] | [INFO] | [STRESS] | Heartbeat check
2026-08-06 20:07:34 | [Thread 138685434902208] | [OPERATION] | [STRESS] | BULK_OP | MSFT
2026-08-06 20:07:34 | [Thread 138685434902208] | [INFO] | [STRESS] | Heartbeat check
2026-08-06 20:07:34 | [Thread 138685434902208] | [OPERATION] | [STRESS] | BULK_OP | TXN
2026-08-06 20:07:34 | [Thread 138685401331392] | [ERROR] | [STRESS] | Simulated minor non-fatal log
2026-08-06 20:07:34 | [Thread 138685401331392] | [OPERATION] | [STRESS] | BULK_OP | CSCO
2026-08-06 20:07:34 | [Thread 138685401331392] | [ERROR] | [STRESS] | Simulated minor non-fatal log
2026-08-06 20:07:34 | [Thread 138685426509504] | [ERROR] | [STRESS] | Simulated minor non-fatal log
2026-08-06 20:07:34 | [Thread 138685426509504] | [ERROR] | [STRESS] | Simulated minor non-fatal log
2026-08-06 20:07:34 | [Thread 138685846644416] | [INFO] | [CACHE] | CACHE_SAVED
2026-08-06 20:07:34 | [Thread 138685409724096] | [ERROR] | [STRESS] | Simulated minor non-fatal log
2026-08-06 20:07:34 | [Thread 138685409724096] | [OPERATION] | [STRESS] | BULK_OP | NVDA
2026-08-06 20:07:34 | [Thread 138685409724096] | [INFO] | [STRESS] | Heartbeat check
2026-08-06 20:07:34 | [Thread 138685409724096] | [ERROR] | [STRESS] | Simulated minor non-fatal log
2026-08-06 20:07:34 | [Thread 138685443294912] | [ERROR] | [STRESS] | Simulated minor non-fatal log
2026-08-06 20:07:34 | [Thread 138685443294912] | [OPERATION] | [STRESS] | BULK_OP | CSCO
2026-08-06 20:07:34 | [Thread 138685443294912] | [INFO] | [STRESS] | Heartbeat check
2026-08-06 20:07:34 | [Thread 138685443294912] | [ERROR] | [STRESS] | Simulated minor non-fatal log
2026-08-06 20:07:34 | [Thread 138685443294912] | [OPERATION] | [STRESS] | BULK_OP | META
2026-08-06 20:07:34 | [Thread 138685392938688] | [OPERATION] | [STRESS] | BULK_OP | CSCO
2026-08-06 20:07:34 | [Thread 138685434902208] | [OPERATION] | [STRESS] | BULK_OP | AAPL
2026-08-06 20:07:34 | [Thread 138685434902208] | [ERROR] | [STRESS] | Simulated minor non-fatal log
2026-08-06 20:07:34 | [Thread 138685426509504] | [INFO] | [STRESS] | Heartbeat check
2026-08-06 20:07:34 | [Thread 138685409724096] | [ERROR] | [STRESS] | Simulated minor non-fatal log
2026-08-06 20:07:34 | [Thread 138685401331392] | [ERROR] | [STRESS] | Simulated minor non-fatal log
2026-08-06 20:07:34 | [Thread 138685401331392] | [INFO] | [STRESS] | Heartbeat check
2026-08-06 20:07:34 | [Thread 138685401331392] | [OPERATION] | [STRESS] | BULK_OP | NVDA
2026-08-06 20:07:34 | [Thread 138685401331392] | [INFO] | [STRESS] | Heartbeat check
2026-08-06 20:07:34 | [Thread 138685401331392] | [ERROR] | [STRESS] | Simulated minor non-fatal log
2026-08-06 20:07:34 | [Thread 138685401331392] | [OPERATION] | [STRESS] | BULK_OP | META
2026-08-06 20:07:34 | [Thread 138685401331392] | [INFO] | [STRESS] | Heartbeat check
2026-08-06 20:07:34 | [Thread 138685401331392] | [ERROR] | [STRESS] | Simulated minor non-fatal log
2026-08-06 20:07:34 | [Thread 138685401331392] | [OPERATION] | [STRESS] | BULK_OP | META
2026-08-06 20:07:34 | [Thread 138685401331392] | [INFO] | [STRESS] | Heartbeat check
2026-08-06 20:07:34 | [Thread 138685401331392] | [OPERATION] | [STRESS] | BULK_OP | ORCL
2026-08-06 20:07:34 | [Thread 138685401331392] | [INFO] | [STRESS] | Heartbeat check
2026-08-06 20:07:34 | [Thread 138685418116800] | [OPERATION] | [STRESS] | BULK_OP | NFLX
2026-08-06 20:07:34 | [Thread 138685443294912] | [OPERATION] | [STRESS] | BULK_OP | TXN
2026-08-06 20:07:34 | [Thread 138685401331392] | [OPERATION] | [STRESS] | BULK_OP | AMD
2026-08-06 20:07:34 | [Thread 138685443294912] | [OPERATION] | [STRESS] | BULK_OP | ORCL
2026-08-06 20:07:34 | [Thread 138685443294912] | [OPERATION] | [STRESS] | BULK_OP | AMZN
2026-08-06 20:07:34 | [Thread 138685392938688] | [INFO] | [STRESS] | Heartbeat check
2026-08-06 20:07:34 | [Thread 138685434902208] | [INFO] | [STRESS] | Heartbeat check
2026-08-06 20:07:34 | [Thread 138685434902208] | [OPERATION] | [STRESS] | BULK_OP | QCOM
2026-08-06 20:07:34 | [Thread 138685434902208] | [OPERATION] | [STRESS] | BULK_OP | TSLA
2026-08-06 20:07:34 | [Thread 138685434902208] | [ERROR] | [STRESS] | Simulated minor non-fatal log
2026-08-06 20:07:34 | [Thread 138685434902208] | [ERROR] | [STRESS] | Simulated minor non-fatal log
2026-08-06 20:07:34 | [Thread 138685434902208] | [OPERATION] | [STRESS] | BULK_OP | TXN
2026-08-06 20:07:34 | [Thread 138685434902208] | [ERROR] | [STRESS] | Simulated minor non-fatal log
2026-08-06 20:07:34 | [Thread 138685434902208] | [INFO] | [STRESS] | Heartbeat check
2026-08-06 20:07:34 | [Thread 138685426509504] | [ERROR] | [STRESS] | Simulated minor non-fatal log
2026-08-06 20:07:34 | [Thread 138685426509504] | [ERROR] | [STRESS] | Simulated minor non-fatal log
2026-08-06 20:07:34 | [Thread 138685426509504] | [OPERATION] | [STRESS] | BULK_OP | NVDA
2026-08-06 20:07:34 | [Thread 138685392938688] | [OPERATION] | [STRESS] | BULK_OP | AMD
2026-08-06 20:07:34 | [Thread 138685392938688] | [ERROR] | [STRESS] | Simulated minor non-fatal log
2026-08-06 20:07:34 | [Thread 138685392938688] | [ERROR] | [STRESS] | Simulated minor non-fatal log
2026-08-06 20:07:34 | [Thread 138685392938688] | [OPERATION] | [STRESS] | BULK_OP | AAPL
2026-08-06 20:07:34 | [Thread 138685426509504] | [ERROR] | [STRESS] | Simulated minor non-fatal log
2026-08-06 20:07:34 | [Thread 138685426509504] | [ERROR] | [STRESS] | Simulated minor non-fatal log
2026-08-06 20:07:34 | [Thread 138685426509504] | [ERROR] | [STRESS] | Simulated minor non-fatal log
2026-08-06 20:07:34 | [Thread 138685434902208] | [ERROR] | [STRESS] | Simulated minor non-fatal log
2026-08-06 20:07:34 | [Thread 138685434902208] | [INFO] | [STRESS] | Heartbeat check
2026-08-06 20:07:34 | [Thread 138685434902208] | [INFO] | [STRESS] | Heartbeat check
2026-08-06 20:07:34 | [Thread 138685434902208] | [OPERATION] | [STRESS] | BULK_OP | NVDA
2026-08-06 20:07:34 | [Thread 138685434902208] | [OPERATION] | [STRESS] | BULK_OP | ORCL
2026-08-06 20:07:34 | [Thread 138685434902208] | [OPERATION] | [STRESS] | BULK_OP | ORCL
2026-08-06 20:07:34 | [Thread 138685846644416] | [INFO] | [CACHE] | CACHE_SAVED
2026-08-06 20:07:34 | [Thread 138685401331392] | [INFO] | [STRESS] | Heartbeat check
2026-08-06 20:07:34 | [Thread 138685401331392] | [ERROR] | [STRESS] | Simulated minor non-fatal log
2026-08-06 20:07:34 | [Thread 138685401331392] | [OPERATION] | [STRESS] | BULK_OP | AAPL
2026-08-06 20:07:34 | [Thread 138685409724096] | [INFO] | [STRESS] | Heartbeat check
2026-08-06 20:07:34 | [Thread 138685434902208] | [OPERATION] | [STRESS] | BULK_OP | META
2026-08-06 20:07:34 | [Thread 138685434902208] | [OPERATION] | [STRESS] | BULK_OP | INTC
2026-08-06 20:07:34 | [Thread 138685434902208] | [INFO] | [STRESS] | Heartbeat check
2026-08-06 20:07:34 | [Thread 138685434902208] | [ERROR] | [STRESS] | Simulated minor non-fatal log
2026-08-06 20:07:34 | [Thread 138685434902208] | [INFO] | [STRESS] | Heartbeat check
2026-08-06 20:07:34 | [Thread 138685434902208] | [ERROR] | [STRESS] | Simulated minor non-fatal log
2026-08-06 20:07:34 | [Thread 138685434902208] | [INFO] | [STRESS] | Heartbeat check
2026-08-06 20:07:34 | [Thread 138685418116800] | [ERROR] | [STRESS] | Simulated minor non-fatal log
2026-08-06 20:07:34 | [Thread 138685426509504] | [OPERATION] | [STRESS] | BULK_OP | AMD
2026-08-06 20:07:34 | [Thread 138685418116800] | [OPERATION] | [STRESS] | BULK_OP | INTC
2026-08-06 20:07:34 | [Thread 138685392938688] | [INFO] | [STRESS] | Heartbeat check
2026-08-06 20:07:34 | [Thread 138685418116800] | [INFO] | [STRESS] | Heartbeat check
2026-08-06 20:07:34 | [Thread 138685426509504] | [OPERATION] | [STRESS] | BULK_OP | ORCL
2026-08-06 20:07:34 | [Thread 138685443294912] | [OPERATION] | [STRESS] | BULK_OP | AMD
2026-08-06 20:07:34 | [Thread 138685443294912] | [INFO] | [STRESS] | Heartbeat check
2026-08-06 20:07:34 | [Thread 138685426509504] | [ERROR] | [STRESS] | Simulated minor non-fatal log
2026-08-06 20:07:34 | [Thread 138685418116800] | [OPERATION] | [STRESS] | BULK_OP | INTC
2026-08-06 20:07:34 | [Thread 138685392938688] | [INFO] | [STRESS] | Heartbeat check
2026-08-06 20:07:34 | [Thread 138685443294912] | [OPERATION] | [STRESS] | BULK_OP | TSLA
2026-08-06 20:07:34 | [Thread 138685443294912] | [INFO] | [STRESS] | Heartbeat check
2026-08-06 20:07:34 | [Thread 138685443294912] | [OPERATION] | [STRESS] | BULK_OP | INTC
2026-08-06 20:07:34 | [Thread 138685443294912] | [OPERATION] | [STRESS] | BULK_OP | MSFT
2026-08-06 20:07:34 | [Thread 138685409724096] | [OPERATION] | [STRESS] | BULK_OP | IBM
2026-08-06 20:07:34 | [Thread 138685409724096] | [OPERATION] | [STRESS] | BULK_OP | GOOGL
2026-08-06 20:07:34 | [Thread 138685409724096] | [INFO] | [STRESS] | Heartbeat check
2026-08-06 20:07:34 | [Thread 138685409724096] | [OPERATION] | [STRESS] | BULK_OP | INTC
2026-08-06 20:07:34 | [Thread 138685426509504] | [OPERATION] | [STRESS] | BULK_OP | INTC
2026-08-06 20:07:34 | [Thread 138685426509504] | [INFO] | [STRESS] | Heartbeat check
2026-08-06 20:07:34 | [Thread 138685426509504] | [OPERATION] | [STRESS] | BULK_OP | AMD
2026-08-06 20:07:34 | [Thread 138685392938688] | [INFO] | [STRESS] | Heartbeat check
2026-08-06 20:07:34 | [Thread 138685392938688] | [ERROR] | [STRESS] | Simulated minor non-fatal log
2026-08-06 20:07:34 | [Thread 138685846644416] | [INFO] | [CACHE] | CACHE_SAVED
2026-08-06 20:07:34 | [Thread 138685409724096] | [INFO] | [STRESS] | Heartbeat check
2026-08-06 20:07:34 | [Thread 138685409724096] | [ERROR] | [STRESS] | Simulated minor non-fatal log
2026-08-06 20:07:34 | [Thread 138685409724096] | [ERROR] | [STRESS] | Simulated minor non-fatal log
2026-08-06 20:07:34 | [Thread 138685443294912] | [INFO] | [STRESS] | Heartbeat check
2026-08-06 20:07:34 | [Thread 138685401331392] | [ERROR] | [STRESS] | Simulated minor non-fatal log
2026-08-06 20:07:34 | [Thread 138685401331392] | [OPERATION] | [STRESS] | BULK_OP | TXN
2026-08-06 20:07:34 | [Thread 138685401331392] | [OPERATION] | [STRESS] | BULK_OP | TSLA
2026-08-06 20:07:34 | [Thread 138685401331392] | [INFO] | [STRESS] | Heartbeat check
2026-08-06 20:07:34 | [Thread 138685401331392] | [INFO] | [STRESS] | Heartbeat check
2026-08-06 20:07:34 | [Thread 138685401331392] | [INFO] | [STRESS] | Heartbeat check
2026-08-06 20:07:34 | [Thread 138685401331392] | [ERROR] | [STRESS] | Simulated minor non-fatal log
2026-08-06 20:07:34 | [Thread 138685426509504] | [INFO] | [STRESS] | Heartbeat check
2026-08-06 20:07:34 | [Thread 138685434902208] | [ERROR] | [STRESS] | Simulated minor non-fatal log
2026-08-06 20:07:34 | [Thread 138685434902208] | [INFO] | [STRESS] | Heartbeat check
2026-08-06 20:07:34 | [Thread 138685443294912] | [ERROR] | [STRESS] | Simulated minor non-fatal log
2026-08-06 20:07:34 | [Thread 138685443294912] | [OPERATION] | [STRESS] | BULK_OP | ORCL
2026-08-06 20:07:34 | [Thread 138685418116800] | [OPERATION] | [STRESS] | BULK_OP | META
2026-08-06 20:07:34 | [Thread 138685418116800] | [INFO] | [STRESS] | Heartbeat check
2026-08-06 20:07:34 | [Thread 138685409724096] | [ERROR] | [STRESS] | Simulated minor non-fatal log
2026-08-06 20:07:34 | [Thread 138685392938688] | [INFO] | [STRESS] | Heartbeat check
2026-08-06 20:07:34 | [Thread 138685426509504] | [ERROR] | [STRESS] | Simulated minor non-fatal log
2026-08-06 20:07:34 | [Thread 138685426509504] | [OPERATION] | [STRESS] | BULK_OP | AMZN
2026-08-06 20:07:34 | [Thread 138685418116800] | [ERROR] | [STRESS] | Simulated minor non-fatal log
2026-08-06 20:07:34 | [Thread 138685418116800] | [OPERATION] | [STRESS] | BULK_OP | MSFT
2026-08-06 20:07:34 | [Thread 138685418116800] | [OPERATION] | [STRESS] | BULK_OP | QCOM
2026-08-06 20:07:34 | [Thread 138685392938688] | [INFO] | [STRESS] | Heartbeat check
2026-08-06 20:07:34 | [Thread 138685392938688] | [OPERATION] | [STRESS] | BULK_OP | AMD
2026-08-06 20:07:34 | [Thread 138685443294912] | [ERROR] | [STRESS] | Simulated minor non-fatal log
2026-08-06 20:07:34 | [Thread 138685443294912] | [OPERATION] | [STRESS] | BULK_OP | TXN
2026-08-06 20:07:34 | [Thread 138685443294912] | [INFO] | [STRESS] | Heartbeat check
2026-08-06 20:07:34 | [Thread 138685443294912] | [OPERATION] | [STRESS] | BULK_OP | AMD
2026-08-06 20:07:34 | [Thread 138685418116800] | [INFO] | [STRESS] | Heartbeat check
2026-08-06 20:07:34 | [Thread 138685418116800] | [INFO] | [STRESS] | Heartbeat check
2026-08-06 20:07:34 | [Thread 138685409724096] | [ERROR] | [STRESS] | Simulated minor non-fatal log
2026-08-06 20:07:34 | [Thread 138685409724096] | [OPERATION] | [STRESS] | BULK_OP | NFLX
2026-08-06 20:07:34 | [Thread 138685409724096] | [ERROR] | [STRESS] | Simulated minor non-fatal log
2026-08-06 20:07:34 | [Thread 138685409724096] | [OPERATION] | [STRESS] | BULK_OP | NVDA
2026-08-06 20:07:34 | [Thread 138685409724096] | [INFO] | [STRESS] | Heartbeat check
2026-08-06 20:07:34 | [Thread 138685401331392] | [ERROR] | [STRESS] | Simulated minor non-fatal log
2026-08-06 20:07:34 | [Thread 138685401331392] | [OPERATION] | [STRESS] | BULK_OP | ORCL
2026-08-06 20:07:34 | [Thread 138685401331392] | [INFO] | [STRESS] | Heartbeat check
2026-08-06 20:07:34 | [Thread 138685401331392] | [INFO] | [STRESS] | Heartbeat check
2026-08-06 20:07:34 | [Thread 138685401331392] | [OPERATION] | [STRESS] | BULK_OP | INTC
2026-08-06 20:07:34 | [Thread 138685401331392] | [ERROR] | [STRESS] | Simulated minor non-fatal log
2026-08-06 20:07:34 | [Thread 138685401331392] | [OPERATION] | [STRESS] | BULK_OP | AAPL
2026-08-06 20:07:34 | [Thread 138685392938688] | [INFO] | [STRESS] | Heartbeat check
2026-08-06 20:07:34 | [Thread 138685392938688] | [INFO] | [STRESS] | Heartbeat check
2026-08-06 20:07:34 | [Thread 138685392938688] | [INFO] | [STRESS] | Heartbeat check
2026-08-06 20:07:34 | [Thread 138685392938688] | [ERROR] | [STRESS] | Simulated minor non-fatal log
2026-08-06 20:07:34 | [Thread 138685392938688] | [OPERATION] | [STRESS] | BULK_OP | INTC
2026-08-06 20:07:34 | [Thread 138685846644416] | [INFO] | [CACHE] | CACHE_SAVED
2026-08-06 20:07:34 | [Thread 138685434902208] | [INFO] | [STRESS] | Heartbeat check
2026-08-06 20:07:34 | [Thread 138685409724096] | [OPERATION] | [STRESS] | BULK_OP | NFLX
2026-08-06 20:07:34 | [Thread 138685409724096] | [INFO] | [STRESS] | Heartbeat check
2026-08-06 20:07:34 | [Thread 138685434902208] | [ERROR] | [STRESS] | Simulated minor non-fatal log
2026-08-06 20:07:34 | [Thread 138685434902208] | [ERROR] | [STRESS] | Simulated minor non-fatal log
2026-08-06 20:07:34 | [Thread 138685434902208] | [ERROR] | [STRESS] | Simulated minor non-fatal log
2026-08-06 20:07:34 | [Thread 138685434902208] | [ERROR] | [STRESS] | Simulated minor non-fatal log
2026-08-06 20:07:34 | [Thread 138685426509504] | [INFO] | [STRESS] | Heartbeat check
2026-08-06 20:07:34 | [Thread 138685426509504] | [ERROR] | [STRESS] | Simulated minor non-fatal log
2026-08-06 20:07:34 | [Thread 138685434902208] | [OPERATION] | [STRESS] | BULK_OP | TXN
2026-08-06 20:07:34 | [Thread 138685434902208] | [OPERATION] | [STRESS] | BULK_OP | INTC
2026-08-06 20:07:34 | [Thread 138685426509504] | [ERROR] | [STRESS] | Simulated minor non-fatal log
2026-08-06 20:07:34 | [Thread 138685426509504] | [OPERATION] | [STRESS] | BULK_OP | TXN
2026-08-06 20:07:34 | [Thread 138685426509504] | [INFO] | [STRESS] | Heartbeat check
2026-08-06 20:07:34 | [Thread 138685426509504] | [ERROR] | [STRESS] | Simulated minor non-fatal log
2026-08-06 20:07:34 | [Thread 138685426509504] | [OPERATION] | [STRESS] | BULK_OP | IBM
2026-08-06 20:07:34 | [Thread 138685426509504] | [INFO] | [STRESS] | Heartbeat check
2026-08-06 20:07:34 | [Thread 138685426509504] | [ERROR] | [STRESS] | Simulated minor non-fatal log
2026-08-06 20:07:34 | [Thread 138685426509504] | [OPERATION] | [STRESS] | BULK_OP | MSFT
2026-08-06 20:07:34 | [Thread 138685426509504] | [OPERATION] | [STRESS] | BULK_OP | GOOGL
2026-08-06 20:07:34 | [Thread 138685418116800] | [OPERATION] | [STRESS] | BULK_OP | META
2026-08-06 20:07:34 | [Thread 138685434902208] | [ERROR] | [STRESS] | Simulated minor non-fatal log
2026-08-06 20:07:34 | [Thread 138685418116800] | [ERROR] | [STRESS] | Simulated minor non-fatal log
2026-08-06 20:07:34 | [Thread 138685434902208] | [OPERATION] | [STRESS] | BULK_OP | INTC
2026-08-06 20:07:34 | [Thread 138685418116800] | [INFO] | [STRESS] | Heartbeat check
2026-08-06 20:07:34 | [Thread 138685392938688] | [OPERATION] | [STRESS] | BULK_OP | IBM
2026-08-06 20:07:34 | [Thread 138685426509504] | [ERROR] | [STRESS] | Simulated minor non-fatal log
2026-08-06 20:07:34 | [Thread 138685426509504] | [OPERATION] | [STRESS] | BULK_OP | INTC
2026-08-06 20:07:34 | [Thread 138685426509504] | [ERROR] | [STRESS] | Simulated minor non-fatal log
2026-08-06 20:07:34 | [Thread 138685418116800] | [OPERATION] | [STRESS] | BULK_OP | META
2026-08-06 20:07:34 | [Thread 138685426509504] | [OPERATION] | [STRESS] | BULK_OP | QCOM
2026-08-06 20:07:34 | [Thread 138685426509504] | [INFO] | [STRESS] | Heartbeat check
2026-08-06 20:07:34 | [Thread 138685392938688] | [OPERATION] | [STRESS] | BULK_OP | NVDA
2026-08-06 20:07:34 | [Thread 138685443294912] | [ERROR] | [STRESS] | Simulated minor non-fatal log
2026-08-06 20:07:34 | [Thread 138685409724096] | [OPERATION] | [STRESS] | BULK_OP | INTC
2026-08-06 20:07:34 | [Thread 138685409724096] | [INFO] | [STRESS] | Heartbeat check
2026-08-06 20:07:34 | [Thread 138685409724096] | [OPERATION] | [STRESS] | BULK_OP | NVDA
2026-08-06 20:07:34 | [Thread 138685409724096] | [OPERATION] | [STRESS] | BULK_OP | AMD
2026-08-06 20:07:34 | [Thread 138685409724096] | [INFO] | [STRESS] | Heartbeat check
2026-08-06 20:07:34 | [Thread 138685409724096] | [ERROR] | [STRESS] | Simulated minor non-fatal log
2026-08-06 20:07:34 | [Thread 138685426509504] | [ERROR] | [STRESS] | Simulated minor non-fatal log
2026-08-06 20:07:34 | [Thread 138685426509504] | [ERROR] | [STRESS] | Simulated minor non-fatal log
2026-08-06 20:07:34 | [Thread 138685409724096] | [OPERATION] | [STRESS] | BULK_OP | MSFT
2026-08-06 20:07:34 | [Thread 138685443294912] | [ERROR] | [STRESS] | Simulated minor non-fatal log
2026-08-06 20:07:34 | [Thread 138685443294912] | [OPERATION] | [STRESS] | BULK_OP | INTC
2026-08-06 20:07:34 | [Thread 138685443294912] | [INFO] | [STRESS] | Heartbeat check
2026-08-06 20:07:34 | [Thread 138685443294912] | [ERROR] | [STRESS] | Simulated minor non-fatal log
2026-08-06 20:07:34 | [Thread 138685443294912] | [ERROR] | [STRESS] | Simulated minor non-fatal log
2026-08-06 20:07:34 | [Thread 138685443294912] | [INFO] | [STRESS] | Heartbeat check
2026-08-06 20:07:34 | [Thread 138685443294912] | [OPERATION] | [STRESS] | BULK_OP | AAPL
2026-08-06 20:07:34 | [Thread 138685443294912] | [INFO] | [STRESS] | Heartbeat check
2026-08-06 20:07:34 | [Thread 138685443294912] | [ERROR] | [STRESS] | Simulated minor non-fatal log
2026-08-06 20:07:34 | [Thread 138685418116800] | [ERROR] | [STRESS] | Simulated minor non-fatal log
2026-08-06 20:07:34 | [Thread 138685426509504] | [OPERATION] | [STRESS] | BULK_OP | GOOGL
2026-08-06 20:07:34 | [Thread 138685409724096] | [ERROR] | [STRESS] | Simulated minor non-fatal log
2026-08-06 20:07:34 | [Thread 138685409724096] | [ERROR] | [STRESS] | Simulated minor non-fatal log
2026-08-06 20:07:34 | [Thread 138685434902208] | [ERROR] | [STRESS] | Simulated minor non-fatal log
2026-08-06 20:07:34 | [Thread 138685392938688] | [OPERATION] | [STRESS] | BULK_OP | GOOGL
2026-08-06 20:07:34 | [Thread 138685426509504] | [ERROR] | [STRESS] | Simulated minor non-fatal log
2026-08-06 20:07:34 | [Thread 138685434902208] | [INFO] | [STRESS] | Heartbeat check
2026-08-06 20:07:34 | [Thread 138685434902208] | [ERROR] | [STRESS] | Simulated minor non-fatal log
2026-08-06 20:07:34 | [Thread 138685426509504] | [ERROR] | [STRESS] | Simulated minor non-fatal log
2026-08-06 20:07:34 | [Thread 138685409724096] | [OPERATION] | [STRESS] | BULK_OP | CSCO
2026-08-06 20:07:34 | [Thread 138685392938688] | [OPERATION] | [STRESS] | BULK_OP | META
2026-08-06 20:07:34 | [Thread 138685426509504] | [ERROR] | [STRESS] | Simulated minor non-fatal log
2026-08-06 20:07:34 | [Thread 138685443294912] | [OPERATION] | [STRESS] | BULK_OP | TSLA
2026-08-06 20:07:34 | [Thread 138685426509504] | [ERROR] | [STRESS] | Simulated minor non-fatal log
2026-08-06 20:07:34 | [Thread 138685392938688] | [OPERATION] | [STRESS] | BULK_OP | TXN
2026-08-06 20:07:34 | [Thread 138685443294912] | [ERROR] | [STRESS] | Simulated minor non-fatal log
2026-08-06 20:07:34 | [Thread 138685392938688] | [OPERATION] | [STRESS] | BULK_OP | META
2026-08-06 20:07:34 | [Thread 138685392938688] | [ERROR] | [STRESS] | Simulated minor non-fatal log
2026-08-06 20:07:34 | [Thread 138685443294912] | [INFO] | [STRESS] | Heartbeat check
2026-08-06 20:07:34 | [Thread 138685443294912] | [ERROR] | [STRESS] | Simulated minor non-fatal log
2026-08-06 20:07:34 | [Thread 138685443294912] | [OPERATION] | [STRESS] | BULK_OP | AMZN
2026-08-06 20:07:34 | [Thread 138685443294912] | [INFO] | [STRESS] | Heartbeat check
2026-08-06 20:07:34 | [Thread 138685443294912] | [ERROR] | [STRESS] | Simulated minor non-fatal log
2026-08-06 20:07:34 | [Thread 138685443294912] | [ERROR] | [STRESS] | Simulated minor non-fatal log
2026-08-06 20:07:34 | [Thread 138685443294912] | [OPERATION] | [STRESS] | BULK_OP | NFLX
2026-08-06 20:07:34 | [Thread 138685409724096] | [OPERATION] | [STRESS] | BULK_OP | QCOM
2026-08-06 20:07:34 | [Thread 138685409724096] | [ERROR] | [STRESS] | Simulated minor non-fatal log
2026-08-06 20:07:34 | [Thread 138685409724096] | [OPERATION] | [STRESS] | BULK_OP | QCOM
2026-08-06 20:07:34 | [Thread 138685409724096] | [OPERATION] | [STRESS] | BULK_OP | AMZN
2026-08-06 20:07:34 | [Thread 138685409724096] | [INFO] | [STRESS] | Heartbeat check
2026-08-06 20:07:34 | [Thread 138685409724096] | [ERROR] | [STRESS] | Simulated minor non-fatal log
2026-08-06 20:07:34 | [Thread 138685409724096] | [INFO] | [STRESS] | Heartbeat check
2026-08-06 20:07:34 | [Thread 138685409724096] | [INFO] | [STRESS] | Heartbeat check
2026-08-06 20:07:34 | [Thread 138685434902208] | [INFO] | [STRESS] | Heartbeat check
2026-08-06 20:07:34 | [Thread 138685392938688] | [OPERATION] | [STRESS] | BULK_OP | QCOM
2026-08-06 20:07:34 | [Thread 138685434902208] | [INFO] | [STRESS] | Heartbeat check
2026-08-06 20:07:34 | [Thread 138685392938688] | [ERROR] | [STRESS] | Simulated minor non-fatal log
2026-08-06 20:07:34 | [Thread 138685443294912] | [ERROR] | [STRESS] | Simulated minor non-fatal log
2026-08-06 20:07:34 | [Thread 138685418116800] | [INFO] | [STRESS] | Heartbeat check
2026-08-06 20:07:34 | [Thread 138685443294912] | [OPERATION] | [STRESS] | BULK_OP | ORCL
2026-08-06 20:07:34 | [Thread 138685443294912] | [INFO] | [STRESS] | Heartbeat check
2026-08-06 20:07:34 | [Thread 138685418116800] | [ERROR] | [STRESS] | Simulated minor non-fatal log
2026-08-06 20:07:34 | [Thread 138685434902208] | [OPERATION] | [STRESS] | BULK_OP | INTC
2026-08-06 20:07:34 | [Thread 138685418116800] | [INFO] | [STRESS] | Heartbeat check
2026-08-06 20:07:34 | [Thread 138685418116800] | [INFO] | [STRESS] | Heartbeat check
2026-08-06 20:07:34 | [Thread 138685409724096] | [OPERATION] | [STRESS] | BULK_OP | NFLX
2026-08-06 20:07:34 | [Thread 138685409724096] | [ERROR] | [STRESS] | Simulated minor non-fatal log
2026-08-06 20:07:34 | [Thread 138685401331392] | [ERROR] | [STRESS] | Simulated minor non-fatal log
2026-08-06 20:07:34 | [Thread 138685426509504] | [INFO] | [STRESS] | Heartbeat check
2026-08-06 20:07:34 | [Thread 138685401331392] | [OPERATION] | [STRESS] | BULK_OP | NFLX
2026-08-06 20:07:34 | [Thread 138685401331392] | [INFO] | [STRESS] | Heartbeat check
2026-08-06 20:07:34 | [Thread 138685401331392] | [ERROR] | [STRESS] | Simulated minor non-fatal log
2026-08-06 20:07:34 | [Thread 138685409724096] | [INFO] | [STRESS] | Heartbeat check
2026-08-06 20:07:34 | [Thread 138685409724096] | [ERROR] | [STRESS] | Simulated minor non-fatal log
2026-08-06 20:07:34 | [Thread 138685409724096] | [OPERATION] | [STRESS] | BULK_OP | QCOM
2026-08-06 20:07:34 | [Thread 138685409724096] | [INFO] | [STRESS] | Heartbeat check
2026-08-06 20:07:34 | [Thread 138685409724096] | [ERROR] | [STRESS] | Simulated minor non-fatal log
2026-08-06 20:07:34 | [Thread 138685409724096] | [OPERATION] | [STRESS] | BULK_OP | NVDA
2026-08-06 20:07:34 | [Thread 138685418116800] | [ERROR] | [STRESS] | Simulated minor non-fatal log
2026-08-06 20:07:34 | [Thread 138685418116800] | [INFO] | [STRESS] | Heartbeat check
2026-08-06 20:07:34 | [Thread 138685418116800] | [OPERATION] | [STRESS] | BULK_OP | AMD
2026-08-06 20:07:34 | [Thread 138685418116800] | [ERROR] | [STRESS] | Simulated minor non-fatal log
2026-08-06 20:07:34 | [Thread 138685418116800] | [OPERATION] | [STRESS] | BULK_OP | ORCL
2026-08-06 20:07:34 | [Thread 138685418116800] | [INFO] | [STRESS] | Heartbeat check
2026-08-06 20:07:34 | [Thread 138685418116800] | [ERROR] | [STRESS] | Simulated minor non-fatal log
2026-08-06 20:07:34 | [Thread 138685418116800] | [OPERATION] | [STRESS] | BULK_OP | TSLA
2026-08-06 20:07:34 | [Thread 138685418116800] | [INFO] | [STRESS] | Heartbeat check
2026-08-06 20:07:34 | [Thread 138685418116800] | [ERROR] | [STRESS] | Simulated minor non-fatal log
2026-08-06 20:07:34 | [Thread 138685418116800] | [OPERATION] | [STRESS] | BULK_OP | TSLA
2026-08-06 20:07:34 | [Thread 138685418116800] | [INFO] | [STRESS] | Heartbeat check
2026-08-06 20:07:34 | [Thread 138685418116800] | [ERROR] | [STRESS] | Simulated minor non-fatal log
2026-08-06 20:07:34 | [Thread 138685418116800] | [OPERATION] | [STRESS] | BULK_OP | AAPL
2026-08-06 20:07:34 | [Thread 138685418116800] | [INFO] | [STRESS] | Heartbeat check
2026-08-06 20:07:34 | [Thread 138685418116800] | [ERROR] | [STRESS] | Simulated minor non-fatal log
2026-08-06 20:07:34 | [Thread 138685418116800] | [OPERATION] | [STRESS] | BULK_OP | AMD
2026-08-06 20:07:34 | [Thread 138685434902208] | [OPERATION] | [STRESS] | BULK_OP | MSFT
2026-08-06 20:07:34 | [Thread 138685434902208] | [OPERATION] | [STRESS] | BULK_OP | META
2026-08-06 20:07:34 | [Thread 138685434902208] | [OPERATION] | [STRESS] | BULK_OP | CSCO
2026-08-06 20:07:34 | [Thread 138685401331392] | [ERROR] | [STRESS] | Simulated minor non-fatal log
2026-08-06 20:07:34 | [Thread 138685426509504] | [OPERATION] | [STRESS] | BULK_OP | AMD
2026-08-06 20:07:34 | [Thread 138685426509504] | [ERROR] | [STRESS] | Simulated minor non-fatal log
2026-08-06 20:07:34 | [Thread 138685409724096] | [INFO] | [STRESS] | Heartbeat check
2026-08-06 20:07:34 | [Thread 138685409724096] | [OPERATION] | [STRESS] | BULK_OP | GOOGL
2026-08-06 20:07:34 | [Thread 138685426509504] | [INFO] | [STRESS] | Heartbeat check
2026-08-06 20:07:34 | [Thread 138685409724096] | [ERROR] | [STRESS] | Simulated minor non-fatal log
2026-08-06 20:07:34 | [Thread 138685409724096] | [ERROR] | [STRESS] | Simulated minor non-fatal log
2026-08-06 20:07:34 | [Thread 138685409724096] | [ERROR] | [STRESS] | Simulated minor non-fatal log
2026-08-06 20:07:34 | [Thread 138685401331392] | [ERROR] | [STRESS] | Simulated minor non-fatal log
2026-08-06 20:07:34 | [Thread 138685392938688] | [INFO] | [STRESS] | Heartbeat check
2026-08-06 20:07:34 | [Thread 138685401331392] | [OPERATION] | [STRESS] | BULK_OP | TSLA
2026-08-06 20:07:34 | [Thread 138685409724096] | [OPERATION] | [STRESS] | BULK_OP | IBM
2026-08-06 20:07:34 | [Thread 138685401331392] | [INFO] | [STRESS] | Heartbeat check
2026-08-06 20:07:34 | [Thread 138685409724096] | [INFO] | [STRESS] | Heartbeat check
2026-08-06 20:07:34 | [Thread 138685401331392] | [INFO] | [STRESS] | Heartbeat check
2026-08-06 20:07:34 | [Thread 138685409724096] | [OPERATION] | [STRESS] | BULK_OP | GOOGL
2026-08-06 20:07:34 | [Thread 138685409724096] | [INFO] | [STRESS] | Heartbeat check
2026-08-06 20:07:34 | [Thread 138685401331392] | [ERROR] | [STRESS] | Simulated minor non-fatal log
2026-08-06 20:07:34 | [Thread 138685401331392] | [ERROR] | [STRESS] | Simulated minor non-fatal log
2026-08-06 20:07:34 | [Thread 138685409724096] | [ERROR] | [STRESS] | Simulated minor non-fatal log
2026-08-06 20:07:34 | [Thread 138685401331392] | [OPERATION] | [STRESS] | BULK_OP | META
2026-08-06 20:07:34 | [Thread 138685401331392] | [ERROR] | [STRESS] | Simulated minor non-fatal log
2026-08-06 20:07:34 | [Thread 138685392938688] | [OPERATION] | [STRESS] | BULK_OP | AMZN
2026-08-06 20:07:34 | [Thread 138685434902208] | [ERROR] | [STRESS] | Simulated minor non-fatal log
2026-08-06 20:07:34 | [Thread 138685434902208] | [OPERATION] | [STRESS] | BULK_OP | AMD
2026-08-06 20:07:34 | [Thread 138685434902208] | [INFO] | [STRESS] | Heartbeat check
2026-08-06 20:07:34 | [Thread 138685409724096] | [INFO] | [STRESS] | Heartbeat check
2026-08-06 20:07:34 | [Thread 138685434902208] | [ERROR] | [STRESS] | Simulated minor non-fatal log
2026-08-06 20:07:34 | [Thread 138685434902208] | [OPERATION] | [STRESS] | BULK_OP | IBM
2026-08-06 20:07:34 | [Thread 138685434902208] | [INFO] | [STRESS] | Heartbeat check
2026-08-06 20:07:34 | [Thread 138685434902208] | [ERROR] | [STRESS] | Simulated minor non-fatal log
2026-08-06 20:07:34 | [Thread 138685434902208] | [OPERATION] | [STRESS] | BULK_OP | META
2026-08-06 20:07:34 | [Thread 138685434902208] | [OPERATION] | [STRESS] | BULK_OP | ORCL
2026-08-06 20:07:34 | [Thread 138685392938688] | [OPERATION] | [STRESS] | BULK_OP | MSFT
2026-08-06 20:07:34 | [Thread 138685392938688] | [OPERATION] | [STRESS] | BULK_OP | NVDA
2026-08-06 20:07:34 | [Thread 138685392938688] | [INFO] | [STRESS] | Heartbeat check
2026-08-06 20:07:34 | [Thread 138685392938688] | [ERROR] | [STRESS] | Simulated minor non-fatal log
2026-08-06 20:07:34 | [Thread 138685434902208] | [ERROR] | [STRESS] | Simulated minor non-fatal log
2026-08-06 20:07:34 | [Thread 138685434902208] | [OPERATION] | [STRESS] | BULK_OP | TXN
2026-08-06 20:07:34 | [Thread 138685434902208] | [INFO] | [STRESS] | Heartbeat check
2026-08-06 20:07:34 | [Thread 138685434902208] | [ERROR] | [STRESS] | Simulated minor non-fatal log
2026-08-06 20:07:34 | [Thread 138685434902208] | [OPERATION] | [STRESS] | BULK_OP | IBM
2026-08-06 20:07:34 | [Thread 138685434902208] | [INFO] | [STRESS] | Heartbeat check
2026-08-06 20:07:34 | [Thread 138685434902208] | [ERROR] | [STRESS] | Simulated minor non-fatal log
2026-08-06 20:07:34 | [Thread 138685434902208] | [ERROR] | [STRESS] | Simulated minor non-fatal log
2026-08-06 20:07:34 | [Thread 138685846644416] | [INFO] | [CACHE] | CACHE_SAVED
2026-08-06 20:07:34 | [Thread 138685409724096] | [ERROR] | [STRESS] | Simulated minor non-fatal log
2026-08-06 20:07:34 | [Thread 138685409724096] | [INFO] | [STRESS] | Heartbeat check
2026-08-06 20:07:34 | [Thread 138685434902208] | [ERROR] | [STRESS] | Simulated minor non-fatal log
2026-08-06 20:07:34 | [Thread 138685392938688] | [ERROR] | [STRESS] | Simulated minor non-fatal log
2026-08-06 20:07:34 | [Thread 138685392938688] | [ERROR] | [STRESS] | Simulated minor non-fatal log
2026-08-06 20:07:34 | [Thread 138685392938688] | [INFO] | [STRESS] | Heartbeat check
2026-08-06 20:07:34 | [Thread 138685392938688] | [OPERATION] | [STRESS] | BULK_OP | QCOM
2026-08-06 20:07:34 | [Thread 138685392938688] | [INFO] | [STRESS] | Heartbeat check
2026-08-06 20:07:34 | [Thread 138685434902208] | [ERROR] | [STRESS] | Simulated minor non-fatal log
2026-08-06 20:07:34 | [Thread 138685434902208] | [ERROR] | [STRESS] | Simulated minor non-fatal log
2026-08-06 20:07:34 | [Thread 138685409724096] | [OPERATION] | [STRESS] | BULK_OP | AMZN
2026-08-06 20:07:34 | [Thread 138685409724096] | [OPERATION] | [STRESS] | BULK_OP | AAPL
2026-08-06 20:07:34 | [Thread 138685409724096] | [OPERATION] | [STRESS] | BULK_OP | NVDA
2026-08-06 20:07:34 | [Thread 138685409724096] | [OPERATION] | [STRESS] | BULK_OP | AMZN
2026-08-06 20:07:34 | [Thread 138685409724096] | [OPERATION] | [STRESS] | BULK_OP | ORCL
2026-08-06 20:07:34 | [Thread 138685434902208] | [ERROR] | [STRESS] | Simulated minor non-fatal log
2026-08-06 20:07:34 | [Thread 138685434902208] | [OPERATION] | [STRESS] | BULK_OP | CSCO
2026-08-06 20:07:34 | [Thread 138685392938688] | [INFO] | [STRESS] | Heartbeat check
2026-08-06 20:07:34 | [Thread 138685434902208] | [ERROR] | [STRESS] | Simulated minor non-fatal log
2026-08-06 20:07:34 | [Thread 138685846644416] | [INFO] | [CACHE] | CACHE_SAVED
2026-08-06 20:07:34 | [Thread 138685434902208] | [INFO] | [STRESS] | Heartbeat check
2026-08-06 20:07:34 | [Thread 138685392938688] | [INFO] | [STRESS] | Heartbeat check
2026-08-06 20:07:34 | [Thread 138685392938688] | [INFO] | [STRESS] | Heartbeat check
2026-08-06 20:07:34 | [Thread 138685392938688] | [OPERATION] | [STRESS] | BULK_OP | TSLA
2026-08-06 20:07:34 | [Thread 138685392938688] | [INFO] | [STRESS] | Heartbeat check
2026-08-06 20:07:34 | [Thread 138685392938688] | [OPERATION] | [STRESS] | BULK_OP | TXN
2026-08-06 20:07:34 | [Thread 138685392938688] | [OPERATION] | [STRESS] | BULK_OP | CSCO
2026-08-06 20:07:34 | [Thread 138685434902208] | [ERROR] | [STRESS] | Simulated minor non-fatal log
2026-08-06 20:07:34 | [Thread 138685409724096] | [OPERATION] | [STRESS] | BULK_OP | NVDA
2026-08-06 20:07:34 | [Thread 138685409724096] | [INFO] | [STRESS] | Heartbeat check
2026-08-06 20:07:34 | [Thread 138685409724096] | [ERROR] | [STRESS] | Simulated minor non-fatal log
2026-08-06 20:07:34 | [Thread 138685409724096] | [INFO] | [STRESS] | Heartbeat check
2026-08-06 20:07:34 | [Thread 138685434902208] | [OPERATION] | [STRESS] | BULK_OP | TXN
2026-08-06 20:07:34 | [Thread 138685392938688] | [OPERATION] | [STRESS] | BULK_OP | AAPL
2026-08-06 20:07:34 | [Thread 138685846644416] | [INFO] | [CACHE] | CACHE_SAVED
2026-08-06 20:07:34 | [Thread 138685434902208] | [ERROR] | [STRESS] | Simulated minor non-fatal log
2026-08-06 20:07:34 | [Thread 138685434902208] | [OPERATION] | [STRESS] | BULK_OP | AMZN
2026-08-06 20:07:34 | [Thread 138685434902208] | [INFO] | [STRESS] | Heartbeat check
2026-08-06 20:07:34 | [Thread 138685434902208] | [ERROR] | [STRESS] | Simulated minor non-fatal log
2026-08-06 20:07:34 | [Thread 138685434902208] | [OPERATION] | [STRESS] | BULK_OP | AAPL
2026-08-06 20:07:34 | [Thread 138685434902208] | [INFO] | [STRESS] | Heartbeat check
2026-08-06 20:07:34 | [Thread 138685434902208] | [ERROR] | [STRESS] | Simulated minor non-fatal log
2026-08-06 20:07:34 | [Thread 138685434902208] | [OPERATION] | [STRESS] | BULK_OP | CSCO
2026-08-06 20:07:34 | [Thread 138685434902208] | [INFO] | [STRESS] | Heartbeat check
2026-08-06 20:07:34 | [Thread 138685434902208] | [INFO] | [STRESS] | Heartbeat check
2026-08-06 20:07:34 | [Thread 138685434902208] | [INFO] | [STRESS] | Heartbeat check
2026-08-06 20:07:34 | [Thread 138685434902208] | [ERROR] | [STRESS] | Simulated minor non-fatal log
2026-08-06 20:07:34 | [Thread 138685434902208] | [INFO] | [STRESS] | Heartbeat check
2026-08-06 20:07:34 | [Thread 138685409724096] | [ERROR] | [STRESS] | Simulated minor non-fatal log
2026-08-06 20:07:34 | [Thread 138685409724096] | [OPERATION] | [STRESS] | BULK_OP | AMD
2026-08-06 20:07:34 | [Thread 138685409724096] | [INFO] | [STRESS] | Heartbeat check
2026-08-06 20:07:34 | [Thread 138685409724096] | [ERROR] | [STRESS] | Simulated minor non-fatal log
2026-08-06 20:07:34 | [Thread 138685409724096] | [OPERATION] | [STRESS] | BULK_OP | IBM
2026-08-06 20:07:34 | [Thread 138685409724096] | [INFO] | [STRESS] | Heartbeat check
2026-08-06 20:07:34 | [Thread 138685409724096] | [ERROR] | [STRESS] | Simulated minor non-fatal log
2026-08-06 20:07:34 | [Thread 138685409724096] | [OPERATION] | [STRESS] | BULK_OP | TXN
2026-08-06 20:07:34 | [Thread 138685409724096] | [INFO] | [STRESS] | Heartbeat check
2026-08-06 20:07:34 | [Thread 138685409724096] | [ERROR] | [STRESS] | Simulated minor non-fatal log
2026-08-06 20:07:34 | [Thread 138685409724096] | [OPERATION] | [STRESS] | BULK_OP | NVDA
2026-08-06 20:07:34 | [Thread 138685409724096] | [INFO] | [STRESS] | Heartbeat check
2026-08-06 20:07:34 | [Thread 138685409724096] | [ERROR] | [STRESS] | Simulated minor non-fatal log
2026-08-06 20:07:34 | [Thread 138685409724096] | [OPERATION] | [STRESS] | BULK_OP | ORCL
2026-08-06 20:07:34 | [Thread 138685409724096] | [INFO] | [STRESS] | Heartbeat check
2026-08-06 20:07:34 | [Thread 138685409724096] | [ERROR] | [STRESS] | Simulated minor non-fatal log
2026-08-06 20:07:34 | [Thread 138685409724096] | [OPERATION] | [STRESS] | BULK_OP | MSFT
2026-08-06 20:07:34 | [Thread 138685846644416] | [INFO] | [CACHE] | CACHE_SAVED
2026-08-06 20:07:34 | [Thread 138685846644416] | [INFO] | [CACHE] | CACHE_SAVED
2026-08-06 20:07:34 | [Thread 138685846644416] | [INFO] | [CACHE] | CACHE_SAVED
2026-08-06 20:07:34 | [Thread 138685846644416] | [INFO] | [CACHE] | CACHE_SAVED
2026-08-06 20:07:34 | [Thread 138685846644416] | [INFO] | [CACHE] | CACHE_SAVED
2026-08-06 20:07:34 | [Thread 138685846644416] | [INFO] | [CACHE] | CACHE_SAVED
2026-08-06 20:07:34 | [Thread 138685846644416] | [INFO] | [CACHE] | CACHE_SAVED
2026-08-06 20:07:34 | [Thread 138685846644416] | [INFO] | [CACHE] | CACHE_SAVED
2026-08-06 20:07:34 | [Thread 138685846644416] | [INFO] | [CACHE] | CACHE_SAVED
2026-08-06 20:07:34 | [Thread 138685846644416] | [INFO] | [CACHE] | CACHE_SAVED
2026-08-06 20:07:34 | [Thread 138685846644416] | [INFO] | [CACHE] | CACHE_SAVED
2026-08-06 20:07:34 | [Thread 138685846644416] | [INFO] | [CACHE] | CACHE_SAVED
2026-08-06 20:07:34 | [Thread 138685846644416] | [INFO] | [CACHE] | CACHE_SAVED
2026-08-06 20:07:34 | [Thread 138685846644416] | [INFO] | [CACHE] | CACHE_SAVED
2026-08-06 20:07:34 | [Thread 138685846644416] | [INFO] | [CACHE] | CACHE_SAVED
2026-08-06 20:07:34 | [Thread 138685846644416] | [INFO] | [CACHE] | CACHE_SAVED
2026-08-06 20:07:34 | [Thread 138685846644416] | [INFO] | [CACHE] | CACHE_SAVED
2026-08-06 20:07:34 | [Thread 138685846644416] | [INFO] | [CACHE] | CACHE_SAVED
2026-08-06 20:07:34 | [Thread 138685846644416] | [INFO] | [CACHE] | CACHE_SAVED
2026-08-06 20:07:34 | [Thread 138685846644416] | [INFO] | [CACHE] | CACHE_SAVED
2026-08-06 20:07:34 | [Thread 138685846644416] | [INFO] | [CACHE] | CACHE_SAVED
2026-08-06 20:07:34 | [Thread 138685846644416] | [INFO] | [CACHE] | CACHE_SAVED
2026-08-06 20:07:34 | [Thread 138685846644416] | [INFO] | [CACHE] | CACHE_SAVED
2026-08-06 20:07:34 | [Thread 138685846644416] | [INFO] | [CACHE] | CACHE_SAVED
2026-08-06 20:07:34 | [Thread 138685846644416] | [INFO] | [CACHE] | CACHE_SAVED
2026-08-06 20:07:34 | [Thread 138685846644416] | [INFO] | [CACHE] | CACHE_SAVED
2026-08-06 20:07:34 | [Thread 138685846644416] | [INFO] | [CACHE] | CACHE_SAVED
2026-08-06 20:07:34 | [Thread 138685846644416] | [INFO] | [CACHE] | CACHE_SAVED
2026-08-06 20:07:34 | [Thread 138685846644416] | [INFO] | [CACHE] | CACHE_SAVED
2026-08-06 20:07:34 | [Thread 138685846644416] | [INFO] | [CACHE] | CACHE_SAVED
2026-08-06 20:07:34 | [Thread 138685846644416] | [INFO] | [CACHE] | CACHE_SAVED
2026-08-06 20:07:34 | [Thread 138685846644416] | [INFO] | [CACHE] | CACHE_SAVED
2026-08-06 20:07:34 | [Thread 138685846644416] | [INFO] | [CACHE] | CACHE_SAVED
2026-08-06 20:07:34 | [Thread 138685846644416] | [INFO] | [CACHE] | CACHE_SAVED
2026-08-06 20:07:34 | [Thread 138685846644416] | [INFO] | [CACHE] | CACHE_SAVED
2026-08-06 20:07:34 | [Thread 138685846644416] | [INFO] | [CACHE] | CACHE_SAVED
2026-08-06 20:07:34 | [Thread 138685846644416] | [INFO] | [CACHE] | CACHE_SAVED
2026-08-06 20:07:34 | [Thread 138685846644416] | [INFO] | [CACHE] | CACHE_SAVED
2026-08-06 20:07:34 | [Thread 138685846644416] | [INFO] | [CACHE] | CACHE_SAVED
2026-08-06 20:07:34 | [Thread 138685846644416] | [INFO] | [CACHE] | CACHE_SAVED
2026-08-06 20:07:34 | [Thread 138685846644416] | [INFO] | [CACHE] | CACHE_SAVED
2026-08-06 20:07:34 | [Thread 138685846644416] | [INFO] | [CACHE] | CACHE_SAVED
2026-08-06 20:07:34 | [Thread 138685846644416] | [INFO] | [CACHE] | CACHE_SAVED
2026-08-06 20:07:34 | [Thread 138685846644416] | [INFO] | [CACHE] | CACHE_SAVED
2026-08-06 20:07:34 | [Thread 138685846644416] | [INFO] | [CACHE] | CACHE_SAVED
2026-08-06 20:07:34 | [Thread 138685846644416] | [INFO] | [CACHE] | CACHE_SAVED
2026-08-06 20:07:34 | [Thread 138685846644416] | [INFO] | [CACHE] | CACHE_SAVED
2026-08-06 20:07:34 | [Thread 138685846644416] | [INFO] | [CACHE] | CACHE_SAVED
2026-08-06 20:07:34 | [Thread 138685846644416] | [INFO] | [CACHE] | CACHE_SAVED
2026-08-06 20:07:34 | [Thread 138685846644416] | [INFO] | [CACHE] | CACHE_SAVED
2026-08-06 20:07:34 | [Thread 138685846644416] | [INFO] | [CACHE] | CACHE_SAVED
2026-08-06 20:07:34 | [Thread 138685846644416] | [INFO] | [CACHE] | CACHE_SAVED
2026-08-06 20:07:34 | [Thread 138685846644416] | [INFO] | [CACHE] | CACHE_SAVED
2026-08-06 20:07:34 | [Thread 138685846644416] | [INFO] | [CACHE] | CACHE_SAVED
2026-08-06 20:07:34 | [Thread 138685846644416] | [INFO] | [CACHE] | CACHE_SAVED
2026-08-06 20:07:34 | [Thread 138685846644416] | [INFO] | [CACHE] | CACHE_SAVED
2026-08-06 20:07:34 | [Thread 138685846644416] | [INFO] | [CACHE] | CACHE_SAVED
2026-08-06 20:07:34 | [Thread 138685846644416] | [INFO] | [CACHE] | CACHE_SAVED
2026-08-06 20:07:34 | [Thread 138685846644416] | [INFO] | [CACHE] | CACHE_SAVED
2026-08-06 20:07:34 | [Thread 138685846644416] | [INFO] | [CACHE] | CACHE_SAVED
2026-08-06 20:07:34 | [Thread 138685846644416] | [INFO] | [CACHE] | CACHE_SAVED
2026-08-06 20:07:34 | [Thread 138685846644416] | [INFO] | [CACHE] | CACHE_SAVED
2026-08-06 20:07:34 | [Thread 138685846644416] | [INFO] | [CACHE] | CACHE_SAVED
2026-08-06 20:07:34 | [Thread 138685846644416] | [INFO] | [CACHE] | CACHE_SAVED
2026-08-06 20:07:34 | [Thread 138685846644416] | [INFO] | [CACHE] | CACHE_SAVED
2026-08-06 20:07:34 | [Thread 138685846644416] | [INFO] | [CACHE] | CACHE_SAVED
2026-08-06 20:07:34 | [Thread 138685846644416] | [INFO] | [CACHE] | CACHE_SAVED
2026-08-06 20:07:34 | [Thread 138685846644416] | [INFO] | [CACHE] | CACHE_SAVED
2026-08-06 20:07:34 | [Thread 138685846644416] | [INFO] | [CACHE] | CACHE_SAVED
2026-08-06 20:07:34 | [Thread 138685846644416] | [INFO] | [CACHE] | CACHE_SAVED
2026-08-06 20:07:34 | [Thread 138685846644416] | [INFO] | [CACHE] | CACHE_SAVED
2026-08-06 20:07:34 | [Thread 138685846644416] | [INFO] | [CACHE] | CACHE_SAVED
2026-08-06 20:07:34 | [Thread 138685846644416] | [INFO] | [CACHE] | CACHE_SAVED
2026-08-06 20:07:34 | [Thread 138685846644416] | [INFO] | [CACHE] | CACHE_SAVED
2026-08-06 20:07:34 | [Thread 138685846644416] | [INFO] | [CACHE] | CACHE_SAVED
2026-08-06 20:07:34 | [Thread 138685846644416] | [INFO] | [CACHE] | CACHE_SAVED
2026-08-06 20:07:34 | [Thread 138685846644416] | [INFO] | [CACHE] | CACHE_SAVED
2026-08-06 20:07:34 | [Thread 138685846644416] | [INFO] | [CACHE] | CACHE_SAVED
2026-08-06 20:07:34 | [Thread 138685846644416] | [INFO] | [CACHE] | CACHE_SAVED
2026-08-06 20:07:34 | [Thread 138685846644416] | [INFO] | [CACHE] | CACHE_SAVED
2026-08-06 20:07:34 | [Thread 138685846644416] | [INFO] | [CACHE] | CACHE_SAVED
2026-08-06 20:07:34 | [Thread 138685846644416] | [INFO] | [CACHE] | CACHE_SAVED
2026-08-06 20:07:34 | [Thread 138685846644416] | [INFO] | [CACHE] | CACHE_SAVED
2026-08-06 20:07:34 | [Thread 138685846644416] | [INFO] | [CACHE] | CACHE_SAVED
2026-08-06 20:07:34 | [Thread 138685846644416] | [INFO] | [CACHE] | CACHE_SAVED
2026-08-06 20:07:34 | [Thread 138685846644416] | [INFO] | [CACHE] | CACHE_SAVED
2026-08-06 20:07:34 | [Thread 138685846644416] | [INFO] | [CACHE] | CACHE_SAVED
2026-08-06 20:07:34 | [Thread 138685846644416] | [INFO] | [CACHE] | CACHE_SAVED
2026-08-06 20:07:34 | [Thread 138685846644416] | [INFO] | [CACHE] | CACHE_SAVED
2026-08-06 20:07:34 | [Thread 138685846644416] | [INFO] | [CACHE] | CACHE_SAVED
2026-08-06 20:07:34 | [Thread 138685846644416] | [INFO] | [CACHE] | CACHE_SAVED
2026-08-06 20:07:34 | [Thread 138685846644416] | [INFO] | [CACHE] | CACHE_SAVED
2026-08-06 20:07:34 | [Thread 138685846644416] | [INFO] | [CACHE] | CACHE_SAVED
2026-08-06 20:07:34 | [Thread 138685846644416] | [INFO] | [CACHE] | CACHE_SAVED
2026-08-06 20:07:34 | [Thread 138685846644416] | [INFO] | [CACHE] | CACHE_SAVED
2026-08-06 20:07:34 | [Thread 138685846644416] | [INFO] | [CACHE] | CACHE_SAVED
2026-08-06 20:07:34 | [Thread 138685846644416] | [INFO] | [CACHE] | CACHE_SAVED
2026-08-06 20:07:34 | [Thread 138685846644416] | [INFO] | [CACHE] | CACHE_SAVED
2026-08-06 20:07:34 | [Thread 138685846644416] | [INFO] | [CACHE] | CACHE_SAVED
2026-08-06 20:07:34 | [Thread 138685846644416] | [INFO] | [CACHE] | CACHE_SAVED
2026-08-06 20:07:34 | [Thread 138685846644416] | [INFO] | [CACHE] | CACHE_SAVED
2026-08-06 20:07:34 | [Thread 138685846644416] | [INFO] | [CACHE] | CACHE_SAVED
2026-08-06 20:07:34 | [Thread 138685846644416] | [INFO] | [CACHE] | CACHE_SAVED
2026-08-06 20:07:34 | [Thread 138685846644416] | [INFO] | [CACHE] | CACHE_SAVED
2026-08-06 20:07:34 | [Thread 138685846644416] | [INFO] | [CACHE] | CACHE_SAVED
2026-08-06 20:07:34 | [Thread 138685846644416] | [INFO] | [CACHE] | CACHE_SAVED
2026-08-06 20:07:34 | [Thread 138685846644416] | [INFO] | [CACHE] | CACHE_SAVED
2026-08-06 20:07:34 | [Thread 138685846644416] | [INFO] | [CACHE] | CACHE_SAVED
2026-08-06 20:07:34 | [Thread 138685846644416] | [INFO] | [CACHE] | CACHE_SAVED
2026-08-06 20:07:34 | [Thread 138685846644416] | [INFO] | [CACHE] | CACHE_SAVED
2026-08-06 20:07:34 | [Thread 138685846644416] | [INFO] | [CACHE] | CACHE_SAVED
2026-08-06 20:07:34 | [Thread 138685846644416] | [INFO] | [CACHE] | CACHE_SAVED
2026-08-06 20:07:34 | [Thread 138685846644416] | [INFO] | [CACHE] | CACHE_SAVED
2026-08-06 20:07:34 | [Thread 138685846644416] | [INFO] | [CACHE] | CACHE_SAVED
2026-08-06 20:07:34 | [Thread 138685846644416] | [INFO] | [CACHE] | CACHE_SAVED
2026-08-06 20:07:34 | [Thread 138685846644416] | [INFO] | [CACHE] | CACHE_SAVED
2026-08-06 20:07:34 | [Thread 138685846644416] | [INFO] | [CACHE] | CACHE_SAVED
2026-08-06 20:07:34 | [Thread 138685846644416] | [INFO] | [CACHE] | CACHE_SAVED
2026-08-06 20:07:34 | [Thread 138685846644416] | [INFO] | [CACHE] | CACHE_SAVED
2026-08-06 20:07:34 | [Thread 138685846644416] | [INFO] | [CACHE] | CACHE_SAVED
2026-08-06 20:07:34 | [Thread 138685846644416] | [INFO] | [CACHE] | CACHE_SAVED
2026-08-06 20:07:34 | [Thread 138685846644416] | [INFO] | [CACHE] | CACHE_SAVED
2026-08-06 20:07:34 | [Thread 138685846644416] | [INFO] | [CACHE] | CACHE_SAVED
2026-08-06 20:07:34 | [Thread 138685846644416] | [INFO] | [CACHE] | CACHE_SAVED
2026-08-06 20:07:34 | [Thread 138685846644416] | [INFO] | [CACHE] | CACHE_SAVED
2026-08-06 20:07:34 | [Thread 138685846644416] | [INFO] | [CACHE] | CACHE_SAVED
2026-08-06 20:07:34 | [Thread 138685846644416] | [INFO] | [CACHE] | CACHE_SAVED
2026-08-06 20:07:34 | [Thread 138685846644416] | [INFO] | [CACHE] | CACHE_SAVED
2026-08-06 20:07:34 | [Thread 138685846644416] | [INFO] | [CACHE] | CACHE_SAVED
2026-08-06 20:07:34 | [Thread 138685846644416] | [INFO] | [CACHE] | CACHE_SAVED
2026-08-06 20:07:34 | [Thread 138685846644416] | [INFO] | [CACHE] | CACHE_SAVED
2026-08-06 20:07:34 | [Thread 138685846644416] | [INFO] | [CACHE] | CACHE_SAVED
2026-08-06 20:07:34 | [Thread 138685846644416] | [INFO] | [CACHE] | CACHE_SAVED
2026-08-06 20:07:34 | [Thread 138685846644416] | [INFO] | [CACHE] | CACHE_SAVED
2026-08-06 20:07:34 | [Thread 138685846644416] | [INFO] | [CACHE] | CACHE_SAVED
2026-08-06 20:07:34 | [Thread 138685846644416] | [INFO] | [CACHE] | CACHE_SAVED
2026-08-06 20:07:34 | [Thread 138685846644416] | [INFO] | [CACHE] | CACHE_SAVED
2026-08-06 20:07:34 | [Thread 138685846644416] | [INFO] | [CACHE] | CACHE_SAVED
2026-08-06 20:07:34 | [Thread 138685846644416] | [INFO] | [CACHE] | CACHE_SAVED
2026-08-06 20:07:34 | [Thread 138685846644416] | [INFO] | [CACHE] | CACHE_SAVED
2026-08-06 20:07:34 | [Thread 138685846644416] | [INFO] | [CACHE] | CACHE_SAVED
2026-08-06 20:07:34 | [Thread 138685846644416] | [INFO] | [CACHE] | CACHE_SAVED
2026-08-06 20:07:34 | [Thread 138685846644416] | [INFO] | [CACHE] | CACHE_SAVED
2026-08-06 20:07:34 | [Thread 138685846644416] | [INFO] | [CACHE] | CACHE_SAVED
2026-08-06 20:07:34 | [Thread 138685846644416] | [INFO] | [CACHE] | CACHE_SAVED
2026-08-06 20:07:34 | [Thread 138685846644416] | [INFO] | [CACHE] | CACHE_SAVED
2026-08-06 20:07:34 | [Thread 138685846644416] | [INFO] | [CACHE] | CACHE_SAVED
2026-08-06 20:07:34 | [Thread 138685846644416] | [INFO] | [CACHE] | CACHE_SAVED
2026-08-06 20:07:34 | [Thread 138685846644416] | [INFO] | [CACHE] | CACHE_SAVED
2026-08-06 20:07:34 | [Thread 138685846644416] | [INFO] | [CACHE] | CACHE_SAVED
2026-08-06 20:07:34 | [Thread 138685846644416] | [INFO] | [CACHE] | CACHE_SAVED
2026-08-06 20:07:34 | [Thread 138685846644416] | [INFO] | [CACHE] | CACHE_SAVED
2026-08-06 20:07:34 | [Thread 138685846644416] | [INFO] | [CACHE] | CACHE_SAVED
2026-08-06 20:07:34 | [Thread 138685846644416] | [INFO] | [CACHE] | CACHE_SAVED
2026-08-06 20:07:34 | [Thread 138685846644416] | [INFO] | [CACHE] | CACHE_SAVED
2026-08-06 20:07:34 | [Thread 138685846644416] | [INFO] | [CACHE] | CACHE_SAVED
2026-08-06 20:07:34 | [Thread 138685846644416] | [INFO] | [CACHE] | CACHE_SAVED
2026-08-06 20:07:34 | [Thread 138685846644416] | [INFO] | [CACHE] | CACHE_SAVED
2026-08-06 20:07:34 | [Thread 138685846644416] | [INFO] | [CACHE] | CACHE_SAVED
2026-08-06 20:07:34 | [Thread 138685846644416] | [INFO] | [CACHE] | CACHE_SAVED
2026-08-06 20:07:34 | [Thread 138685846644416] | [INFO] | [CACHE] | CACHE_SAVED
2026-08-06 20:07:34 | [Thread 138685846644416] | [INFO] | [CACHE] | CACHE_SAVED
2026-08-06 20:07:34 | [Thread 138685846644416] | [INFO] | [CACHE] | CACHE_SAVED
2026-08-06 20:07:34 | [Thread 138685846644416] | [INFO] | [CACHE] | CACHE_SAVED
2026-08-06 20:07:34 | [Thread 138685846644416] | [INFO] | [CACHE] | CACHE_SAVED
2026-08-06 20:07:34 | [Thread 138685846644416] | [INFO] | [CACHE] | CACHE_SAVED
2026-08-06 20:07:34 | [Thread 138685846644416] | [INFO] | [CACHE] | CACHE_SAVED
2026-08-06 20:07:34 | [Thread 138685846644416] | [INFO] | [CACHE] | CACHE_SAVED
2026-08-06 20:07:34 | [Thread 138685846644416] | [INFO] | [CACHE] | CACHE_SAVED
2026-08-06 20:07:34 | [Thread 138685846644416] | [INFO] | [CACHE] | CACHE_SAVED
2026-08-06 20:07:34 | [Thread 138685846644416] | [INFO] | [CACHE] | CACHE_SAVED
2026-08-06 20:07:34 | [Thread 138685846644416] | [INFO] | [CACHE] | CACHE_SAVED
2026-08-06 20:07:34 | [Thread 138685846644416] | [INFO] | [CACHE] | CACHE_SAVED
2026-08-06 20:07:34 | [Thread 138685846644416] | [INFO] | [CACHE] | CACHE_SAVED
2026-08-06 20:07:34 | [Thread 138685846644416] | [INFO] | [CACHE] | CACHE_SAVED
2026-08-06 20:07:34 | [Thread 138685846644416] | [INFO] | [CACHE] | CACHE_SAVED
2026-08-06 20:07:34 | [Thread 138685846644416] | [INFO] | [CACHE] | CACHE_SAVED
2026-08-06 20:07:34 | [Thread 138685846644416] | [INFO] | [CACHE] | CACHE_SAVED
2026-08-06 20:07:34 | [Thread 138685846644416] | [INFO] | [CACHE] | CACHE_SAVED
2026-08-06 20:07:34 | [Thread 138685846644416] | [INFO] | [CACHE] | CACHE_SAVED
2026-08-06 20:07:34 | [Thread 138685846644416] | [INFO] | [CACHE] | CACHE_SAVED
2026-08-06 20:07:34 | [Thread 138685846644416] | [INFO] | [CACHE] | CACHE_SAVED
2026-08-06 20:07:34 | [Thread 138685846644416] | [INFO] | [CACHE] | CACHE_SAVED
2026-08-06 20:07:34 | [Thread 138685846644416] | [INFO] | [CACHE] | CACHE_SAVED
2026-08-06 20:07:34 | [Thread 138685846644416] | [INFO] | [CACHE] | CACHE_SAVED
2026-08-06 20:07:34 | [Thread 138685846644416] | [INFO] | [CACHE] | CACHE_SAVED
2026-08-06 20:07:34 | [Thread 138685846644416] | [INFO] | [CACHE] | CACHE_SAVED
2026-08-06 20:07:34 | [Thread 138685846644416] | [INFO] | [CACHE] | CACHE_SAVED
2026-08-06 20:07:34 | [Thread 138685846644416] | [INFO] | [CACHE] | CACHE_SAVED
2026-08-06 20:07:34 | [Thread 138685846644416] | [INFO] | [CACHE] | CACHE_SAVED
2026-08-06 20:07:34 | [Thread 138685846644416] | [INFO] | [CACHE] | CACHE_SAVED
2026-08-06 20:07:34 | [Thread 138685846644416] | [INFO] | [CACHE] | CACHE_SAVED
2026-08-06 20:07:34 | [Thread 138685846644416] | [INFO] | [CACHE] | CACHE_SAVED
2026-08-06 20:07:34 | [Thread 138685846644416] | [INFO] | [CACHE] | CACHE_SAVED
2026-08-06 20:07:34 | [Thread 138685846644416] | [INFO] | [CACHE] | CACHE_SAVED
2026-08-06 20:07:34 | [Thread 138685846644416] | [INFO] | [CACHE] | CACHE_SAVED
2026-08-06 20:07:34 | [Thread 138685846644416] | [INFO] | [CACHE] | CACHE_SAVED
2026-08-06 20:07:34 | [Thread 138685846644416] | [INFO] | [CACHE] | CACHE_SAVED
2026-08-06 20:07:34 | [Thread 138685846644416] | [INFO] | [CACHE] | CACHE_SAVED
2026-08-06 20:07:34 | [Thread 138685846644416] | [INFO] | [CACHE] | CACHE_SAVED
2026-08-06 20:07:34 | [Thread 138685846644416] | [INFO] | [CACHE] | CACHE_SAVED
2026-08-06 20:07:34 | [Thread 138685846644416] | [INFO] | [CACHE] | CACHE_SAVED
2026-08-06 20:07:34 | [Thread 138685846644416] | [INFO] | [CACHE] | CACHE_SAVED
2026-08-06 20:07:34 | [Thread 138685846644416] | [INFO] | [CACHE] | CACHE_SAVED
2026-08-06 20:07:34 | [Thread 138685846644416] | [INFO] | [CACHE] | CACHE_SAVED
2026-08-06 20:07:34 | [Thread 138685846644416] | [INFO] | [CACHE] | CACHE_SAVED
2026-08-06 20:07:34 | [Thread 138685846644416] | [INFO] | [CACHE] | CACHE_SAVED
2026-08-06 20:07:34 | [Thread 138685846644416] | [INFO] | [CACHE] | CACHE_SAVED
2026-08-06 20:07:34 | [Thread 138685846644416] | [INFO] | [CACHE] | CACHE_SAVED
2026-08-06 20:07:34 | [Thread 138685846644416] | [INFO] | [CACHE] | CACHE_SAVED
2026-08-06 20:07:34 | [Thread 138685846644416] | [INFO] | [CACHE] | CACHE_SAVED
2026-08-06 20:07:34 | [Thread 138685846644416] | [INFO] | [CACHE] | CACHE_SAVED
2026-08-06 20:07:34 | [Thread 138685846644416] | [INFO] | [CACHE] | CACHE_SAVED
2026-08-06 20:07:34 | [Thread 138685846644416] | [INFO] | [CACHE] | CACHE_SAVED
2026-08-06 20:07:34 | [Thread 138685846644416] | [INFO] | [CACHE] | CACHE_SAVED
2026-08-06 20:07:34 | [Thread 138685846644416] | [INFO] | [CACHE] | CACHE_SAVED
2026-08-06 20:07:34 | [Thread 138685846644416] | [INFO] | [CACHE] | CACHE_SAVED
2026-08-06 20:07:34 | [Thread 138685846644416] | [INFO] | [CACHE] | CACHE_SAVED
2026-08-06 20:07:34 | [Thread 138685846644416] | [INFO] | [CACHE] | CACHE_SAVED
2026-08-06 20:07:34 | [Thread 138685846644416] | [INFO] | [CACHE] | CACHE_SAVED
2026-08-06 20:07:34 | [Thread 138685846644416] | [INFO] | [CACHE] | CACHE_SAVED
2026-08-06 20:07:34 | [Thread 138685846644416] | [INFO] | [CACHE] | CACHE_SAVED
2026-08-06 20:07:34 | [Thread 138685846644416] | [INFO] | [CACHE] | CACHE_SAVED
2026-08-06 20:07:34 | [Thread 138685846644416] | [INFO] | [CACHE] | CACHE_SAVED
2026-08-06 20:07:34 | [Thread 138685846644416] | [INFO] | [CACHE] | CACHE_SAVED
2026-08-06 20:07:34 | [Thread 138685846644416] | [INFO] | [CACHE] | CACHE_SAVED
2026-08-06 20:07:34 | [Thread 138685846644416] | [INFO] | [CACHE] | CACHE_SAVED
2026-08-06 20:07:34 | [Thread 138685846644416] | [INFO] | [CACHE] | CACHE_SAVED
2026-08-06 20:07:34 | [Thread 138685846644416] | [INFO] | [CACHE] | CACHE_SAVED
2026-08-06 20:07:34 | [Thread 138685846644416] | [INFO] | [CACHE] | CACHE_SAVED
2026-08-06 20:07:34 | [Thread 138685846644416] | [INFO] | [CACHE] | CACHE_SAVED
2026-08-06 20:07:34 | [Thread 138685846644416] | [INFO] | [CACHE] | CACHE_SAVED
2026-08-06 20:07:34 | [Thread 138685846644416] | [INFO] | [CACHE] | CACHE_SAVED
2026-08-06 20:07:34 | [Thread 138685846644416] | [INFO] | [CACHE] | CACHE_SAVED
2026-08-06 20:07:34 | [Thread 138685846644416] | [INFO] | [CACHE] | CACHE_SAVED
2026-08-06 20:07:34 | [Thread 138685846644416] | [INFO] | [CACHE] | CACHE_SAVED
2026-08-06 20:07:34 | [Thread 138685846644416] | [INFO] | [CACHE] | CACHE_SAVED
2026-08-06 20:07:34 | [Thread 138685846644416] | [INFO] | [CACHE] | CACHE_SAVED
2026-08-06 20:07:34 | [Thread 138685846644416] | [INFO] | [CACHE] | CACHE_SAVED
2026-08-06 20:07:34 | [Thread 138685846644416] | [INFO] | [CACHE] | CACHE_SAVED
2026-08-06 20:07:34 | [Thread 138685846644416] | [INFO] | [CACHE] | CACHE_SAVED
2026-08-06 20:07:34 | [Thread 138685846644416] | [INFO] | [CACHE] | CACHE_SAVED
2026-08-06 20:07:34 | [Thread 138685846644416] | [INFO] | [CACHE] | CACHE_SAVED
2026-08-06 20:07:34 | [Thread 138685846644416] | [INFO] | [CACHE] | CACHE_SAVED
2026-08-06 20:07:34 | [Thread 138685846644416] | [INFO] | [CACHE] | CACHE_SAVED
2026-08-06 20:07:34 | [Thread 138685846644416] | [INFO] | [CACHE] | CACHE_SAVED
2026-08-06 20:07:34 | [Thread 138685846644416] | [INFO] | [CACHE] | CACHE_SAVED
2026-08-06 20:07:34 | [Thread 138685846644416] | [INFO] | [CACHE] | CACHE_SAVED
2026-08-06 20:07:34 | [Thread 138685846644416] | [INFO] | [CACHE] | CACHE_SAVED
2026-08-06 20:07:34 | [Thread 138685846644416] | [INFO] | [CACHE] | CACHE_SAVED
2026-08-06 20:07:34 | [Thread 138685846644416] | [INFO] | [CACHE] | CACHE_SAVED
2026-08-06 20:07:34 | [Thread 138685846644416] | [INFO] | [CACHE] | CACHE_SAVED
2026-08-06 20:07:34 | [Thread 138685846644416] | [INFO] | [CACHE] | CACHE_SAVED
2026-08-06 20:07:34 | [Thread 138685846644416] | [INFO] | [CACHE] | CACHE_SAVED
2026-08-06 20:07:34 | [Thread 138685846644416] | [INFO] | [CACHE] | CACHE_SAVED
2026-08-06 20:07:34 | [Thread 138685846644416] | [INFO] | [CACHE] | CACHE_SAVED
2026-08-06 20:07:34 | [Thread 138685846644416] | [INFO] | [CACHE] | CACHE_SAVED
2026-08-06 20:07:34 | [Thread 138685846644416] | [INFO] | [CACHE] | CACHE_SAVED
2026-08-06 20:07:34 | [Thread 138685846644416] | [INFO] | [CACHE] | CACHE_SAVED
2026-08-06 20:07:34 | [Thread 138685846644416] | [INFO] | [CACHE] | CACHE_SAVED
2026-08-06 20:07:34 | [Thread 138685846644416] | [INFO] | [CACHE] | CACHE_SAVED
2026-08-06 20:07:34 | [Thread 138685846644416] | [INFO] | [CACHE] | CACHE_SAVED
2026-08-06 20:07:34 | [Thread 138685846644416] | [INFO] | [CACHE] | CACHE_SAVED
2026-08-06 20:07:34 | [Thread 138685846644416] | [INFO] | [CACHE] | CACHE_SAVED
2026-08-06 20:07:34 | [Thread 138685846644416] | [INFO] | [CACHE] | CACHE_SAVED
2026-08-06 20:07:34 | [Thread 138685846644416] | [INFO] | [CACHE] | CACHE_SAVED
2026-08-06 20:07:34 | [Thread 138685846644416] | [INFO] | [CACHE] | CACHE_SAVED
2026-08-06 20:07:34 | [Thread 138685846644416] | [INFO] | [CACHE] | CACHE_SAVED
2026-08-06 20:07:34 | [Thread 138685846644416] | [INFO] | [CACHE] | CACHE_SAVED
2026-08-06 20:07:34 | [Thread 138685846644416] | [INFO] | [CACHE] | CACHE_SAVED
2026-08-06 20:07:34 | [Thread 138685846644416] | [INFO] | [CACHE] | CACHE_SAVED
2026-08-06 20:07:34 | [Thread 138685846644416] | [INFO] | [CACHE] | CACHE_SAVED
2026-08-06 20:07:34 | [Thread 138685846644416] | [INFO] | [CACHE] | CACHE_SAVED
2026-08-06 20:07:34 | [Thread 138685846644416] | [INFO] | [CACHE] | CACHE_SAVED
2026-08-06 20:07:34 | [Thread 138685846644416] | [INFO] | [CACHE] | CACHE_SAVED
2026-08-06 20:07:34 | [Thread 138685846644416] | [INFO] | [CACHE] | CACHE_SAVED
2026-08-06 20:07:35 | [Thread 138685846644416] | [INFO] | [CACHE] | CACHE_SAVED
2026-08-06 20:07:35 | [Thread 138685846644416] | [INFO] | [CACHE] | CACHE_SAVED
2026-08-06 20:07:35 | [Thread 138685846644416] | [INFO] | [CACHE] | CACHE_SAVED
2026-08-06 20:07:35 | [Thread 138685846644416] | [INFO] | [CACHE] | CACHE_SAVED
2026-08-06 20:07:35 | [Thread 138685846644416] | [INFO] | [CACHE] | CACHE_SAVED
2026-08-06 20:07:35 | [Thread 138685846644416] | [INFO] | [CACHE] | CACHE_SAVED
2026-08-06 20:07:35 | [Thread 138685846644416] | [INFO] | [CACHE] | CACHE_SAVED
2026-08-06 20:07:35 | [Thread 138685846644416] | [INFO] | [CACHE] | CACHE_SAVED
2026-08-06 20:07:35 | [Thread 138685846644416] | [INFO] | [CACHE] | CACHE_SAVED
2026-08-06 20:07:35 | [Thread 138685846644416] | [INFO] | [CACHE] | CACHE_SAVED
2026-08-06 20:07:35 | [Thread 138685846644416] | [INFO] | [CACHE] | CACHE_SAVED
2026-08-06 20:07:35 | [Thread 138685846644416] | [INFO] | [CACHE] | CACHE_SAVED
2026-08-06 20:07:35 | [Thread 138685846644416] | [INFO] | [CACHE] | CACHE_SAVED
2026-08-06 20:07:35 | [Thread 138685846644416] | [INFO] | [CACHE] | CACHE_SAVED
2026-08-06 20:07:35 | [Thread 138685846644416] | [INFO] | [CACHE] | CACHE_SAVED
2026-08-06 20:07:35 | [Thread 138685846644416] | [INFO] | [CACHE] | CACHE_SAVED
2026-08-06 20:07:35 | [Thread 138685846644416] | [INFO] | [CACHE] | CACHE_SAVED
2026-08-06 20:07:35 | [Thread 138685846644416] | [INFO] | [CACHE] | CACHE_SAVED
2026-08-06 20:07:35 | [Thread 138685846644416] | [INFO] | [CACHE] | CACHE_SAVED
2026-08-06 20:07:35 | [Thread 138685846644416] | [INFO] | [CACHE] | CACHE_SAVED
2026-08-06 20:07:35 | [Thread 138685846644416] | [INFO] | [CACHE] | CACHE_SAVED
2026-08-06 20:07:35 | [Thread 138685846644416] | [INFO] | [CACHE] | CACHE_SAVED
2026-08-06 20:07:35 | [Thread 138685846644416] | [INFO] | [CACHE] | CACHE_SAVED
2026-08-06 20:07:35 | [Thread 138685846644416] | [INFO] | [CACHE] | CACHE_SAVED
2026-08-06 20:07:35 | [Thread 138685846644416] | [INFO] | [CACHE] | CACHE_SAVED
2026-08-06 20:07:35 | [Thread 138685846644416] | [INFO] | [CACHE] | CACHE_SAVED
2026-08-06 20:07:35 | [Thread 138685846644416] | [INFO] | [CACHE] | CACHE_SAVED
2026-08-06 20:07:35 | [Thread 138685846644416] | [INFO] | [CACHE] | CACHE_SAVED
2026-08-06 20:07:35 | [Thread 138685846644416] | [INFO] | [CACHE] | CACHE_SAVED
2026-08-06 20:07:35 | [Thread 138685846644416] | [INFO] | [CACHE] | CACHE_SAVED
2026-08-06 20:07:35 | [Thread 138685846644416] | [INFO] | [CACHE] | CACHE_SAVED
2026-08-06 20:07:35 | [Thread 138685846644416] | [INFO] | [CACHE] | CACHE_SAVED
2026-08-06 20:07:35 | [Thread 138685846644416] | [INFO] | [CACHE] | CACHE_SAVED
2026-08-06 20:07:35 | [Thread 138685846644416] | [INFO] | [CACHE] | CACHE_SAVED
2026-08-06 20:07:35 | [Thread 138685846644416] | [INFO] | [CACHE] | CACHE_SAVED
2026-08-06 20:07:35 | [Thread 138685846644416] | [INFO] | [CACHE] | CACHE_SAVED
2026-08-06 20:07:35 | [Thread 138685846644416] | [INFO] | [CACHE] | CACHE_SAVED
2026-08-06 20:07:35 | [Thread 138685846644416] | [INFO] | [CACHE] | CACHE_SAVED
2026-08-06 20:07:35 | [Thread 138685846644416] | [INFO] | [CACHE] | CACHE_SAVED
2026-08-06 20:07:35 | [Thread 138685846644416] | [INFO] | [CACHE] | CACHE_SAVED
2026-08-06 20:07:35 | [Thread 138685846644416] | [INFO] | [CACHE] | CACHE_SAVED
2026-08-06 20:07:35 | [Thread 138685846644416] | [INFO] | [CACHE] | CACHE_SAVED
2026-08-06 20:07:35 | [Thread 138685846644416] | [INFO] | [CACHE] | CACHE_SAVED
2026-08-06 20:07:35 | [Thread 138685846644416] | [INFO] | [CACHE] | CACHE_SAVED
2026-08-06 20:07:35 | [Thread 138685846644416] | [INFO] | [CACHE] | CACHE_SAVED
2026-08-06 20:07:35 | [Thread 138685846644416] | [INFO] | [CACHE] | CACHE_SAVED
2026-08-06 20:07:35 | [Thread 138685846644416] | [INFO] | [CACHE] | CACHE_SAVED
2026-08-06 20:07:35 | [Thread 138685846644416] | [INFO] | [CACHE] | CACHE_SAVED
2026-08-06 20:07:35 | [Thread 138685846644416] | [INFO] | [CACHE] | CACHE_SAVED
2026-08-06 20:07:35 | [Thread 138685846644416] | [INFO] | [CACHE] | CACHE_SAVED
2026-08-06 20:07:35 | [Thread 138685846644416] | [INFO] | [CACHE] | CACHE_SAVED
2026-08-06 20:07:35 | [Thread 138685846644416] | [INFO] | [CACHE] | CACHE_SAVED
2026-08-06 20:07:35 | [Thread 138685846644416] | [INFO] | [CACHE] | CACHE_SAVED
2026-08-06 20:07:35 | [Thread 138685846644416] | [INFO] | [CACHE] | CACHE_SAVED
2026-08-06 20:07:35 | [Thread 138685846644416] | [INFO] | [CACHE] | CACHE_SAVED
2026-08-06 20:07:35 | [Thread 138685846644416] | [INFO] | [CACHE] | CACHE_SAVED
2026-08-06 20:07:35 | [Thread 138685846644416] | [INFO] | [CACHE] | CACHE_SAVED
2026-08-06 20:07:35 | [Thread 138685846644416] | [INFO] | [CACHE] | CACHE_SAVED
2026-08-06 20:07:35 | [Thread 138685846644416] | [INFO] | [CACHE] | CACHE_SAVED
2026-08-06 20:07:35 | [Thread 138685846644416] | [INFO] | [CACHE] | CACHE_SAVED
2026-08-06 20:07:35 | [Thread 138685846644416] | [INFO] | [CACHE] | CACHE_SAVED
2026-08-06 20:07:35 | [Thread 138685846644416] | [INFO] | [CACHE] | CACHE_SAVED
2026-08-06 20:07:35 | [Thread 138685846644416] | [INFO] | [CACHE] | CACHE_SAVED
2026-08-06 20:07:35 | [Thread 138685846644416] | [INFO] | [CACHE] | CACHE_SAVED
2026-08-06 20:07:35 | [Thread 138685846644416] | [INFO] | [CACHE] | CACHE_SAVED
2026-08-06 20:07:35 | [Thread 138685846644416] | [INFO] | [CACHE] | CACHE_SAVED
2026-08-06 20:07:35 | [Thread 138685846644416] | [INFO] | [CACHE] | CACHE_SAVED
2026-08-06 20:07:35 | [Thread 138685846644416] | [INFO] | [CACHE] | CACHE_SAVED
2026-08-06 20:07:35 | [Thread 138685846644416] | [INFO] | [CACHE] | CACHE_SAVED
2026-08-06 20:07:35 | [Thread 138685846644416] | [INFO] | [CACHE] | CACHE_SAVED
2026-08-06 20:07:35 | [Thread 138685846644416] | [INFO] | [CACHE] | CACHE_SAVED
2026-08-06 20:07:35 | [Thread 138685846644416] | [INFO] | [CACHE] | CACHE_SAVED
2026-08-06 20:07:35 | [Thread 138685846644416] | [INFO] | [CACHE] | CACHE_SAVED
2026-08-06 20:07:35 | [Thread 138685846644416] | [INFO] | [CACHE] | CACHE_SAVED
2026-08-06 20:07:35 | [Thread 138685846644416] | [INFO] | [CACHE] | CACHE_SAVED
2026-08-06 20:07:35 | [Thread 138685846644416] | [INFO] | [CACHE] | CACHE_SAVED
2026-08-06 20:07:35 | [Thread 138685846644416] | [INFO] | [CACHE] | CACHE_SAVED
2026-08-06 20:07:35 | [Thread 138685846644416] | [INFO] | [CACHE] | CACHE_SAVED
2026-08-06 20:07:35 | [Thread 138685846644416] | [INFO] | [CACHE] | CACHE_SAVED
2026-08-06 20:07:35 | [Thread 138685846644416] | [INFO] | [CACHE] | CACHE_SAVED
2026-08-06 20:07:35 | [Thread 138685846644416] | [INFO] | [CACHE] | CACHE_SAVED
2026-08-06 20:07:35 | [Thread 138685846644416] | [INFO] | [CACHE] | CACHE_SAVED
2026-08-06 20:07:35 | [Thread 138685846644416] | [INFO] | [CACHE] | CACHE_SAVED
2026-08-06 20:07:35 | [Thread 138685846644416] | [INFO] | [CACHE] | CACHE_SAVED
2026-08-06 20:07:35 | [Thread 138685846644416] | [INFO] | [CACHE] | CACHE_SAVED
2026-08-06 20:07:35 | [Thread 138685846644416] | [INFO] | [CACHE] | CACHE_SAVED
2026-08-06 20:07:35 | [Thread 138685846644416] | [INFO] | [CACHE] | CACHE_SAVED
2026-08-06 20:07:35 | [Thread 138685846644416] | [INFO] | [CACHE] | CACHE_SAVED
2026-08-06 20:07:35 | [Thread 138685846644416] | [INFO] | [CACHE] | CACHE_SAVED
2026-08-06 20:07:35 | [Thread 138685846644416] | [INFO] | [CACHE] | CACHE_SAVED
2026-08-06 20:07:35 | [Thread 138685846644416] | [INFO] | [CACHE] | CACHE_SAVED
2026-08-06 20:07:35 | [Thread 138685846644416] | [INFO] | [CACHE] | CACHE_SAVED
2026-08-06 20:07:35 | [Thread 138685846644416] | [INFO] | [CACHE] | CACHE_SAVED
2026-08-06 20:07:35 | [Thread 138685846644416] | [INFO] | [CACHE] | CACHE_SAVED
2026-08-06 20:07:35 | [Thread 138685846644416] | [INFO] | [CACHE] | CACHE_SAVED
2026-08-06 20:07:35 | [Thread 138685846644416] | [INFO] | [CACHE] | CACHE_SAVED
2026-08-06 20:07:35 | [Thread 138685846644416] | [INFO] | [CACHE] | CACHE_SAVED
2026-08-06 20:07:35 | [Thread 138685846644416] | [INFO] | [CACHE] | CACHE_SAVED
2026-08-06 20:07:35 | [Thread 138685846644416] | [INFO] | [CACHE] | CACHE_SAVED
2026-08-06 20:07:35 | [Thread 138685846644416] | [INFO] | [CACHE] | CACHE_SAVED
2026-08-06 20:07:35 | [Thread 138685846644416] | [INFO] | [CACHE] | CACHE_SAVED
2026-08-06 20:07:35 | [Thread 138685846644416] | [INFO] | [CACHE] | CACHE_SAVED
2026-08-06 20:07:35 | [Thread 138685846644416] | [INFO] | [CACHE] | CACHE_SAVED
2026-08-06 20:07:35 | [Thread 138685846644416] | [INFO] | [CACHE] | CACHE_SAVED
2026-08-06 20:07:35 | [Thread 138685846644416] | [INFO] | [CACHE] | CACHE_SAVED
2026-08-06 20:07:35 | [Thread 138685846644416] | [INFO] | [CACHE] | CACHE_SAVED
2026-08-06 20:07:35 | [Thread 138685846644416] | [INFO] | [CACHE] | CACHE_SAVED
2026-08-06 20:07:35 | [Thread 138685846644416] | [INFO] | [CACHE] | CACHE_SAVED
2026-08-06 20:07:35 | [Thread 138685846644416] | [INFO] | [CACHE] | CACHE_SAVED
2026-08-06 20:07:35 | [Thread 138685846644416] | [INFO] | [CACHE] | CACHE_SAVED
2026-08-06 20:07:35 | [Thread 138685846644416] | [INFO] | [CACHE] | CACHE_SAVED
2026-08-06 20:07:35 | [Thread 138685846644416] | [INFO] | [CACHE] | CACHE_SAVED
2026-08-06 20:07:35 | [Thread 138685846644416] | [INFO] | [CACHE] | CACHE_SAVED
2026-08-06 20:07:35 | [Thread 138685846644416] | [INFO] | [CACHE] | CACHE_SAVED
2026-08-06 20:07:35 | [Thread 138685846644416] | [INFO] | [CACHE] | CACHE_SAVED
2026-08-06 20:07:35 | [Thread 138685846644416] | [INFO] | [CACHE] | CACHE_SAVED
2026-08-06 20:07:35 | [Thread 138685846644416] | [INFO] | [CACHE] | CACHE_SAVED
2026-08-06 20:07:35 | [Thread 138685846644416] | [INFO] | [CACHE] | CACHE_SAVED
2026-08-06 20:07:35 | [Thread 138685846644416] | [INFO] | [CACHE] | CACHE_SAVED
2026-08-06 20:07:35 | [Thread 138685846644416] | [INFO] | [CACHE] | CACHE_SAVED
2026-08-06 20:07:35 | [Thread 138685846644416] | [INFO] | [CACHE] | CACHE_SAVED
2026-08-06 20:07:35 | [Thread 138685846644416] | [INFO] | [CACHE] | CACHE_SAVED
2026-08-06 20:07:35 | [Thread 138685846644416] | [INFO] | [CACHE] | CACHE_SAVED
2026-08-06 20:07:35 | [Thread 138685846644416] | [INFO] | [CACHE] | CACHE_SAVED
2026-08-06 20:07:35 | [Thread 138685846644416] | [INFO] | [CACHE] | CACHE_SAVED
2026-08-06 20:07:35 | [Thread 138685846644416] | [INFO] | [CACHE] | CACHE_SAVED
2026-08-06 20:07:35 | [Thread 138685846644416] | [INFO] | [CACHE] | CACHE_SAVED
2026-08-06 20:07:35 | [Thread 138685846644416] | [INFO] | [CACHE] | CACHE_SAVED
2026-08-06 20:07:35 | [Thread 138685846644416] | [INFO] | [CACHE] | CACHE_SAVED
2026-08-06 20:07:35 | [Thread 138685846644416] | [INFO] | [CACHE] | CACHE_SAVED
2026-08-06 20:07:35 | [Thread 138685846644416] | [INFO] | [CACHE] | CACHE_SAVED
2026-08-06 20:07:35 | [Thread 138685846644416] | [INFO] | [CACHE] | CACHE_SAVED
2026-08-06 20:07:35 | [Thread 138685846644416] | [INFO] | [CACHE] | CACHE_SAVED
2026-08-06 20:07:35 | [Thread 138685846644416] | [INFO] | [CACHE] | CACHE_SAVED
2026-08-06 20:07:35 | [Thread 138685846644416] | [INFO] | [CACHE] | CACHE_SAVED
2026-08-06 20:07:35 | [Thread 138685846644416] | [INFO] | [CACHE] | CACHE_SAVED
2026-08-06 20:07:35 | [Thread 138685846644416] | [INFO] | [CACHE] | CACHE_SAVED
2026-08-06 20:07:35 | [Thread 138685846644416] | [INFO] | [CACHE] | CACHE_SAVED
2026-08-06 20:07:35 | [Thread 138685846644416] | [INFO] | [CACHE] | CACHE_SAVED
2026-08-06 20:07:35 | [Thread 138685846644416] | [INFO] | [CACHE] | CACHE_SAVED
2026-08-06 20:07:35 | [Thread 138685846644416] | [INFO] | [CACHE] | CACHE_SAVED
2026-08-06 20:07:35 | [Thread 138685846644416] | [INFO] | [CACHE] | CACHE_SAVED
2026-08-06 20:07:35 | [Thread 138685846644416] | [INFO] | [CACHE] | CACHE_SAVED
2026-08-06 20:07:35 | [Thread 138685846644416] | [INFO] | [CACHE] | CACHE_SAVED
2026-08-06 20:07:35 | [Thread 138685846644416] | [INFO] | [CACHE] | CACHE_SAVED
2026-08-06 20:07:35 | [Thread 138685846644416] | [INFO] | [CACHE] | CACHE_SAVED
2026-08-06 20:07:35 | [Thread 138685846644416] | [INFO] | [CACHE] | CACHE_SAVED
2026-08-06 20:07:35 | [Thread 138685846644416] | [INFO] | [CACHE] | CACHE_SAVED
2026-08-06 20:07:35 | [Thread 138685846644416] | [INFO] | [CACHE] | CACHE_SAVED
2026-08-06 20:07:35 | [Thread 138685846644416] | [INFO] | [CACHE] | CACHE_SAVED
2026-08-06 20:07:35 | [Thread 138685846644416] | [INFO] | [CACHE] | CACHE_SAVED
2026-08-06 20:07:35 | [Thread 138685846644416] | [INFO] | [CACHE] | CACHE_SAVED
2026-08-06 20:07:35 | [Thread 138685846644416] | [INFO] | [CACHE] | CACHE_SAVED
2026-08-06 20:07:35 | [Thread 138685846644416] | [INFO] | [CACHE] | CACHE_SAVED
2026-08-06 20:07:35 | [Thread 138685846644416] | [INFO] | [CACHE] | CACHE_SAVED
2026-08-06 20:07:35 | [Thread 138685846644416] | [INFO] | [CACHE] | CACHE_SAVED
2026-08-06 20:07:35 | [Thread 138685846644416] | [INFO] | [CACHE] | CACHE_SAVED
2026-08-06 20:07:35 | [Thread 138685846644416] | [INFO] | [CACHE] | CACHE_SAVED
2026-08-06 20:07:35 | [Thread 138685846644416] | [INFO] | [CACHE] | CACHE_SAVED
2026-08-06 20:07:35 | [Thread 138685846644416] | [INFO] | [CACHE] | CACHE_SAVED
2026-08-06 20:07:35 | [Thread 138685846644416] | [INFO] | [CACHE] | CACHE_SAVED
2026-08-06 20:07:35 | [Thread 138685846644416] | [INFO] | [CACHE] | CACHE_SAVED
2026-08-06 20:07:35 | [Thread 138685846644416] | [INFO] | [CACHE] | CACHE_SAVED
2026-08-06 20:07:35 | [Thread 138685846644416] | [INFO] | [CACHE] | CACHE_SAVED
2026-08-06 20:07:35 | [Thread 138685846644416] | [INFO] | [CACHE] | CACHE_SAVED
2026-08-06 20:07:35 | [Thread 138685846644416] | [INFO] | [CACHE] | CACHE_SAVED
2026-08-06 20:07:35 | [Thread 138685846644416] | [INFO] | [CACHE] | CACHE_SAVED
2026-08-06 20:07:35 | [Thread 138685846644416] | [INFO] | [CACHE] | CACHE_SAVED
2026-08-06 20:07:35 | [Thread 138685846644416] | [INFO] | [CACHE] | CACHE_SAVED
2026-08-06 20:07:35 | [Thread 138685846644416] | [INFO] | [CACHE] | CACHE_SAVED
2026-08-06 20:07:35 | [Thread 138685846644416] | [INFO] | [CACHE] | CACHE_SAVED
2026-08-06 20:07:35 | [Thread 138685846644416] | [INFO] | [CACHE] | CACHE_SAVED
2026-08-06 20:07:35 | [Thread 138685846644416] | [INFO] | [CACHE] | CACHE_SAVED
2026-08-06 20:07:35 | [Thread 138685846644416] | [INFO] | [CACHE] | CACHE_SAVED
2026-08-06 20:07:35 | [Thread 138685846644416] | [INFO] | [CACHE] | CACHE_SAVED
2026-08-06 20:07:35 | [Thread 138685846644416] | [INFO] | [CACHE] | CACHE_SAVED
2026-08-06 20:07:35 | [Thread 138685846644416] | [INFO] | [CACHE] | CACHE_SAVED
2026-08-06 20:07:35 | [Thread 138685846644416] | [INFO] | [CACHE] | CACHE_SAVED
2026-08-06 20:07:35 | [Thread 138685846644416] | [INFO] | [CACHE] | CACHE_SAVED
2026-08-06 20:07:35 | [Thread 138685846644416] | [INFO] | [CACHE] | CACHE_SAVED
2026-08-06 20:07:35 | [Thread 138685846644416] | [INFO] | [CACHE] | CACHE_SAVED
2026-08-06 20:07:35 | [Thread 138685846644416] | [INFO] | [CACHE] | CACHE_SAVED
2026-08-06 20:07:35 | [Thread 138685846644416] | [INFO] | [CACHE] | CACHE_SAVED
2026-08-06 20:07:35 | [Thread 138685846644416] | [INFO] | [CACHE] | CACHE_SAVED
2026-08-06 20:07:35 | [Thread 138685846644416] | [INFO] | [CACHE] | CACHE_SAVED
2026-08-06 20:07:35 | [Thread 138685846644416] | [INFO] | [CACHE] | CACHE_SAVED
2026-08-06 20:07:35 | [Thread 138685846644416] | [INFO] | [CACHE] | CACHE_SAVED
2026-08-06 20:07:35 | [Thread 138685846644416] | [INFO] | [CACHE] | CACHE_SAVED
2026-08-06 20:07:35 | [Thread 138685846644416] | [INFO] | [CACHE] | CACHE_SAVED
2026-08-06 20:07:35 | [Thread 138685846644416] | [INFO] | [CACHE] | CACHE_SAVED
2026-08-06 20:07:35 | [Thread 138685846644416] | [INFO] | [CACHE] | CACHE_SAVED
2026-08-06 20:07:35 | [Thread 138685846644416] | [INFO] | [CACHE] | CACHE_SAVED
2026-08-06 20:07:35 | [Thread 138685846644416] | [INFO] | [CACHE] | CACHE_SAVED
2026-08-06 20:07:35 | [Thread 138685846644416] | [INFO] | [CACHE] | CACHE_SAVED
2026-08-06 20:07:35 | [Thread 138685846644416] | [INFO] | [CACHE] | CACHE_SAVED
2026-08-06 20:07:35 | [Thread 138685846644416] | [INFO] | [CACHE] | CACHE_SAVED
2026-08-06 20:07:35 | [Thread 138685846644416] | [INFO] | [CACHE] | CACHE_SAVED
2026-08-06 20:07:35 | [Thread 138685846644416] | [INFO] | [CACHE] | CACHE_SAVED
2026-08-06 20:07:35 | [Thread 138685846644416] | [INFO] | [CACHE] | CACHE_SAVED
2026-08-06 20:07:35 | [Thread 138685846644416] | [INFO] | [CACHE] | CACHE_SAVED
2026-08-06 20:07:35 | [Thread 138685846644416] | [INFO] | [CACHE] | CACHE_SAVED
2026-08-06 20:07:35 | [Thread 138685846644416] | [INFO] | [CACHE] | CACHE_SAVED
2026-08-06 20:07:35 | [Thread 138685846644416] | [INFO] | [CACHE] | CACHE_SAVED
2026-08-06 20:07:35 | [Thread 138685846644416] | [INFO] | [CACHE] | CACHE_SAVED
2026-08-06 20:07:35 | [Thread 138685846644416] | [INFO] | [CACHE] | CACHE_SAVED
2026-08-06 20:07:35 | [Thread 138685846644416] | [INFO] | [CACHE] | CACHE_SAVED
2026-08-06 20:07:35 | [Thread 138685846644416] | [INFO] | [CACHE] | CACHE_SAVED
2026-08-06 20:07:35 | [Thread 138685846644416] | [INFO] | [CACHE] | CACHE_SAVED
2026-08-06 20:07:35 | [Thread 138685846644416] | [INFO] | [CACHE] | CACHE_SAVED
2026-08-06 20:07:35 | [Thread 138685846644416] | [INFO] | [CACHE] | CACHE_SAVED
2026-08-06 20:07:35 | [Thread 138685846644416] | [INFO] | [CACHE] | CACHE_SAVED
2026-08-06 20:07:35 | [Thread 138685846644416] | [INFO] | [CACHE] | CACHE_SAVED
2026-08-06 20:07:35 | [Thread 138685846644416] | [INFO] | [CACHE] | CACHE_SAVED
2026-08-06 20:07:35 | [Thread 138685846644416] | [INFO] | [CACHE] | CACHE_SAVED
2026-08-06 20:07:35 | [Thread 138685846644416] | [INFO] | [CACHE] | CACHE_SAVED
2026-08-06 20:07:35 | [Thread 138685846644416] | [INFO] | [CACHE] | CACHE_SAVED
2026-08-06 20:07:35 | [Thread 138685846644416] | [INFO] | [CACHE] | CACHE_SAVED
2026-08-06 20:07:35 | [Thread 138685846644416] | [INFO] | [CACHE] | CACHE_SAVED
2026-08-06 20:07:35 | [Thread 138685846644416] | [INFO] | [CACHE] | CACHE_SAVED
2026-08-06 20:07:35 | [Thread 138685846644416] | [INFO] | [CACHE] | CACHE_SAVED
2026-08-06 20:07:35 | [Thread 138685846644416] | [INFO] | [CACHE] | CACHE_SAVED
2026-08-06 20:07:35 | [Thread 138685846644416] | [INFO] | [CACHE] | CACHE_SAVED
2026-08-06 20:07:35 | [Thread 138685846644416] | [INFO] | [CACHE] | CACHE_SAVED
2026-08-06 20:07:35 | [Thread 138685846644416] | [INFO] | [CACHE] | CACHE_SAVED
2026-08-06 20:07:35 | [Thread 138685846644416] | [INFO] | [CACHE] | CACHE_SAVED
2026-08-06 20:07:35 | [Thread 138685846644416] | [INFO] | [CACHE] | CACHE_SAVED
2026-08-06 20:07:35 | [Thread 138685846644416] | [INFO] | [CACHE] | CACHE_SAVED
2026-08-06 20:07:35 | [Thread 138685846644416] | [INFO] | [CACHE] | CACHE_SAVED
2026-08-06 20:07:35 | [Thread 138685846644416] | [INFO] | [CACHE] | CACHE_SAVED
2026-08-06 20:07:35 | [Thread 138685846644416] | [INFO] | [CACHE] | CACHE_SAVED
2026-08-06 20:07:35 | [Thread 138685846644416] | [INFO] | [CACHE] | CACHE_SAVED
2026-08-06 20:07:35 | [Thread 138685846644416] | [INFO] | [CACHE] | CACHE_SAVED
2026-08-06 20:07:35 | [Thread 138685846644416] | [INFO] | [CACHE] | CACHE_SAVED
2026-08-06 20:07:35 | [Thread 138685846644416] | [INFO] | [CACHE] | CACHE_SAVED
2026-08-06 20:07:35 | [Thread 138685846644416] | [INFO] | [CACHE] | CACHE_SAVED
2026-08-06 20:07:35 | [Thread 138685846644416] | [INFO] | [CACHE] | CACHE_SAVED
2026-08-06 20:07:35 | [Thread 138685846644416] | [INFO] | [CACHE] | CACHE_SAVED
2026-08-06 20:07:35 | [Thread 138685846644416] | [INFO] | [CACHE] | CACHE_SAVED
2026-08-06 20:07:35 | [Thread 138685846644416] | [INFO] | [CACHE] | CACHE_SAVED
2026-08-06 20:07:35 | [Thread 138685846644416] | [INFO] | [CACHE] | CACHE_SAVED
2026-08-06 20:07:35 | [Thread 138685846644416] | [INFO] | [CACHE] | CACHE_SAVED
2026-08-06 20:07:35 | [Thread 138685846644416] | [INFO] | [CACHE] | CACHE_SAVED
2026-08-06 20:07:35 | [Thread 138685846644416] | [INFO] | [CACHE] | CACHE_SAVED
2026-08-06 20:07:35 | [Thread 138685846644416] | [INFO] | [CACHE] | CACHE_SAVED
2026-08-06 20:07:35 | [Thread 138685846644416] | [INFO] | [CACHE] | CACHE_SAVED
2026-08-06 20:07:35 | [Thread 138685846644416] | [INFO] | [CACHE] | CACHE_SAVED
2026-08-06 20:07:35 | [Thread 138685846644416] | [INFO] | [CACHE] | CACHE_SAVED
2026-08-06 20:07:35 | [Thread 138685846644416] | [INFO] | [CACHE] | CACHE_SAVED
2026-08-06 20:07:35 | [Thread 138685846644416] | [INFO] | [CACHE] | CACHE_SAVED
2026-08-06 20:07:35 | [Thread 138685846644416] | [INFO] | [CACHE] | CACHE_SAVED
2026-08-06 20:07:35 | [Thread 138685846644416] | [INFO] | [CACHE] | CACHE_SAVED
2026-08-06 20:07:35 | [Thread 138685846644416] | [INFO] | [CACHE] | CACHE_SAVED
2026-08-06 20:07:35 | [Thread 138685846644416] | [INFO] | [CACHE] | CACHE_SAVED
2026-08-06 20:07:35 | [Thread 138685846644416] | [INFO] | [CACHE] | CACHE_SAVED
2026-08-06 20:07:35 | [Thread 138685846644416] | [INFO] | [CACHE] | CACHE_SAVED
2026-08-06 20:07:35 | [Thread 138685846644416] | [INFO] | [CACHE] | CACHE_SAVED
2026-08-06 20:07:35 | [Thread 138685846644416] | [INFO] | [CACHE] | CACHE_SAVED
2026-08-06 20:07:35 | [Thread 138685846644416] | [INFO] | [CACHE] | CACHE_SAVED
2026-08-06 20:07:35 | [Thread 138685846644416] | [INFO] | [CACHE] | CACHE_SAVED
2026-08-06 20:07:35 | [Thread 138685846644416] | [INFO] | [CACHE] | CACHE_SAVED
2026-08-06 20:07:35 | [Thread 138685846644416] | [INFO] | [CACHE] | CACHE_SAVED
2026-08-06 20:07:35 | [Thread 138685846644416] | [INFO] | [CACHE] | CACHE_SAVED
2026-08-06 20:07:35 | [Thread 138685846644416] | [INFO] | [CACHE] | CACHE_SAVED
2026-08-06 20:07:35 | [Thread 138685846644416] | [INFO] | [CACHE] | CACHE_SAVED
2026-08-06 20:07:35 | [Thread 138685846644416] | [INFO] | [CACHE] | CACHE_SAVED
2026-08-06 20:07:35 | [Thread 138685846644416] | [INFO] | [CACHE] | CACHE_SAVED
2026-08-06 20:07:35 | [Thread 138685846644416] | [INFO] | [CACHE] | CACHE_SAVED
2026-08-06 20:07:35 | [Thread 138685846644416] | [INFO] | [CACHE] | CACHE_SAVED
2026-08-06 20:07:35 | [Thread 138685846644416] | [INFO] | [CACHE] | CACHE_SAVED
2026-08-06 20:07:35 | [Thread 138685846644416] | [INFO] | [CACHE] | CACHE_SAVED
2026-08-06 20:07:35 | [Thread 138685846644416] | [INFO] | [CACHE] | CACHE_SAVED
2026-08-06 20:07:35 | [Thread 138685846644416] | [INFO] | [CACHE] | CACHE_SAVED
2026-08-06 20:07:35 | [Thread 138685846644416] | [INFO] | [CACHE] | CACHE_SAVED
2026-08-06 20:07:35 | [Thread 138685846644416] | [INFO] | [CACHE] | CACHE_SAVED
2026-08-06 20:07:35 | [Thread 138685846644416] | [INFO] | [CACHE] | CACHE_SAVED
2026-08-06 20:07:35 | [Thread 138685846644416] | [INFO] | [CACHE] | CACHE_SAVED
2026-08-06 20:07:35 | [Thread 138685846644416] | [INFO] | [CACHE] | CACHE_SAVED
2026-08-06 20:07:35 | [Thread 138685846644416] | [INFO] | [CACHE] | CACHE_SAVED
2026-08-06 20:07:35 | [Thread 138685846644416] | [INFO] | [CACHE] | CACHE_SAVED
2026-08-06 20:07:35 | [Thread 138685846644416] | [INFO] | [CACHE] | CACHE_SAVED
2026-08-06 20:07:35 | [Thread 138685846644416] | [INFO] | [CACHE] | CACHE_SAVED
2026-08-06 20:07:35 | [Thread 138685846644416] | [INFO] | [CACHE] | CACHE_SAVED
2026-08-06 20:07:35 | [Thread 138685846644416] | [INFO] | [CACHE] | CACHE_SAVED
2026-08-06 20:07:35 | [Thread 138685846644416] | [INFO] | [CACHE] | CACHE_SAVED
2026-08-06 20:07:35 | [Thread 138685846644416] | [INFO] | [CACHE] | CACHE_SAVED
2026-08-06 20:07:35 | [Thread 138685846644416] | [INFO] | [CACHE] | CACHE_SAVED
2026-08-06 20:07:35 | [Thread 138685846644416] | [INFO] | [CACHE] | CACHE_SAVED
2026-08-06 20:07:35 | [Thread 138685846644416] | [INFO] | [CACHE] | CACHE_SAVED
2026-08-06 20:07:35 | [Thread 138685846644416] | [INFO] | [CACHE] | CACHE_SAVED
2026-08-06 20:07:35 | [Thread 138685846644416] | [INFO] | [CACHE] | CACHE_SAVED
2026-08-06 20:07:35 | [Thread 138685846644416] | [INFO] | [CACHE] | CACHE_SAVED
2026-08-06 20:07:35 | [Thread 138685846644416] | [INFO] | [CACHE] | CACHE_SAVED
2026-08-06 20:07:35 | [Thread 138685846644416] | [INFO] | [CACHE] | CACHE_SAVED
2026-08-06 20:07:35 | [Thread 138685846644416] | [INFO] | [CACHE] | CACHE_SAVED
2026-08-06 20:07:35 | [Thread 138685846644416] | [INFO] | [CACHE] | CACHE_SAVED
2026-08-06 20:07:35 | [Thread 138685846644416] | [INFO] | [CACHE] | CACHE_SAVED
2026-08-06 20:07:35 | [Thread 138685846644416] | [INFO] | [CACHE] | CACHE_SAVED
2026-08-06 20:07:35 | [Thread 138685846644416] | [INFO] | [CACHE] | CACHE_SAVED
2026-08-06 20:07:35 | [Thread 138685846644416] | [INFO] | [CACHE] | CACHE_SAVED
2026-08-06 20:07:35 | [Thread 138685846644416] | [INFO] | [CACHE] | CACHE_SAVED
2026-08-06 20:07:35 | [Thread 138685846644416] | [INFO] | [CACHE] | CACHE_SAVED
2026-08-06 20:07:35 | [Thread 138685846644416] | [INFO] | [CACHE] | CACHE_SAVED
2026-08-06 20:07:35 | [Thread 138685846644416] | [INFO] | [CACHE] | CACHE_SAVED
2026-08-06 20:07:35 | [Thread 138685846644416] | [INFO] | [CACHE] | CACHE_SAVED
2026-08-06 20:07:35 | [Thread 138685846644416] | [INFO] | [CACHE] | CACHE_SAVED
2026-08-06 20:07:35 | [Thread 138685846644416] | [INFO] | [CACHE] | CACHE_SAVED
2026-08-06 20:07:35 | [Thread 138685846644416] | [INFO] | [CACHE] | CACHE_SAVED
2026-08-06 20:07:35 | [Thread 138685846644416] | [INFO] | [CACHE] | CACHE_SAVED
2026-08-06 20:07:35 | [Thread 138685846644416] | [INFO] | [CACHE] | CACHE_SAVED
2026-08-06 20:07:35 | [Thread 138685846644416] | [INFO] | [CACHE] | CACHE_SAVED
2026-08-06 20:07:35 | [Thread 138685846644416] | [INFO] | [CACHE] | CACHE_SAVED
2026-08-06 20:07:35 | [Thread 138685846644416] | [INFO] | [CACHE] | CACHE_SAVED
2026-08-06 20:07:35 | [Thread 138685846644416] | [INFO] | [CACHE] | CACHE_SAVED
2026-08-06 20:07:35 | [Thread 138685846644416] | [INFO] | [CACHE] | CACHE_SAVED
2026-08-06 20:07:35 | [Thread 138685846644416] | [INFO] | [CACHE] | CACHE_SAVED
2026-08-06 20:07:35 | [Thread 138685846644416] | [INFO] | [CACHE] | CACHE_SAVED
2026-08-06 20:07:35 | [Thread 138685846644416] | [INFO] | [CACHE] | CACHE_SAVED
2026-08-06 20:07:35 | [Thread 138685846644416] | [INFO] | [CACHE] | CACHE_SAVED
2026-08-06 20:07:35 | [Thread 138685846644416] | [INFO] | [CACHE] | CACHE_SAVED
2026-08-06 20:07:35 | [Thread 138685846644416] | [INFO] | [CACHE] | CACHE_SAVED
2026-08-06 20:07:35 | [Thread 138685846644416] | [INFO] | [CACHE] | CACHE_SAVED
2026-08-06 20:07:35 | [Thread 138685846644416] | [INFO] | [CACHE] | CACHE_SAVED
2026-08-06 20:07:35 | [Thread 138685846644416] | [INFO] | [CACHE] | CACHE_SAVED
2026-08-06 20:07:35 | [Thread 138685846644416] | [INFO] | [CACHE] | CACHE_SAVED
2026-08-06 20:07:35 | [Thread 138685846644416] | [INFO] | [CACHE] | CACHE_SAVED
2026-08-06 20:07:35 | [Thread 138685846644416] | [INFO] | [CACHE] | CACHE_SAVED
2026-08-06 20:07:35 | [Thread 138685846644416] | [INFO] | [CACHE] | CACHE_SAVED
2026-08-06 20:07:35 | [Thread 138685846644416] | [INFO] | [CACHE] | CACHE_SAVED
2026-08-06 20:07:35 | [Thread 138685846644416] | [INFO] | [CACHE] | CACHE_SAVED
2026-08-06 20:07:35 | [Thread 138685846644416] | [INFO] | [CACHE] | CACHE_SAVED
2026-08-06 20:07:35 | [Thread 138685846644416] | [INFO] | [CACHE] | CACHE_SAVED
2026-08-06 20:07:35 | [Thread 138685846644416] | [INFO] | [CACHE] | CACHE_SAVED
2026-08-06 20:07:35 | [Thread 138685846644416] | [INFO] | [CACHE] | CACHE_SAVED
2026-08-06 20:07:35 | [Thread 138685846644416] | [INFO] | [CACHE] | CACHE_SAVED
2026-08-06 20:07:35 | [Thread 138685846644416] | [INFO] | [CACHE] | CACHE_SAVED
2026-08-06 20:07:35 | [Thread 138685846644416] | [INFO] | [CACHE] | CACHE_SAVED
2026-08-06 20:07:35 | [Thread 138685846644416] | [INFO] | [CACHE] | CACHE_SAVED
2026-08-06 20:07:35 | [Thread 138685846644416] | [INFO] | [CACHE] | CACHE_SAVED
2026-08-06 20:07:35 | [Thread 138685846644416] | [INFO] | [CACHE] | CACHE_SAVED
2026-08-06 20:07:35 | [Thread 138685846644416] | [INFO] | [CACHE] | CACHE_SAVED
2026-08-06 20:07:35 | [Thread 138685846644416] | [INFO] | [CACHE] | CACHE_SAVED
2026-08-06 20:07:35 | [Thread 138685846644416] | [INFO] | [CACHE] | CACHE_SAVED
2026-08-06 20:07:35 | [Thread 138685846644416] | [INFO] | [CACHE] | CACHE_SAVED
2026-08-06 20:07:35 | [Thread 138685846644416] | [INFO] | [CACHE] | CACHE_SAVED
2026-08-06 20:07:35 | [Thread 138685846644416] | [INFO] | [CACHE] | CACHE_SAVED
2026-08-06 20:07:35 | [Thread 138685846644416] | [INFO] | [CACHE] | CACHE_SAVED
2026-08-06 20:07:35 | [Thread 138685846644416] | [INFO] | [CACHE] | CACHE_SAVED
2026-08-06 20:07:35 | [Thread 138685846644416] | [INFO] | [CACHE] | CACHE_SAVED
2026-08-06 20:07:35 | [Thread 138685846644416] | [INFO] | [CACHE] | CACHE_SAVED
2026-08-06 20:07:35 | [Thread 138685846644416] | [INFO] | [CACHE] | CACHE_SAVED
2026-08-06 20:07:35 | [Thread 138685846644416] | [INFO] | [CACHE] | CACHE_SAVED
2026-08-06 20:07:35 | [Thread 138685846644416] | [INFO] | [CACHE] | CACHE_SAVED
2026-08-06 20:07:35 | [Thread 138685846644416] | [INFO] | [CACHE] | CACHE_SAVED
2026-08-06 20:07:35 | [Thread 138685846644416] | [INFO] | [CACHE] | CACHE_SAVED
2026-08-06 20:07:35 | [Thread 138685846644416] | [INFO] | [CACHE] | CACHE_SAVED
2026-08-06 20:07:35 | [Thread 138685846644416] | [INFO] | [CACHE] | CACHE_SAVED
2026-08-06 20:07:35 | [Thread 138685846644416] | [INFO] | [CACHE] | CACHE_SAVED
2026-08-06 20:07:35 | [Thread 138685846644416] | [INFO] | [CACHE] | CACHE_SAVED
2026-08-06 20:07:35 | [Thread 138685846644416] | [INFO] | [CACHE] | CACHE_SAVED
2026-08-06 20:07:35 | [Thread 138685846644416] | [INFO] | [CACHE] | CACHE_SAVED
2026-08-06 20:07:35 | [Thread 138685846644416] | [INFO] | [CACHE] | CACHE_SAVED
2026-08-06 20:07:35 | [Thread 138685846644416] | [INFO] | [CACHE] | CACHE_SAVED
2026-08-06 20:07:35 | [Thread 138685846644416] | [INFO] | [CACHE] | CACHE_SAVED
2026-08-06 20:07:35 | [Thread 138685846644416] | [INFO] | [CACHE] | CACHE_SAVED
2026-08-06 20:07:35 | [Thread 138685846644416] | [INFO] | [CACHE] | CACHE_SAVED
2026-08-06 20:07:35 | [Thread 138685846644416] | [INFO] | [CACHE] | CACHE_SAVED
2026-08-06 20:07:35 | [Thread 138685846644416] | [INFO] | [CACHE] | CACHE_SAVED
2026-08-06 20:07:35 | [Thread 138685846644416] | [INFO] | [CACHE] | CACHE_SAVED
2026-08-06 20:07:35 | [Thread 138685846644416] | [INFO] | [CACHE] | CACHE_SAVED
2026-08-06 20:07:35 | [Thread 138685846644416] | [INFO] | [CACHE] | CACHE_SAVED
2026-08-06 20:07:35 | [Thread 138685846644416] | [INFO] | [CACHE] | CACHE_SAVED
2026-08-06 20:07:35 | [Thread 138685846644416] | [INFO] | [CACHE] | CACHE_SAVED
2026-08-06 20:07:35 | [Thread 138685846644416] | [INFO] | [CACHE] | CACHE_SAVED
2026-08-06 20:07:35 | [Thread 138685846644416] | [INFO] | [CACHE] | CACHE_SAVED
2026-08-06 20:07:35 | [Thread 138685846644416] | [INFO] | [CACHE] | CACHE_SAVED
2026-08-06 20:07:35 | [Thread 138685846644416] | [INFO] | [CACHE] | CACHE_SAVED
2026-08-06 20:07:35 | [Thread 138685846644416] | [INFO] | [CACHE] | CACHE_SAVED
2026-08-06 20:07:35 | [Thread 138685846644416] | [INFO] | [CACHE] | CACHE_SAVED
2026-08-06 20:07:35 | [Thread 138685846644416] | [INFO] | [CACHE] | CACHE_SAVED
2026-08-06 20:07:35 | [Thread 138685846644416] | [INFO] | [CACHE] | CACHE_SAVED
2026-08-06 20:07:35 | [Thread 138685846644416] | [INFO] | [CACHE] | CACHE_SAVED
2026-08-06 20:07:35 | [Thread 138685846644416] | [INFO] | [CACHE] | CACHE_SAVED
2026-08-06 20:07:35 | [Thread 138685846644416] | [INFO] | [CACHE] | CACHE_SAVED
2026-08-06 20:07:35 | [Thread 138685846644416] | [INFO] | [CACHE] | CACHE_SAVED
2026-08-06 20:07:35 | [Thread 138685846644416] | [INFO] | [CACHE] | CACHE_SAVED
2026-08-06 20:07:35 | [Thread 138685846644416] | [INFO] | [CACHE] | CACHE_SAVED
2026-08-06 20:07:35 | [Thread 138685846644416] | [INFO] | [CACHE] | CACHE_SAVED
2026-08-06 20:07:35 | [Thread 138685846644416] | [INFO] | [CACHE] | CACHE_SAVED
2026-08-06 20:07:35 | [Thread 138685846644416] | [INFO] | [CACHE] | CACHE_SAVED
2026-08-06 20:07:35 | [Thread 138685846644416] | [INFO] | [CACHE] | CACHE_SAVED
2026-08-06 20:07:35 | [Thread 138685846644416] | [INFO] | [CACHE] | CACHE_SAVED
2026-08-06 20:07:35 | [Thread 138685846644416] | [INFO] | [CACHE] | CACHE_SAVED
2026-08-06 20:07:35 | [Thread 138685846644416] | [INFO] | [CACHE] | CACHE_SAVED
2026-08-06 20:07:35 | [Thread 138685846644416] | [INFO] | [CACHE] | CACHE_SAVED
2026-08-06 20:07:35 | [Thread 138685846644416] | [INFO] | [CACHE] | CACHE_SAVED
2026-08-06 20:07:35 | [Thread 138685846644416] | [INFO] | [CACHE] | CACHE_SAVED
2026-08-06 20:07:35 | [Thread 138685846644416] | [INFO] | [CACHE] | CACHE_SAVED
2026-08-06 20:07:35 | [Thread 138685846644416] | [INFO] | [CACHE] | CACHE_SAVED
2026-08-06 20:07:35 | [Thread 138685846644416] | [INFO] | [CACHE] | CACHE_SAVED
2026-08-06 20:07:35 | [Thread 138685846644416] | [INFO] | [CACHE] | CACHE_SAVED
2026-08-06 20:07:35 | [Thread 138685846644416] | [INFO] | [CACHE] | CACHE_SAVED
2026-08-06 20:07:35 | [Thread 138685846644416] | [INFO] | [CACHE] | CACHE_SAVED
2026-08-06 20:07:35 | [Thread 138685846644416] | [INFO] | [CACHE] | CACHE_SAVED
2026-08-06 20:07:35 | [Thread 138685846644416] | [INFO] | [CACHE] | CACHE_SAVED
2026-08-06 20:07:35 | [Thread 138685846644416] | [INFO] | [CACHE] | CACHE_SAVED
2026-08-06 20:07:35 | [Thread 138685846644416] | [INFO] | [CACHE] | CACHE_SAVED
2026-08-06 20:07:35 | [Thread 138685846644416] | [INFO] | [CACHE] | CACHE_SAVED
2026-08-06 20:07:35 | [Thread 138685846644416] | [INFO] | [CACHE] | CACHE_SAVED
2026-08-06 20:07:35 | [Thread 138685846644416] | [INFO] | [CACHE] | CACHE_SAVED
2026-08-06 20:07:35 | [Thread 138685846644416] | [INFO] | [CACHE] | CACHE_SAVED
2026-08-06 20:07:35 | [Thread 138685846644416] | [INFO] | [CACHE] | CACHE_SAVED
2026-08-06 20:07:35 | [Thread 138685846644416] | [INFO] | [CACHE] | CACHE_SAVED
2026-08-06 20:07:35 | [Thread 138685846644416] | [INFO] | [CACHE] | CACHE_SAVED
2026-08-06 20:07:35 | [Thread 138685846644416] | [INFO] | [CACHE] | CACHE_SAVED
2026-08-06 20:07:35 | [Thread 138685846644416] | [INFO] | [CACHE] | CACHE_SAVED
2026-08-06 20:07:35 | [Thread 138685846644416] | [INFO] | [CACHE] | CACHE_SAVED
2026-08-06 20:07:35 | [Thread 138685846644416] | [INFO] | [CACHE] | CACHE_SAVED
2026-08-06 20:07:35 | [Thread 138685846644416] | [INFO] | [CACHE] | CACHE_SAVED
2026-08-06 20:07:35 | [Thread 138685846644416] | [INFO] | [CACHE] | CACHE_SAVED
2026-08-06 20:07:35 | [Thread 138685846644416] | [INFO] | [CACHE] | CACHE_SAVED
2026-08-06 20:07:35 | [Thread 138685846644416] | [INFO] | [CACHE] | CACHE_SAVED
2026-08-06 20:07:35 | [Thread 138685846644416] | [INFO] | [CACHE] | CACHE_SAVED
2026-08-06 20:07:35 | [Thread 138685846644416] | [INFO] | [CACHE] | CACHE_SAVED
2026-08-06 20:07:35 | [Thread 138685846644416] | [INFO] | [CACHE] | CACHE_SAVED
2026-08-06 20:07:35 | [Thread 138685846644416] | [INFO] | [CACHE] | CACHE_SAVED
2026-08-06 20:07:35 | [Thread 138685846644416] | [INFO] | [CACHE] | CACHE_SAVED
2026-08-06 20:07:35 | [Thread 138685846644416] | [INFO] | [CACHE] | CACHE_SAVED
2026-08-06 20:07:35 | [Thread 138685846644416] | [INFO] | [CACHE] | CACHE_SAVED
2026-08-06 20:07:35 | [Thread 138685846644416] | [INFO] | [CACHE] | CACHE_SAVED
2026-08-06 20:07:35 | [Thread 138685846644416] | [INFO] | [CACHE] | CACHE_SAVED
2026-08-06 20:07:35 | [Thread 138685846644416] | [INFO] | [CACHE] | CACHE_SAVED
2026-08-06 20:07:35 | [Thread 138685846644416] | [INFO] | [CACHE] | CACHE_SAVED
2026-08-06 20:07:35 | [Thread 138685846644416] | [INFO] | [CACHE] | CACHE_SAVED
2026-08-06 20:07:35 | [Thread 138685846644416] | [INFO] | [CACHE] | CACHE_SAVED
2026-08-06 20:07:35 | [Thread 138685846644416] | [INFO] | [CACHE] | CACHE_SAVED
2026-08-06 20:07:35 | [Thread 138685846644416] | [INFO] | [CACHE] | CACHE_SAVED
2026-08-06 20:07:35 | [Thread 138685846644416] | [INFO] | [CACHE] | CACHE_SAVED
2026-08-06 20:07:35 | [Thread 138685846644416] | [INFO] | [CACHE] | CACHE_SAVED
2026-08-06 20:07:35 | [Thread 138685846644416] | [INFO] | [CACHE] | CACHE_SAVED
2026-08-06 20:07:35 | [Thread 138685846644416] | [INFO] | [CACHE] | CACHE_SAVED
2026-08-06 20:07:35 | [Thread 138685846644416] | [INFO] | [CACHE] | CACHE_SAVED
2026-08-06 20:07:35 | [Thread 138685846644416] | [INFO] | [CACHE] | CACHE_SAVED
2026-08-06 20:07:35 | [Thread 138685846644416] | [INFO] | [CACHE] | CACHE_SAVED
2026-08-06 20:07:35 | [Thread 138685846644416] | [INFO] | [CACHE] | CACHE_SAVED
2026-08-06 20:07:35 | [Thread 138685846644416] | [INFO] | [CACHE] | CACHE_SAVED
2026-08-06 20:07:35 | [Thread 138685846644416] | [INFO] | [CACHE] | CACHE_SAVED
2026-08-06 20:07:35 | [Thread 138685846644416] | [INFO] | [CACHE] | CACHE_SAVED
2026-08-06 20:07:35 | [Thread 138685846644416] | [INFO] | [CACHE] | CACHE_SAVED
2026-08-06 20:07:35 | [Thread 138685846644416] | [INFO] | [CACHE] | CACHE_SAVED
2026-08-06 20:07:35 | [Thread 138685846644416] | [INFO] | [CACHE] | CACHE_SAVED
2026-08-06 20:07:35 | [Thread 138685846644416] | [INFO] | [CACHE] | CACHE_SAVED
2026-08-06 20:07:35 | [Thread 138685846644416] | [INFO] | [CACHE] | CACHE_SAVED
2026-08-06 20:07:35 | [Thread 138685846644416] | [INFO] | [CACHE] | CACHE_SAVED
2026-08-06 20:07:35 | [Thread 138685846644416] | [INFO] | [CACHE] | CACHE_SAVED
2026-08-06 20:07:35 | [Thread 138685846644416] | [INFO] | [CACHE] | CACHE_SAVED
2026-08-06 20:07:35 | [Thread 138685846644416] | [INFO] | [CACHE] | CACHE_SAVED
2026-08-06 20:07:35 | [Thread 138685846644416] | [INFO] | [CACHE] | CACHE_SAVED
2026-08-06 20:07:35 | [Thread 138685846644416] | [INFO] | [CACHE] | CACHE_SAVED
2026-08-06 20:07:35 | [Thread 138685846644416] | [INFO] | [CACHE] | CACHE_SAVED
2026-08-06 20:07:35 | [Thread 138685846644416] | [INFO] | [CACHE] | CACHE_SAVED
2026-08-06 20:07:35 | [Thread 138685846644416] | [INFO] | [CACHE] | CACHE_SAVED
2026-08-06 20:07:35 | [Thread 138685846644416] | [INFO] | [CACHE] | CACHE_SAVED
2026-08-06 20:07:35 | [Thread 138685846644416] | [INFO] | [CACHE] | CACHE_SAVED
2026-08-06 20:07:35 | [Thread 138685846644416] | [INFO] | [CACHE] | CACHE_SAVED
2026-08-06 20:07:35 | [Thread 138685846644416] | [INFO] | [CACHE] | CACHE_SAVED
2026-08-06 20:07:35 | [Thread 138685846644416] | [INFO] | [CACHE] | CACHE_SAVED
2026-08-06 20:07:35 | [Thread 138685846644416] | [INFO] | [CACHE] | CACHE_SAVED
2026-08-06 20:07:35 | [Thread 138685846644416] | [INFO] | [CACHE] | CACHE_SAVED
2026-08-06 20:07:44 | [Thread 132993947506368] | [INFO] | [STRESS] | Heartbeat check
2026-08-06 20:07:44 | [Thread 132993729427136] | [INFO] | [STRESS] | Heartbeat check
2026-08-06 20:07:44 | [Thread 132993721034432] | [INFO] | [STRESS] | Heartbeat check
2026-08-06 20:07:44 | [Thread 132993721034432] | [ERROR] | [STRESS] | Simulated minor non-fatal log
2026-08-06 20:07:44 | [Thread 132993947506368] | [ERROR] | [STRESS] | Simulated minor non-fatal log
2026-08-06 20:07:44 | [Thread 132993729427136] | [ERROR] | [STRESS] | Simulated minor non-fatal log
2026-08-06 20:07:44 | [Thread 132993721034432] | [OPERATION] | [STRESS] | BULK_OP | NVDA
2026-08-06 20:07:44 | [Thread 132993729427136] | [OPERATION] | [STRESS] | BULK_OP | GOOGL
2026-08-06 20:07:44 | [Thread 132993947506368] | [OPERATION] | [STRESS] | BULK_OP | MSFT
2026-08-06 20:07:44 | [Thread 132993721034432] | [INFO] | [STRESS] | Heartbeat check
2026-08-06 20:07:44 | [Thread 132993947506368] | [INFO] | [STRESS] | Heartbeat check
2026-08-06 20:07:44 | [Thread 132993947506368] | [ERROR] | [STRESS] | Simulated minor non-fatal log
2026-08-06 20:07:44 | [Thread 132993947506368] | [OPERATION] | [STRESS] | BULK_OP | AMZN
2026-08-06 20:07:44 | [Thread 132993947506368] | [INFO] | [STRESS] | Heartbeat check
2026-08-06 20:07:44 | [Thread 132993721034432] | [ERROR] | [STRESS] | Simulated minor non-fatal log
2026-08-06 20:07:44 | [Thread 132993947506368] | [ERROR] | [STRESS] | Simulated minor non-fatal log
2026-08-06 20:07:44 | [Thread 132993729427136] | [INFO] | [STRESS] | Heartbeat check
2026-08-06 20:07:44 | [Thread 132993947506368] | [OPERATION] | [STRESS] | BULK_OP | NVDA
2026-08-06 20:07:44 | [Thread 132993729427136] | [ERROR] | [STRESS] | Simulated minor non-fatal log
2026-08-06 20:07:44 | [Thread 132993947506368] | [INFO] | [STRESS] | Heartbeat check
2026-08-06 20:07:44 | [Thread 132993729427136] | [OPERATION] | [STRESS] | BULK_OP | CSCO
2026-08-06 20:07:44 | [Thread 132993947506368] | [ERROR] | [STRESS] | Simulated minor non-fatal log
2026-08-06 20:07:44 | [Thread 132993721034432] | [OPERATION] | [STRESS] | BULK_OP | TXN
2026-08-06 20:07:44 | [Thread 132993947506368] | [OPERATION] | [STRESS] | BULK_OP | GOOGL
2026-08-06 20:07:44 | [Thread 132993721034432] | [INFO] | [STRESS] | Heartbeat check
2026-08-06 20:07:44 | [Thread 132993947506368] | [INFO] | [STRESS] | Heartbeat check
2026-08-06 20:07:44 | [Thread 132993721034432] | [ERROR] | [STRESS] | Simulated minor non-fatal log
2026-08-06 20:07:44 | [Thread 132993947506368] | [ERROR] | [STRESS] | Simulated minor non-fatal log
2026-08-06 20:07:44 | [Thread 132993721034432] | [OPERATION] | [STRESS] | BULK_OP | TSLA
2026-08-06 20:07:44 | [Thread 132993729427136] | [INFO] | [STRESS] | Heartbeat check
2026-08-06 20:07:44 | [Thread 132993729427136] | [ERROR] | [STRESS] | Simulated minor non-fatal log
2026-08-06 20:07:44 | [Thread 132993947506368] | [OPERATION] | [STRESS] | BULK_OP | AAPL
2026-08-06 20:07:44 | [Thread 132993729427136] | [OPERATION] | [STRESS] | BULK_OP | ORCL
2026-08-06 20:07:44 | [Thread 132993947506368] | [INFO] | [STRESS] | Heartbeat check
2026-08-06 20:07:44 | [Thread 132993729427136] | [INFO] | [STRESS] | Heartbeat check
2026-08-06 20:07:44 | [Thread 132993947506368] | [ERROR] | [STRESS] | Simulated minor non-fatal log
2026-08-06 20:07:44 | [Thread 132993721034432] | [INFO] | [STRESS] | Heartbeat check
2026-08-06 20:07:44 | [Thread 132993947506368] | [OPERATION] | [STRESS] | BULK_OP | TXN
2026-08-06 20:07:44 | [Thread 132993721034432] | [ERROR] | [STRESS] | Simulated minor non-fatal log
2026-08-06 20:07:44 | [Thread 132993947506368] | [INFO] | [STRESS] | Heartbeat check
2026-08-06 20:07:44 | [Thread 132993721034432] | [OPERATION] | [STRESS] | BULK_OP | NFLX
2026-08-06 20:07:44 | [Thread 132993947506368] | [ERROR] | [STRESS] | Simulated minor non-fatal log
2026-08-06 20:07:44 | [Thread 132993721034432] | [INFO] | [STRESS] | Heartbeat check
2026-08-06 20:07:44 | [Thread 132993947506368] | [OPERATION] | [STRESS] | BULK_OP | QCOM
2026-08-06 20:07:44 | [Thread 132993947506368] | [INFO] | [STRESS] | Heartbeat check
2026-08-06 20:07:44 | [Thread 132993947506368] | [ERROR] | [STRESS] | Simulated minor non-fatal log
2026-08-06 20:07:44 | [Thread 132993947506368] | [OPERATION] | [STRESS] | BULK_OP | QCOM
2026-08-06 20:07:44 | [Thread 132993721034432] | [ERROR] | [STRESS] | Simulated minor non-fatal log
2026-08-06 20:07:44 | [Thread 132993947506368] | [INFO] | [STRESS] | Heartbeat check
2026-08-06 20:07:44 | [Thread 132993721034432] | [OPERATION] | [STRESS] | BULK_OP | MSFT
2026-08-06 20:07:44 | [Thread 132993947506368] | [ERROR] | [STRESS] | Simulated minor non-fatal log
2026-08-06 20:07:44 | [Thread 132993721034432] | [INFO] | [STRESS] | Heartbeat check
2026-08-06 20:07:44 | [Thread 132993947506368] | [OPERATION] | [STRESS] | BULK_OP | TXN
2026-08-06 20:07:44 | [Thread 132993721034432] | [ERROR] | [STRESS] | Simulated minor non-fatal log
2026-08-06 20:07:44 | [Thread 132993947506368] | [INFO] | [STRESS] | Heartbeat check
2026-08-06 20:07:44 | [Thread 132993721034432] | [OPERATION] | [STRESS] | BULK_OP | NVDA
2026-08-06 20:07:44 | [Thread 132993721034432] | [INFO] | [STRESS] | Heartbeat check
2026-08-06 20:07:44 | [Thread 132993721034432] | [ERROR] | [STRESS] | Simulated minor non-fatal log
2026-08-06 20:07:44 | [Thread 132993721034432] | [OPERATION] | [STRESS] | BULK_OP | CSCO
2026-08-06 20:07:44 | [Thread 132993729427136] | [ERROR] | [STRESS] | Simulated minor non-fatal log
2026-08-06 20:07:44 | [Thread 132993721034432] | [INFO] | [STRESS] | Heartbeat check
2026-08-06 20:07:44 | [Thread 132993729427136] | [OPERATION] | [STRESS] | BULK_OP | MSFT
2026-08-06 20:07:44 | [Thread 132993721034432] | [ERROR] | [STRESS] | Simulated minor non-fatal log
2026-08-06 20:07:44 | [Thread 132993729427136] | [INFO] | [STRESS] | Heartbeat check
2026-08-06 20:07:44 | [Thread 132993721034432] | [OPERATION] | [STRESS] | BULK_OP | AMZN
2026-08-06 20:07:44 | [Thread 132993729427136] | [ERROR] | [STRESS] | Simulated minor non-fatal log
2026-08-06 20:07:44 | [Thread 132993721034432] | [INFO] | [STRESS] | Heartbeat check
2026-08-06 20:07:44 | [Thread 132993729427136] | [OPERATION] | [STRESS] | BULK_OP | NFLX
2026-08-06 20:07:44 | [Thread 132993721034432] | [ERROR] | [STRESS] | Simulated minor non-fatal log
2026-08-06 20:07:44 | [Thread 132993729427136] | [INFO] | [STRESS] | Heartbeat check
2026-08-06 20:07:44 | [Thread 132993721034432] | [OPERATION] | [STRESS] | BULK_OP | TSLA
2026-08-06 20:07:44 | [Thread 132993729427136] | [OPERATION] | [STRESS] | BULK_OP | TXN
2026-08-06 20:07:44 | [Thread 132993721034432] | [OPERATION] | [STRESS] | BULK_OP | AMZN
2026-08-06 20:07:44 | [Thread 132993947506368] | [OPERATION] | [STRESS] | BULK_OP | TSLA
2026-08-06 20:07:44 | [Thread 132993729427136] | [INFO] | [STRESS] | Heartbeat check
2026-08-06 20:07:44 | [Thread 132993729427136] | [OPERATION] | [STRESS] | BULK_OP | AMD
2026-08-06 20:07:44 | [Thread 132993729427136] | [OPERATION] | [STRESS] | BULK_OP | TSLA
2026-08-06 20:07:44 | [Thread 132993729427136] | [INFO] | [STRESS] | Heartbeat check
2026-08-06 20:07:44 | [Thread 132993729427136] | [ERROR] | [STRESS] | Simulated minor non-fatal log
2026-08-06 20:07:44 | [Thread 132993729427136] | [OPERATION] | [STRESS] | BULK_OP | GOOGL
2026-08-06 20:07:44 | [Thread 132993729427136] | [INFO] | [STRESS] | Heartbeat check
2026-08-06 20:07:44 | [Thread 132993729427136] | [INFO] | [STRESS] | Heartbeat check
2026-08-06 20:07:44 | [Thread 132993721034432] | [ERROR] | [STRESS] | Simulated minor non-fatal log
2026-08-06 20:07:44 | [Thread 132993721034432] | [ERROR] | [STRESS] | Simulated minor non-fatal log
2026-08-06 20:07:44 | [Thread 132993721034432] | [INFO] | [STRESS] | Heartbeat check
2026-08-06 20:07:44 | [Thread 132993721034432] | [INFO] | [STRESS] | Heartbeat check
2026-08-06 20:07:44 | [Thread 132993704249024] | [INFO] | [STRESS] | Heartbeat check
2026-08-06 20:07:44 | [Thread 132993721034432] | [ERROR] | [STRESS] | Simulated minor non-fatal log
2026-08-06 20:07:44 | [Thread 132993712641728] | [OPERATION] | [STRESS] | BULK_OP | GOOGL
2026-08-06 20:07:44 | [Thread 132993947506368] | [INFO] | [STRESS] | Heartbeat check
2026-08-06 20:07:44 | [Thread 132993729427136] | [OPERATION] | [STRESS] | BULK_OP | META
2026-08-06 20:07:44 | [Thread 132993729427136] | [ERROR] | [STRESS] | Simulated minor non-fatal log
2026-08-06 20:07:44 | [Thread 132993704249024] | [OPERATION] | [STRESS] | BULK_OP | ORCL
2026-08-06 20:07:44 | [Thread 132993704249024] | [OPERATION] | [STRESS] | BULK_OP | MSFT
2026-08-06 20:07:44 | [Thread 132993721034432] | [INFO] | [STRESS] | Heartbeat check
2026-08-06 20:07:44 | [Thread 132993721034432] | [INFO] | [STRESS] | Heartbeat check
2026-08-06 20:07:44 | [Thread 132993704249024] | [ERROR] | [STRESS] | Simulated minor non-fatal log
2026-08-06 20:07:44 | [Thread 132993704249024] | [INFO] | [STRESS] | Heartbeat check
2026-08-06 20:07:44 | [Thread 132993729427136] | [INFO] | [STRESS] | Heartbeat check
2026-08-06 20:07:44 | [Thread 132993729427136] | [ERROR] | [STRESS] | Simulated minor non-fatal log
2026-08-06 20:07:44 | [Thread 132993704249024] | [ERROR] | [STRESS] | Simulated minor non-fatal log
2026-08-06 20:07:44 | [Thread 132993729427136] | [OPERATION] | [STRESS] | BULK_OP | NFLX
2026-08-06 20:07:44 | [Thread 132993704249024] | [ERROR] | [STRESS] | Simulated minor non-fatal log
2026-08-06 20:07:44 | [Thread 132993695856320] | [INFO] | [STRESS] | Heartbeat check
2026-08-06 20:07:44 | [Thread 132993712641728] | [INFO] | [STRESS] | Heartbeat check
2026-08-06 20:07:44 | [Thread 132993712641728] | [OPERATION] | [STRESS] | BULK_OP | META
2026-08-06 20:07:44 | [Thread 132993704249024] | [ERROR] | [STRESS] | Simulated minor non-fatal log
2026-08-06 20:07:44 | [Thread 132993704249024] | [OPERATION] | [STRESS] | BULK_OP | IBM
2026-08-06 20:07:44 | [Thread 132993704249024] | [ERROR] | [STRESS] | Simulated minor non-fatal log
2026-08-06 20:07:44 | [Thread 132994375345856] | [INFO] | [CACHE] | CACHE_SAVED
2026-08-06 20:07:44 | [Thread 132993704249024] | [OPERATION] | [STRESS] | BULK_OP | TSLA
2026-08-06 20:07:44 | [Thread 132993695856320] | [OPERATION] | [STRESS] | BULK_OP | TSLA
2026-08-06 20:07:44 | [Thread 132993947506368] | [INFO] | [STRESS] | Heartbeat check
2026-08-06 20:07:44 | [Thread 132993712641728] | [ERROR] | [STRESS] | Simulated minor non-fatal log
2026-08-06 20:07:44 | [Thread 132993721034432] | [OPERATION] | [STRESS] | BULK_OP | NFLX
2026-08-06 20:07:44 | [Thread 132993729427136] | [ERROR] | [STRESS] | Simulated minor non-fatal log
2026-08-06 20:07:44 | [Thread 132993712641728] | [OPERATION] | [STRESS] | BULK_OP | INTC
2026-08-06 20:07:44 | [Thread 132993947506368] | [OPERATION] | [STRESS] | BULK_OP | INTC
2026-08-06 20:07:44 | [Thread 132993721034432] | [INFO] | [STRESS] | Heartbeat check
2026-08-06 20:07:44 | [Thread 132993947506368] | [ERROR] | [STRESS] | Simulated minor non-fatal log
2026-08-06 20:07:44 | [Thread 132993947506368] | [ERROR] | [STRESS] | Simulated minor non-fatal log
2026-08-06 20:07:44 | [Thread 132993721034432] | [INFO] | [STRESS] | Heartbeat check
2026-08-06 20:07:44 | [Thread 132993947506368] | [OPERATION] | [STRESS] | BULK_OP | AAPL
2026-08-06 20:07:44 | [Thread 132993947506368] | [ERROR] | [STRESS] | Simulated minor non-fatal log
2026-08-06 20:07:44 | [Thread 132993947506368] | [INFO] | [STRESS] | Heartbeat check
2026-08-06 20:07:44 | [Thread 132993947506368] | [OPERATION] | [STRESS] | BULK_OP | AAPL
2026-08-06 20:07:44 | [Thread 132993947506368] | [OPERATION] | [STRESS] | BULK_OP | TSLA
2026-08-06 20:07:44 | [Thread 132993947506368] | [OPERATION] | [STRESS] | BULK_OP | INTC
2026-08-06 20:07:44 | [Thread 132993947506368] | [INFO] | [STRESS] | Heartbeat check
2026-08-06 20:07:44 | [Thread 132993947506368] | [ERROR] | [STRESS] | Simulated minor non-fatal log
2026-08-06 20:07:44 | [Thread 132993947506368] | [ERROR] | [STRESS] | Simulated minor non-fatal log
2026-08-06 20:07:44 | [Thread 132993947506368] | [OPERATION] | [STRESS] | BULK_OP | TXN
2026-08-06 20:07:44 | [Thread 132993947506368] | [OPERATION] | [STRESS] | BULK_OP | INTC
2026-08-06 20:07:44 | [Thread 132993721034432] | [INFO] | [STRESS] | Heartbeat check
2026-08-06 20:07:44 | [Thread 132993721034432] | [ERROR] | [STRESS] | Simulated minor non-fatal log
2026-08-06 20:07:44 | [Thread 132993721034432] | [ERROR] | [STRESS] | Simulated minor non-fatal log
2026-08-06 20:07:44 | [Thread 132993687463616] | [INFO] | [STRESS] | Heartbeat check
2026-08-06 20:07:44 | [Thread 132993687463616] | [INFO] | [STRESS] | Heartbeat check
2026-08-06 20:07:44 | [Thread 132993712641728] | [INFO] | [STRESS] | Heartbeat check
2026-08-06 20:07:44 | [Thread 132993695856320] | [OPERATION] | [STRESS] | BULK_OP | ORCL
2026-08-06 20:07:44 | [Thread 132993695856320] | [ERROR] | [STRESS] | Simulated minor non-fatal log
2026-08-06 20:07:44 | [Thread 132993947506368] | [OPERATION] | [STRESS] | BULK_OP | TXN
2026-08-06 20:07:44 | [Thread 132993947506368] | [ERROR] | [STRESS] | Simulated minor non-fatal log
2026-08-06 20:07:44 | [Thread 132993947506368] | [OPERATION] | [STRESS] | BULK_OP | INTC
2026-08-06 20:07:44 | [Thread 132993721034432] | [INFO] | [STRESS] | Heartbeat check
2026-08-06 20:07:44 | [Thread 132993704249024] | [OPERATION] | [STRESS] | BULK_OP | AAPL
2026-08-06 20:07:44 | [Thread 132993704249024] | [INFO] | [STRESS] | Heartbeat check
2026-08-06 20:07:44 | [Thread 132993704249024] | [ERROR] | [STRESS] | Simulated minor non-fatal log
2026-08-06 20:07:44 | [Thread 132993721034432] | [ERROR] | [STRESS] | Simulated minor non-fatal log
2026-08-06 20:07:44 | [Thread 132993704249024] | [ERROR] | [STRESS] | Simulated minor non-fatal log
2026-08-06 20:07:44 | [Thread 132993704249024] | [ERROR] | [STRESS] | Simulated minor non-fatal log
2026-08-06 20:07:44 | [Thread 132993704249024] | [INFO] | [STRESS] | Heartbeat check
2026-08-06 20:07:44 | [Thread 132993712641728] | [INFO] | [STRESS] | Heartbeat check
2026-08-06 20:07:44 | [Thread 132993704249024] | [INFO] | [STRESS] | Heartbeat check
2026-08-06 20:07:44 | [Thread 132993721034432] | [INFO] | [STRESS] | Heartbeat check
2026-08-06 20:07:44 | [Thread 132993721034432] | [INFO] | [STRESS] | Heartbeat check
2026-08-06 20:07:44 | [Thread 132993712641728] | [ERROR] | [STRESS] | Simulated minor non-fatal log
2026-08-06 20:07:44 | [Thread 132993721034432] | [OPERATION] | [STRESS] | BULK_OP | TSLA
2026-08-06 20:07:44 | [Thread 132993721034432] | [ERROR] | [STRESS] | Simulated minor non-fatal log
2026-08-06 20:07:44 | [Thread 132993729427136] | [ERROR] | [STRESS] | Simulated minor non-fatal log
2026-08-06 20:07:44 | [Thread 132993721034432] | [OPERATION] | [STRESS] | BULK_OP | QCOM
2026-08-06 20:07:44 | [Thread 132993721034432] | [OPERATION] | [STRESS] | BULK_OP | QCOM
2026-08-06 20:07:44 | [Thread 132993712641728] | [INFO] | [STRESS] | Heartbeat check
2026-08-06 20:07:44 | [Thread 132993712641728] | [ERROR] | [STRESS] | Simulated minor non-fatal log
2026-08-06 20:07:44 | [Thread 132993721034432] | [ERROR] | [STRESS] | Simulated minor non-fatal log
2026-08-06 20:07:44 | [Thread 132993704249024] | [INFO] | [STRESS] | Heartbeat check
2026-08-06 20:07:44 | [Thread 132993721034432] | [OPERATION] | [STRESS] | BULK_OP | GOOGL
2026-08-06 20:07:44 | [Thread 132993704249024] | [INFO] | [STRESS] | Heartbeat check
2026-08-06 20:07:44 | [Thread 132993704249024] | [OPERATION] | [STRESS] | BULK_OP | NFLX
2026-08-06 20:07:44 | [Thread 132993721034432] | [INFO] | [STRESS] | Heartbeat check
2026-08-06 20:07:44 | [Thread 132993721034432] | [OPERATION] | [STRESS] | BULK_OP | INTC
2026-08-06 20:07:44 | [Thread 132993721034432] | [OPERATION] | [STRESS] | BULK_OP | NFLX
2026-08-06 20:07:44 | [Thread 132993721034432] | [ERROR] | [STRESS] | Simulated minor non-fatal log
2026-08-06 20:07:44 | [Thread 132993721034432] | [OPERATION] | [STRESS] | BULK_OP | AMD
2026-08-06 20:07:44 | [Thread 132994375345856] | [INFO] | [CACHE] | CACHE_SAVED
2026-08-06 20:07:44 | [Thread 132993721034432] | [ERROR] | [STRESS] | Simulated minor non-fatal log
2026-08-06 20:07:44 | [Thread 132993695856320] | [OPERATION] | [STRESS] | BULK_OP | TSLA
2026-08-06 20:07:44 | [Thread 132993687463616] | [OPERATION] | [STRESS] | BULK_OP | META
2026-08-06 20:07:44 | [Thread 132993687463616] | [INFO] | [STRESS] | Heartbeat check
2026-08-06 20:07:44 | [Thread 132993695856320] | [OPERATION] | [STRESS] | BULK_OP | NVDA
2026-08-06 20:07:44 | [Thread 132993695856320] | [OPERATION] | [STRESS] | BULK_OP | IBM
2026-08-06 20:07:44 | [Thread 132993695856320] | [INFO] | [STRESS] | Heartbeat check
2026-08-06 20:07:44 | [Thread 132993712641728] | [ERROR] | [STRESS] | Simulated minor non-fatal log
2026-08-06 20:07:44 | [Thread 132993695856320] | [ERROR] | [STRESS] | Simulated minor non-fatal log
2026-08-06 20:07:44 | [Thread 132993687463616] | [INFO] | [STRESS] | Heartbeat check
2026-08-06 20:07:44 | [Thread 132993721034432] | [ERROR] | [STRESS] | Simulated minor non-fatal log
2026-08-06 20:07:44 | [Thread 132993729427136] | [OPERATION] | [STRESS] | BULK_OP | NVDA
2026-08-06 20:07:44 | [Thread 132993729427136] | [INFO] | [STRESS] | Heartbeat check
2026-08-06 20:07:44 | [Thread 132993695856320] | [OPERATION] | [STRESS] | BULK_OP | NFLX
2026-08-06 20:07:44 | [Thread 132993712641728] | [INFO] | [STRESS] | Heartbeat check
2026-08-06 20:07:44 | [Thread 132993721034432] | [INFO] | [STRESS] | Heartbeat check
2026-08-06 20:07:44 | [Thread 132993721034432] | [INFO] | [STRESS] | Heartbeat check
2026-08-06 20:07:44 | [Thread 132993687463616] | [OPERATION] | [STRESS] | BULK_OP | NVDA
2026-08-06 20:07:44 | [Thread 132993729427136] | [INFO] | [STRESS] | Heartbeat check
2026-08-06 20:07:44 | [Thread 132993729427136] | [OPERATION] | [STRESS] | BULK_OP | IBM
2026-08-06 20:07:44 | [Thread 132993729427136] | [INFO] | [STRESS] | Heartbeat check
2026-08-06 20:07:44 | [Thread 132993729427136] | [INFO] | [STRESS] | Heartbeat check
2026-08-06 20:07:44 | [Thread 132993947506368] | [OPERATION] | [STRESS] | BULK_OP | QCOM
2026-08-06 20:07:44 | [Thread 132993729427136] | [ERROR] | [STRESS] | Simulated minor non-fatal log
2026-08-06 20:07:44 | [Thread 132993729427136] | [OPERATION] | [STRESS] | BULK_OP | MSFT
2026-08-06 20:07:44 | [Thread 132993729427136] | [INFO] | [STRESS] | Heartbeat check
2026-08-06 20:07:44 | [Thread 132993687463616] | [INFO] | [STRESS] | Heartbeat check
2026-08-06 20:07:44 | [Thread 132993687463616] | [ERROR] | [STRESS] | Simulated minor non-fatal log
2026-08-06 20:07:44 | [Thread 132993687463616] | [OPERATION] | [STRESS] | BULK_OP | INTC
2026-08-06 20:07:44 | [Thread 132993687463616] | [INFO] | [STRESS] | Heartbeat check
2026-08-06 20:07:44 | [Thread 132993721034432] | [OPERATION] | [STRESS] | BULK_OP | TSLA
2026-08-06 20:07:44 | [Thread 132993695856320] | [INFO] | [STRESS] | Heartbeat check
2026-08-06 20:07:44 | [Thread 132993695856320] | [OPERATION] | [STRESS] | BULK_OP | TSLA
2026-08-06 20:07:44 | [Thread 132993729427136] | [OPERATION] | [STRESS] | BULK_OP | ORCL
2026-08-06 20:07:44 | [Thread 132993729427136] | [OPERATION] | [STRESS] | BULK_OP | MSFT
2026-08-06 20:07:44 | [Thread 132993695856320] | [OPERATION] | [STRESS] | BULK_OP | CSCO
2026-08-06 20:07:44 | [Thread 132993712641728] | [ERROR] | [STRESS] | Simulated minor non-fatal log
2026-08-06 20:07:44 | [Thread 132993712641728] | [INFO] | [STRESS] | Heartbeat check
2026-08-06 20:07:44 | [Thread 132993695856320] | [ERROR] | [STRESS] | Simulated minor non-fatal log
2026-08-06 20:07:44 | [Thread 132993704249024] | [OPERATION] | [STRESS] | BULK_OP | MSFT
2026-08-06 20:07:44 | [Thread 132993695856320] | [ERROR] | [STRESS] | Simulated minor non-fatal log
2026-08-06 20:07:44 | [Thread 132993704249024] | [INFO] | [STRESS] | Heartbeat check
2026-08-06 20:07:44 | [Thread 132993704249024] | [OPERATION] | [STRESS] | BULK_OP | AMZN
2026-08-06 20:07:44 | [Thread 132993704249024] | [INFO] | [STRESS] | Heartbeat check
2026-08-06 20:07:44 | [Thread 132993704249024] | [ERROR] | [STRESS] | Simulated minor non-fatal log
2026-08-06 20:07:44 | [Thread 132993687463616] | [ERROR] | [STRESS] | Simulated minor non-fatal log
2026-08-06 20:07:44 | [Thread 132993695856320] | [OPERATION] | [STRESS] | BULK_OP | NVDA
2026-08-06 20:07:44 | [Thread 132993687463616] | [ERROR] | [STRESS] | Simulated minor non-fatal log
2026-08-06 20:07:44 | [Thread 132993695856320] | [ERROR] | [STRESS] | Simulated minor non-fatal log
2026-08-06 20:07:44 | [Thread 132993721034432] | [OPERATION] | [STRESS] | BULK_OP | IBM
2026-08-06 20:07:44 | [Thread 132993695856320] | [ERROR] | [STRESS] | Simulated minor non-fatal log
2026-08-06 20:07:44 | [Thread 132993721034432] | [INFO] | [STRESS] | Heartbeat check
2026-08-06 20:07:44 | [Thread 132993721034432] | [ERROR] | [STRESS] | Simulated minor non-fatal log
2026-08-06 20:07:44 | [Thread 132993721034432] | [OPERATION] | [STRESS] | BULK_OP | TSLA
2026-08-06 20:07:44 | [Thread 132993695856320] | [ERROR] | [STRESS] | Simulated minor non-fatal log
2026-08-06 20:07:44 | [Thread 132993721034432] | [OPERATION] | [STRESS] | BULK_OP | QCOM
2026-08-06 20:07:44 | [Thread 132993721034432] | [OPERATION] | [STRESS] | BULK_OP | AMD
2026-08-06 20:07:44 | [Thread 132993721034432] | [ERROR] | [STRESS] | Simulated minor non-fatal log
2026-08-06 20:07:44 | [Thread 132993947506368] | [INFO] | [STRESS] | Heartbeat check
2026-08-06 20:07:44 | [Thread 132993721034432] | [ERROR] | [STRESS] | Simulated minor non-fatal log
2026-08-06 20:07:44 | [Thread 132993712641728] | [ERROR] | [STRESS] | Simulated minor non-fatal log
2026-08-06 20:07:44 | [Thread 132993695856320] | [OPERATION] | [STRESS] | BULK_OP | TXN
2026-08-06 20:07:44 | [Thread 132993729427136] | [INFO] | [STRESS] | Heartbeat check
2026-08-06 20:07:44 | [Thread 132993729427136] | [ERROR] | [STRESS] | Simulated minor non-fatal log
2026-08-06 20:07:44 | [Thread 132993729427136] | [OPERATION] | [STRESS] | BULK_OP | ORCL
2026-08-06 20:07:44 | [Thread 132993729427136] | [INFO] | [STRESS] | Heartbeat check
2026-08-06 20:07:44 | [Thread 132993729427136] | [ERROR] | [STRESS] | Simulated minor non-fatal log
2026-08-06 20:07:44 | [Thread 132993729427136] | [OPERATION] | [STRESS] | BULK_OP | TSLA
2026-08-06 20:07:44 | [Thread 132993729427136] | [INFO] | [STRESS] | Heartbeat check
2026-08-06 20:07:44 | [Thread 132993729427136] | [ERROR] | [STRESS] | Simulated minor non-fatal log
2026-08-06 20:07:44 | [Thread 132993729427136] | [OPERATION] | [STRESS] | BULK_OP | GOOGL
2026-08-06 20:07:44 | [Thread 132993729427136] | [INFO] | [STRESS] | Heartbeat check
2026-08-06 20:07:44 | [Thread 132993729427136] | [ERROR] | [STRESS] | Simulated minor non-fatal log
2026-08-06 20:07:44 | [Thread 132993729427136] | [OPERATION] | [STRESS] | BULK_OP | AMZN
2026-08-06 20:07:44 | [Thread 132993729427136] | [INFO] | [STRESS] | Heartbeat check
2026-08-06 20:07:44 | [Thread 132993729427136] | [ERROR] | [STRESS] | Simulated minor non-fatal log
2026-08-06 20:07:44 | [Thread 132993729427136] | [OPERATION] | [STRESS] | BULK_OP | AMZN
2026-08-06 20:07:44 | [Thread 132993729427136] | [INFO] | [STRESS] | Heartbeat check
2026-08-06 20:07:44 | [Thread 132993729427136] | [ERROR] | [STRESS] | Simulated minor non-fatal log
2026-08-06 20:07:44 | [Thread 132993729427136] | [OPERATION] | [STRESS] | BULK_OP | AMD
2026-08-06 20:07:44 | [Thread 132993729427136] | [INFO] | [STRESS] | Heartbeat check
2026-08-06 20:07:44 | [Thread 132993729427136] | [ERROR] | [STRESS] | Simulated minor non-fatal log
2026-08-06 20:07:44 | [Thread 132993729427136] | [OPERATION] | [STRESS] | BULK_OP | QCOM
2026-08-06 20:07:44 | [Thread 132993729427136] | [INFO] | [STRESS] | Heartbeat check
2026-08-06 20:07:44 | [Thread 132993729427136] | [ERROR] | [STRESS] | Simulated minor non-fatal log
2026-08-06 20:07:44 | [Thread 132993729427136] | [OPERATION] | [STRESS] | BULK_OP | ORCL
2026-08-06 20:07:44 | [Thread 132993729427136] | [INFO] | [STRESS] | Heartbeat check
2026-08-06 20:07:44 | [Thread 132993729427136] | [ERROR] | [STRESS] | Simulated minor non-fatal log
2026-08-06 20:07:44 | [Thread 132993729427136] | [OPERATION] | [STRESS] | BULK_OP | INTC
2026-08-06 20:07:44 | [Thread 132993729427136] | [INFO] | [STRESS] | Heartbeat check
2026-08-06 20:07:44 | [Thread 132993729427136] | [ERROR] | [STRESS] | Simulated minor non-fatal log
2026-08-06 20:07:44 | [Thread 132993729427136] | [OPERATION] | [STRESS] | BULK_OP | IBM
2026-08-06 20:07:44 | [Thread 132993729427136] | [INFO] | [STRESS] | Heartbeat check
2026-08-06 20:07:44 | [Thread 132993729427136] | [ERROR] | [STRESS] | Simulated minor non-fatal log
2026-08-06 20:07:44 | [Thread 132993729427136] | [OPERATION] | [STRESS] | BULK_OP | AMD
2026-08-06 20:07:44 | [Thread 132993729427136] | [ERROR] | [STRESS] | Simulated minor non-fatal log
2026-08-06 20:07:44 | [Thread 132993729427136] | [INFO] | [STRESS] | Heartbeat check
2026-08-06 20:07:44 | [Thread 132993729427136] | [INFO] | [STRESS] | Heartbeat check
2026-08-06 20:07:44 | [Thread 132993729427136] | [OPERATION] | [STRESS] | BULK_OP | MSFT
2026-08-06 20:07:44 | [Thread 132993712641728] | [OPERATION] | [STRESS] | BULK_OP | NFLX
2026-08-06 20:07:44 | [Thread 132993712641728] | [INFO] | [STRESS] | Heartbeat check
2026-08-06 20:07:44 | [Thread 132993712641728] | [ERROR] | [STRESS] | Simulated minor non-fatal log
2026-08-06 20:07:44 | [Thread 132993712641728] | [OPERATION] | [STRESS] | BULK_OP | NVDA
2026-08-06 20:07:44 | [Thread 132993712641728] | [INFO] | [STRESS] | Heartbeat check
2026-08-06 20:07:44 | [Thread 132993712641728] | [ERROR] | [STRESS] | Simulated minor non-fatal log
2026-08-06 20:07:44 | [Thread 132993712641728] | [OPERATION] | [STRESS] | BULK_OP | CSCO
2026-08-06 20:07:44 | [Thread 132993712641728] | [INFO] | [STRESS] | Heartbeat check
2026-08-06 20:07:44 | [Thread 132993712641728] | [ERROR] | [STRESS] | Simulated minor non-fatal log
2026-08-06 20:07:44 | [Thread 132993712641728] | [OPERATION] | [STRESS] | BULK_OP | CSCO
2026-08-06 20:07:44 | [Thread 132993712641728] | [INFO] | [STRESS] | Heartbeat check
2026-08-06 20:07:44 | [Thread 132993712641728] | [ERROR] | [STRESS] | Simulated minor non-fatal log
2026-08-06 20:07:44 | [Thread 132993712641728] | [OPERATION] | [STRESS] | BULK_OP | QCOM
2026-08-06 20:07:44 | [Thread 132993712641728] | [INFO] | [STRESS] | Heartbeat check
2026-08-06 20:07:44 | [Thread 132993712641728] | [ERROR] | [STRESS] | Simulated minor non-fatal log
2026-08-06 20:07:44 | [Thread 132993712641728] | [OPERATION] | [STRESS] | BULK_OP | TSLA
2026-08-06 20:07:44 | [Thread 132993712641728] | [INFO] | [STRESS] | Heartbeat check
2026-08-06 20:07:44 | [Thread 132993712641728] | [ERROR] | [STRESS] | Simulated minor non-fatal log
2026-08-06 20:07:44 | [Thread 132993712641728] | [OPERATION] | [STRESS] | BULK_OP | AMD
2026-08-06 20:07:44 | [Thread 132993712641728] | [INFO] | [STRESS] | Heartbeat check
2026-08-06 20:07:44 | [Thread 132993712641728] | [ERROR] | [STRESS] | Simulated minor non-fatal log
2026-08-06 20:07:44 | [Thread 132993712641728] | [OPERATION] | [STRESS] | BULK_OP | AMZN
2026-08-06 20:07:44 | [Thread 132993712641728] | [INFO] | [STRESS] | Heartbeat check
2026-08-06 20:07:44 | [Thread 132993712641728] | [ERROR] | [STRESS] | Simulated minor non-fatal log
2026-08-06 20:07:44 | [Thread 132993712641728] | [OPERATION] | [STRESS] | BULK_OP | TXN
2026-08-06 20:07:44 | [Thread 132993712641728] | [INFO] | [STRESS] | Heartbeat check
2026-08-06 20:07:44 | [Thread 132993712641728] | [OPERATION] | [STRESS] | BULK_OP | AMZN
2026-08-06 20:07:44 | [Thread 132993712641728] | [ERROR] | [STRESS] | Simulated minor non-fatal log
2026-08-06 20:07:44 | [Thread 132993712641728] | [ERROR] | [STRESS] | Simulated minor non-fatal log
2026-08-06 20:07:44 | [Thread 132993712641728] | [ERROR] | [STRESS] | Simulated minor non-fatal log
2026-08-06 20:07:44 | [Thread 132993712641728] | [ERROR] | [STRESS] | Simulated minor non-fatal log
2026-08-06 20:07:44 | [Thread 132993712641728] | [INFO] | [STRESS] | Heartbeat check
2026-08-06 20:07:44 | [Thread 132993712641728] | [INFO] | [STRESS] | Heartbeat check
2026-08-06 20:07:44 | [Thread 132993712641728] | [OPERATION] | [STRESS] | BULK_OP | QCOM
2026-08-06 20:07:44 | [Thread 132993712641728] | [OPERATION] | [STRESS] | BULK_OP | IBM
2026-08-06 20:07:44 | [Thread 132993712641728] | [OPERATION] | [STRESS] | BULK_OP | INTC
2026-08-06 20:07:44 | [Thread 132993712641728] | [ERROR] | [STRESS] | Simulated minor non-fatal log
2026-08-06 20:07:44 | [Thread 132993712641728] | [ERROR] | [STRESS] | Simulated minor non-fatal log
2026-08-06 20:07:44 | [Thread 132993712641728] | [INFO] | [STRESS] | Heartbeat check
2026-08-06 20:07:44 | [Thread 132993712641728] | [OPERATION] | [STRESS] | BULK_OP | MSFT
2026-08-06 20:07:44 | [Thread 132993712641728] | [OPERATION] | [STRESS] | BULK_OP | NVDA
2026-08-06 20:07:44 | [Thread 132993712641728] | [ERROR] | [STRESS] | Simulated minor non-fatal log
2026-08-06 20:07:44 | [Thread 132993712641728] | [ERROR] | [STRESS] | Simulated minor non-fatal log
2026-08-06 20:07:44 | [Thread 132993712641728] | [ERROR] | [STRESS] | Simulated minor non-fatal log
2026-08-06 20:07:44 | [Thread 132993712641728] | [ERROR] | [STRESS] | Simulated minor non-fatal log
2026-08-06 20:07:44 | [Thread 132993687463616] | [OPERATION] | [STRESS] | BULK_OP | NVDA
2026-08-06 20:07:44 | [Thread 132993687463616] | [OPERATION] | [STRESS] | BULK_OP | META
2026-08-06 20:07:44 | [Thread 132993687463616] | [OPERATION] | [STRESS] | BULK_OP | AMZN
2026-08-06 20:07:44 | [Thread 132993704249024] | [ERROR] | [STRESS] | Simulated minor non-fatal log
2026-08-06 20:07:44 | [Thread 132993704249024] | [OPERATION] | [STRESS] | BULK_OP | TXN
2026-08-06 20:07:44 | [Thread 132993704249024] | [INFO] | [STRESS] | Heartbeat check
2026-08-06 20:07:44 | [Thread 132993721034432] | [INFO] | [STRESS] | Heartbeat check
2026-08-06 20:07:44 | [Thread 132993721034432] | [ERROR] | [STRESS] | Simulated minor non-fatal log
2026-08-06 20:07:44 | [Thread 132993947506368] | [ERROR] | [STRESS] | Simulated minor non-fatal log
2026-08-06 20:07:44 | [Thread 132993947506368] | [INFO] | [STRESS] | Heartbeat check
2026-08-06 20:07:44 | [Thread 132993947506368] | [INFO] | [STRESS] | Heartbeat check
2026-08-06 20:07:44 | [Thread 132993947506368] | [OPERATION] | [STRESS] | BULK_OP | NVDA
2026-08-06 20:07:44 | [Thread 132993947506368] | [OPERATION] | [STRESS] | BULK_OP | NVDA
2026-08-06 20:07:44 | [Thread 132993687463616] | [INFO] | [STRESS] | Heartbeat check
2026-08-06 20:07:44 | [Thread 132993695856320] | [INFO] | [STRESS] | Heartbeat check
2026-08-06 20:07:44 | [Thread 132993695856320] | [ERROR] | [STRESS] | Simulated minor non-fatal log
2026-08-06 20:07:44 | [Thread 132993687463616] | [ERROR] | [STRESS] | Simulated minor non-fatal log
2026-08-06 20:07:44 | [Thread 132993695856320] | [OPERATION] | [STRESS] | BULK_OP | INTC
2026-08-06 20:07:44 | [Thread 132993687463616] | [INFO] | [STRESS] | Heartbeat check
2026-08-06 20:07:44 | [Thread 132993695856320] | [OPERATION] | [STRESS] | BULK_OP | TXN
2026-08-06 20:07:44 | [Thread 132993695856320] | [OPERATION] | [STRESS] | BULK_OP | AMZN
2026-08-06 20:07:44 | [Thread 132993695856320] | [INFO] | [STRESS] | Heartbeat check
2026-08-06 20:07:44 | [Thread 132993721034432] | [ERROR] | [STRESS] | Simulated minor non-fatal log
2026-08-06 20:07:44 | [Thread 132993721034432] | [ERROR] | [STRESS] | Simulated minor non-fatal log
2026-08-06 20:07:44 | [Thread 132993721034432] | [ERROR] | [STRESS] | Simulated minor non-fatal log
2026-08-06 20:07:44 | [Thread 132993721034432] | [OPERATION] | [STRESS] | BULK_OP | IBM
2026-08-06 20:07:44 | [Thread 132993721034432] | [ERROR] | [STRESS] | Simulated minor non-fatal log
2026-08-06 20:07:44 | [Thread 132993721034432] | [INFO] | [STRESS] | Heartbeat check
2026-08-06 20:07:44 | [Thread 132993721034432] | [OPERATION] | [STRESS] | BULK_OP | NFLX
2026-08-06 20:07:44 | [Thread 132993721034432] | [OPERATION] | [STRESS] | BULK_OP | AMD
2026-08-06 20:07:44 | [Thread 132993695856320] | [OPERATION] | [STRESS] | BULK_OP | NVDA
2026-08-06 20:07:44 | [Thread 132993695856320] | [OPERATION] | [STRESS] | BULK_OP | NVDA
2026-08-06 20:07:44 | [Thread 132993721034432] | [OPERATION] | [STRESS] | BULK_OP | AMZN
2026-08-06 20:07:44 | [Thread 132993721034432] | [INFO] | [STRESS] | Heartbeat check
2026-08-06 20:07:44 | [Thread 132993687463616] | [OPERATION] | [STRESS] | BULK_OP | MSFT
2026-08-06 20:07:44 | [Thread 132993687463616] | [OPERATION] | [STRESS] | BULK_OP | AMZN
2026-08-06 20:07:44 | [Thread 132993687463616] | [OPERATION] | [STRESS] | BULK_OP | META
2026-08-06 20:07:44 | [Thread 132993687463616] | [ERROR] | [STRESS] | Simulated minor non-fatal log
2026-08-06 20:07:44 | [Thread 132993687463616] | [INFO] | [STRESS] | Heartbeat check
2026-08-06 20:07:44 | [Thread 132993695856320] | [INFO] | [STRESS] | Heartbeat check
2026-08-06 20:07:44 | [Thread 132993695856320] | [OPERATION] | [STRESS] | BULK_OP | ORCL
2026-08-06 20:07:44 | [Thread 132993721034432] | [OPERATION] | [STRESS] | BULK_OP | QCOM
2026-08-06 20:07:44 | [Thread 132993721034432] | [INFO] | [STRESS] | Heartbeat check
2026-08-06 20:07:44 | [Thread 132993704249024] | [ERROR] | [STRESS] | Simulated minor non-fatal log
2026-08-06 20:07:44 | [Thread 132993729427136] | [INFO] | [STRESS] | Heartbeat check
2026-08-06 20:07:44 | [Thread 132993712641728] | [ERROR] | [STRESS] | Simulated minor non-fatal log
2026-08-06 20:07:44 | [Thread 132993947506368] | [ERROR] | [STRESS] | Simulated minor non-fatal log
2026-08-06 20:07:44 | [Thread 132993704249024] | [ERROR] | [STRESS] | Simulated minor non-fatal log
2026-08-06 20:07:44 | [Thread 132993947506368] | [OPERATION] | [STRESS] | BULK_OP | CSCO
2026-08-06 20:07:44 | [Thread 132993712641728] | [INFO] | [STRESS] | Heartbeat check
2026-08-06 20:07:44 | [Thread 132993729427136] | [OPERATION] | [STRESS] | BULK_OP | AAPL
2026-08-06 20:07:44 | [Thread 132993712641728] | [INFO] | [STRESS] | Heartbeat check
2026-08-06 20:07:44 | [Thread 132993721034432] | [OPERATION] | [STRESS] | BULK_OP | NFLX
2026-08-06 20:07:44 | [Thread 132993712641728] | [ERROR] | [STRESS] | Simulated minor non-fatal log
2026-08-06 20:07:44 | [Thread 132993712641728] | [INFO] | [STRESS] | Heartbeat check
2026-08-06 20:07:44 | [Thread 132993947506368] | [INFO] | [STRESS] | Heartbeat check
2026-08-06 20:07:44 | [Thread 132993695856320] | [INFO] | [STRESS] | Heartbeat check
2026-08-06 20:07:44 | [Thread 132993695856320] | [OPERATION] | [STRESS] | BULK_OP | NFLX
2026-08-06 20:07:44 | [Thread 132993721034432] | [OPERATION] | [STRESS] | BULK_OP | NVDA
2026-08-06 20:07:44 | [Thread 132993729427136] | [OPERATION] | [STRESS] | BULK_OP | AMD
2026-08-06 20:07:44 | [Thread 132993729427136] | [OPERATION] | [STRESS] | BULK_OP | META
2026-08-06 20:07:44 | [Thread 132993947506368] | [INFO] | [STRESS] | Heartbeat check
2026-08-06 20:07:44 | [Thread 132993729427136] | [INFO] | [STRESS] | Heartbeat check
2026-08-06 20:07:44 | [Thread 132993704249024] | [ERROR] | [STRESS] | Simulated minor non-fatal log
2026-08-06 20:07:44 | [Thread 132993704249024] | [INFO] | [STRESS] | Heartbeat check
2026-08-06 20:07:44 | [Thread 132993704249024] | [ERROR] | [STRESS] | Simulated minor non-fatal log
2026-08-06 20:07:44 | [Thread 132993712641728] | [OPERATION] | [STRESS] | BULK_OP | INTC
2026-08-06 20:07:44 | [Thread 132993712641728] | [INFO] | [STRESS] | Heartbeat check
2026-08-06 20:07:44 | [Thread 132993704249024] | [OPERATION] | [STRESS] | BULK_OP | TXN
2026-08-06 20:07:44 | [Thread 132993704249024] | [OPERATION] | [STRESS] | BULK_OP | AMD
2026-08-06 20:07:44 | [Thread 132993695856320] | [INFO] | [STRESS] | Heartbeat check
2026-08-06 20:07:44 | [Thread 132993695856320] | [ERROR] | [STRESS] | Simulated minor non-fatal log
2026-08-06 20:07:44 | [Thread 132993947506368] | [OPERATION] | [STRESS] | BULK_OP | GOOGL
2026-08-06 20:07:44 | [Thread 132993947506368] | [INFO] | [STRESS] | Heartbeat check
2026-08-06 20:07:44 | [Thread 132993947506368] | [INFO] | [STRESS] | Heartbeat check
2026-08-06 20:07:44 | [Thread 132993947506368] | [INFO] | [STRESS] | Heartbeat check
2026-08-06 20:07:44 | [Thread 132993947506368] | [OPERATION] | [STRESS] | BULK_OP | NFLX
2026-08-06 20:07:44 | [Thread 132993947506368] | [OPERATION] | [STRESS] | BULK_OP | NFLX
2026-08-06 20:07:44 | [Thread 132993947506368] | [OPERATION] | [STRESS] | BULK_OP | AMZN
2026-08-06 20:07:44 | [Thread 132993729427136] | [OPERATION] | [STRESS] | BULK_OP | INTC
2026-08-06 20:07:44 | [Thread 132993729427136] | [ERROR] | [STRESS] | Simulated minor non-fatal log
2026-08-06 20:07:44 | [Thread 132993712641728] | [OPERATION] | [STRESS] | BULK_OP | META
2026-08-06 20:07:44 | [Thread 132993712641728] | [INFO] | [STRESS] | Heartbeat check
2026-08-06 20:07:44 | [Thread 132993712641728] | [ERROR] | [STRESS] | Simulated minor non-fatal log
2026-08-06 20:07:44 | [Thread 132993712641728] | [INFO] | [STRESS] | Heartbeat check
2026-08-06 20:07:44 | [Thread 132993721034432] | [OPERATION] | [STRESS] | BULK_OP | MSFT
2026-08-06 20:07:44 | [Thread 132993721034432] | [INFO] | [STRESS] | Heartbeat check
2026-08-06 20:07:44 | [Thread 132993721034432] | [OPERATION] | [STRESS] | BULK_OP | NVDA
2026-08-06 20:07:44 | [Thread 132993721034432] | [ERROR] | [STRESS] | Simulated minor non-fatal log
2026-08-06 20:07:44 | [Thread 132993721034432] | [INFO] | [STRESS] | Heartbeat check
2026-08-06 20:07:44 | [Thread 132993721034432] | [INFO] | [STRESS] | Heartbeat check
2026-08-06 20:07:44 | [Thread 132993721034432] | [ERROR] | [STRESS] | Simulated minor non-fatal log
2026-08-06 20:07:44 | [Thread 132993721034432] | [INFO] | [STRESS] | Heartbeat check
2026-08-06 20:07:44 | [Thread 132993721034432] | [ERROR] | [STRESS] | Simulated minor non-fatal log
2026-08-06 20:07:44 | [Thread 132993721034432] | [INFO] | [STRESS] | Heartbeat check
2026-08-06 20:07:44 | [Thread 132993721034432] | [OPERATION] | [STRESS] | BULK_OP | NVDA
2026-08-06 20:07:44 | [Thread 132993721034432] | [INFO] | [STRESS] | Heartbeat check
2026-08-06 20:07:44 | [Thread 132993721034432] | [INFO] | [STRESS] | Heartbeat check
2026-08-06 20:07:44 | [Thread 132993721034432] | [OPERATION] | [STRESS] | BULK_OP | CSCO
2026-08-06 20:07:44 | [Thread 132993721034432] | [OPERATION] | [STRESS] | BULK_OP | IBM
2026-08-06 20:07:44 | [Thread 132993721034432] | [OPERATION] | [STRESS] | BULK_OP | NFLX
2026-08-06 20:07:44 | [Thread 132993721034432] | [OPERATION] | [STRESS] | BULK_OP | MSFT
2026-08-06 20:07:44 | [Thread 132993721034432] | [OPERATION] | [STRESS] | BULK_OP | NFLX
2026-08-06 20:07:44 | [Thread 132993721034432] | [OPERATION] | [STRESS] | BULK_OP | AMD
2026-08-06 20:07:44 | [Thread 132993721034432] | [OPERATION] | [STRESS] | BULK_OP | AMZN
2026-08-06 20:07:44 | [Thread 132993721034432] | [OPERATION] | [STRESS] | BULK_OP | NVDA
2026-08-06 20:07:44 | [Thread 132993721034432] | [OPERATION] | [STRESS] | BULK_OP | AAPL
2026-08-06 20:07:44 | [Thread 132993721034432] | [INFO] | [STRESS] | Heartbeat check
2026-08-06 20:07:44 | [Thread 132993721034432] | [INFO] | [STRESS] | Heartbeat check
2026-08-06 20:07:44 | [Thread 132993721034432] | [INFO] | [STRESS] | Heartbeat check
2026-08-06 20:07:44 | [Thread 132993721034432] | [OPERATION] | [STRESS] | BULK_OP | TXN
2026-08-06 20:07:44 | [Thread 132993721034432] | [OPERATION] | [STRESS] | BULK_OP | GOOGL
2026-08-06 20:07:44 | [Thread 132993721034432] | [ERROR] | [STRESS] | Simulated minor non-fatal log
2026-08-06 20:07:44 | [Thread 132993687463616] | [OPERATION] | [STRESS] | BULK_OP | TXN
2026-08-06 20:07:44 | [Thread 132993687463616] | [ERROR] | [STRESS] | Simulated minor non-fatal log
2026-08-06 20:07:44 | [Thread 132993687463616] | [OPERATION] | [STRESS] | BULK_OP | QCOM
2026-08-06 20:07:44 | [Thread 132993687463616] | [OPERATION] | [STRESS] | BULK_OP | INTC
2026-08-06 20:07:44 | [Thread 132993687463616] | [ERROR] | [STRESS] | Simulated minor non-fatal log
2026-08-06 20:07:44 | [Thread 132993687463616] | [OPERATION] | [STRESS] | BULK_OP | AMZN
2026-08-06 20:07:44 | [Thread 132993687463616] | [OPERATION] | [STRESS] | BULK_OP | GOOGL
2026-08-06 20:07:44 | [Thread 132993687463616] | [ERROR] | [STRESS] | Simulated minor non-fatal log
2026-08-06 20:07:44 | [Thread 132993687463616] | [ERROR] | [STRESS] | Simulated minor non-fatal log
2026-08-06 20:07:44 | [Thread 132993687463616] | [INFO] | [STRESS] | Heartbeat check
2026-08-06 20:07:44 | [Thread 132993687463616] | [OPERATION] | [STRESS] | BULK_OP | CSCO
2026-08-06 20:07:44 | [Thread 132993687463616] | [ERROR] | [STRESS] | Simulated minor non-fatal log
2026-08-06 20:07:44 | [Thread 132993687463616] | [INFO] | [STRESS] | Heartbeat check
2026-08-06 20:07:44 | [Thread 132993687463616] | [ERROR] | [STRESS] | Simulated minor non-fatal log
2026-08-06 20:07:44 | [Thread 132993687463616] | [INFO] | [STRESS] | Heartbeat check
2026-08-06 20:07:44 | [Thread 132993687463616] | [OPERATION] | [STRESS] | BULK_OP | AMZN
2026-08-06 20:07:44 | [Thread 132993695856320] | [INFO] | [STRESS] | Heartbeat check
2026-08-06 20:07:44 | [Thread 132993695856320] | [ERROR] | [STRESS] | Simulated minor non-fatal log
2026-08-06 20:07:44 | [Thread 132993695856320] | [OPERATION] | [STRESS] | BULK_OP | TSLA
2026-08-06 20:07:44 | [Thread 132993695856320] | [ERROR] | [STRESS] | Simulated minor non-fatal log
2026-08-06 20:07:44 | [Thread 132993695856320] | [INFO] | [STRESS] | Heartbeat check
2026-08-06 20:07:44 | [Thread 132993695856320] | [OPERATION] | [STRESS] | BULK_OP | AMD
2026-08-06 20:07:44 | [Thread 132993695856320] | [OPERATION] | [STRESS] | BULK_OP | NVDA
2026-08-06 20:07:44 | [Thread 132993695856320] | [INFO] | [STRESS] | Heartbeat check
2026-08-06 20:07:44 | [Thread 132993712641728] | [OPERATION] | [STRESS] | BULK_OP | NVDA
2026-08-06 20:07:44 | [Thread 132993712641728] | [INFO] | [STRESS] | Heartbeat check
2026-08-06 20:07:44 | [Thread 132993947506368] | [ERROR] | [STRESS] | Simulated minor non-fatal log
2026-08-06 20:07:44 | [Thread 132993947506368] | [ERROR] | [STRESS] | Simulated minor non-fatal log
2026-08-06 20:07:44 | [Thread 132993695856320] | [INFO] | [STRESS] | Heartbeat check
2026-08-06 20:07:44 | [Thread 132993947506368] | [OPERATION] | [STRESS] | BULK_OP | INTC
2026-08-06 20:07:44 | [Thread 132993947506368] | [OPERATION] | [STRESS] | BULK_OP | MSFT
2026-08-06 20:07:44 | [Thread 132993947506368] | [OPERATION] | [STRESS] | BULK_OP | NVDA
2026-08-06 20:07:44 | [Thread 132993947506368] | [ERROR] | [STRESS] | Simulated minor non-fatal log
2026-08-06 20:07:44 | [Thread 132993695856320] | [OPERATION] | [STRESS] | BULK_OP | TSLA
2026-08-06 20:07:44 | [Thread 132993712641728] | [INFO] | [STRESS] | Heartbeat check
2026-08-06 20:07:44 | [Thread 132993712641728] | [OPERATION] | [STRESS] | BULK_OP | ORCL
2026-08-06 20:07:44 | [Thread 132993695856320] | [INFO] | [STRESS] | Heartbeat check
2026-08-06 20:07:44 | [Thread 132993695856320] | [INFO] | [STRESS] | Heartbeat check
2026-08-06 20:07:44 | [Thread 132993712641728] | [OPERATION] | [STRESS] | BULK_OP | IBM
2026-08-06 20:07:44 | [Thread 132993712641728] | [INFO] | [STRESS] | Heartbeat check
2026-08-06 20:07:44 | [Thread 132993712641728] | [OPERATION] | [STRESS] | BULK_OP | AMD
2026-08-06 20:07:44 | [Thread 132993947506368] | [ERROR] | [STRESS] | Simulated minor non-fatal log
2026-08-06 20:07:44 | [Thread 132993947506368] | [OPERATION] | [STRESS] | BULK_OP | AAPL
2026-08-06 20:07:44 | [Thread 132993947506368] | [INFO] | [STRESS] | Heartbeat check
2026-08-06 20:07:44 | [Thread 132993947506368] | [INFO] | [STRESS] | Heartbeat check
2026-08-06 20:07:44 | [Thread 132993947506368] | [INFO] | [STRESS] | Heartbeat check
2026-08-06 20:07:44 | [Thread 132993947506368] | [OPERATION] | [STRESS] | BULK_OP | ORCL
2026-08-06 20:07:44 | [Thread 132993947506368] | [ERROR] | [STRESS] | Simulated minor non-fatal log
2026-08-06 20:07:44 | [Thread 132993947506368] | [ERROR] | [STRESS] | Simulated minor non-fatal log
2026-08-06 20:07:44 | [Thread 132993947506368] | [INFO] | [STRESS] | Heartbeat check
2026-08-06 20:07:44 | [Thread 132993947506368] | [ERROR] | [STRESS] | Simulated minor non-fatal log
2026-08-06 20:07:44 | [Thread 132993947506368] | [INFO] | [STRESS] | Heartbeat check
2026-08-06 20:07:44 | [Thread 132993729427136] | [OPERATION] | [STRESS] | BULK_OP | AMD
2026-08-06 20:07:44 | [Thread 132993729427136] | [OPERATION] | [STRESS] | BULK_OP | NFLX
2026-08-06 20:07:44 | [Thread 132993729427136] | [OPERATION] | [STRESS] | BULK_OP | NVDA
2026-08-06 20:07:44 | [Thread 132993729427136] | [ERROR] | [STRESS] | Simulated minor non-fatal log
2026-08-06 20:07:44 | [Thread 132993729427136] | [INFO] | [STRESS] | Heartbeat check
2026-08-06 20:07:44 | [Thread 132993729427136] | [OPERATION] | [STRESS] | BULK_OP | META
2026-08-06 20:07:44 | [Thread 132993729427136] | [OPERATION] | [STRESS] | BULK_OP | META
2026-08-06 20:07:44 | [Thread 132993729427136] | [INFO] | [STRESS] | Heartbeat check
2026-08-06 20:07:44 | [Thread 132993729427136] | [INFO] | [STRESS] | Heartbeat check
2026-08-06 20:07:44 | [Thread 132993729427136] | [ERROR] | [STRESS] | Simulated minor non-fatal log
2026-08-06 20:07:44 | [Thread 132993729427136] | [INFO] | [STRESS] | Heartbeat check
2026-08-06 20:07:44 | [Thread 132993729427136] | [ERROR] | [STRESS] | Simulated minor non-fatal log
2026-08-06 20:07:44 | [Thread 132993695856320] | [ERROR] | [STRESS] | Simulated minor non-fatal log
2026-08-06 20:07:44 | [Thread 132993704249024] | [OPERATION] | [STRESS] | BULK_OP | ORCL
2026-08-06 20:07:44 | [Thread 132993704249024] | [INFO] | [STRESS] | Heartbeat check
2026-08-06 20:07:44 | [Thread 132993704249024] | [ERROR] | [STRESS] | Simulated minor non-fatal log
2026-08-06 20:07:44 | [Thread 132993704249024] | [OPERATION] | [STRESS] | BULK_OP | NVDA
2026-08-06 20:07:44 | [Thread 132993704249024] | [OPERATION] | [STRESS] | BULK_OP | MSFT
2026-08-06 20:07:44 | [Thread 132993704249024] | [ERROR] | [STRESS] | Simulated minor non-fatal log
2026-08-06 20:07:44 | [Thread 132993704249024] | [INFO] | [STRESS] | Heartbeat check
2026-08-06 20:07:44 | [Thread 132993704249024] | [OPERATION] | [STRESS] | BULK_OP | NFLX
2026-08-06 20:07:44 | [Thread 132993704249024] | [ERROR] | [STRESS] | Simulated minor non-fatal log
2026-08-06 20:07:44 | [Thread 132993704249024] | [ERROR] | [STRESS] | Simulated minor non-fatal log
2026-08-06 20:07:44 | [Thread 132993704249024] | [ERROR] | [STRESS] | Simulated minor non-fatal log
2026-08-06 20:07:44 | [Thread 132993704249024] | [INFO] | [STRESS] | Heartbeat check
2026-08-06 20:07:44 | [Thread 132993704249024] | [OPERATION] | [STRESS] | BULK_OP | QCOM
2026-08-06 20:07:44 | [Thread 132993704249024] | [ERROR] | [STRESS] | Simulated minor non-fatal log
2026-08-06 20:07:44 | [Thread 132993704249024] | [ERROR] | [STRESS] | Simulated minor non-fatal log
2026-08-06 20:07:44 | [Thread 132993704249024] | [INFO] | [STRESS] | Heartbeat check
2026-08-06 20:07:44 | [Thread 132993704249024] | [INFO] | [STRESS] | Heartbeat check
2026-08-06 20:07:44 | [Thread 132993695856320] | [OPERATION] | [STRESS] | BULK_OP | TSLA
2026-08-06 20:07:44 | [Thread 132993695856320] | [OPERATION] | [STRESS] | BULK_OP | GOOGL
2026-08-06 20:07:44 | [Thread 132993695856320] | [OPERATION] | [STRESS] | BULK_OP | TSLA
2026-08-06 20:07:44 | [Thread 132993695856320] | [INFO] | [STRESS] | Heartbeat check
2026-08-06 20:07:44 | [Thread 132993695856320] | [INFO] | [STRESS] | Heartbeat check
2026-08-06 20:07:44 | [Thread 132993695856320] | [INFO] | [STRESS] | Heartbeat check
2026-08-06 20:07:44 | [Thread 132993695856320] | [OPERATION] | [STRESS] | BULK_OP | MSFT
2026-08-06 20:07:44 | [Thread 132993695856320] | [INFO] | [STRESS] | Heartbeat check
2026-08-06 20:07:44 | [Thread 132993695856320] | [INFO] | [STRESS] | Heartbeat check
2026-08-06 20:07:44 | [Thread 132993695856320] | [INFO] | [STRESS] | Heartbeat check
2026-08-06 20:07:44 | [Thread 132993695856320] | [OPERATION] | [STRESS] | BULK_OP | ORCL
2026-08-06 20:07:44 | [Thread 132993695856320] | [OPERATION] | [STRESS] | BULK_OP | GOOGL
2026-08-06 20:07:44 | [Thread 132993695856320] | [ERROR] | [STRESS] | Simulated minor non-fatal log
2026-08-06 20:07:44 | [Thread 132993695856320] | [INFO] | [STRESS] | Heartbeat check
2026-08-06 20:07:44 | [Thread 132993704249024] | [OPERATION] | [STRESS] | BULK_OP | NFLX
2026-08-06 20:07:44 | [Thread 132993704249024] | [ERROR] | [STRESS] | Simulated minor non-fatal log
2026-08-06 20:07:44 | [Thread 132993704249024] | [INFO] | [STRESS] | Heartbeat check
2026-08-06 20:07:44 | [Thread 132993704249024] | [INFO] | [STRESS] | Heartbeat check
2026-08-06 20:07:44 | [Thread 132993704249024] | [ERROR] | [STRESS] | Simulated minor non-fatal log
2026-08-06 20:07:44 | [Thread 132993687463616] | [ERROR] | [STRESS] | Simulated minor non-fatal log
2026-08-06 20:07:44 | [Thread 132993687463616] | [OPERATION] | [STRESS] | BULK_OP | IBM
2026-08-06 20:07:44 | [Thread 132993687463616] | [INFO] | [STRESS] | Heartbeat check
2026-08-06 20:07:44 | [Thread 132993687463616] | [ERROR] | [STRESS] | Simulated minor non-fatal log
2026-08-06 20:07:44 | [Thread 132993687463616] | [OPERATION] | [STRESS] | BULK_OP | NVDA
2026-08-06 20:07:44 | [Thread 132993687463616] | [INFO] | [STRESS] | Heartbeat check
2026-08-06 20:07:44 | [Thread 132993687463616] | [ERROR] | [STRESS] | Simulated minor non-fatal log
2026-08-06 20:07:44 | [Thread 132993729427136] | [OPERATION] | [STRESS] | BULK_OP | AMZN
2026-08-06 20:07:44 | [Thread 132993729427136] | [INFO] | [STRESS] | Heartbeat check
2026-08-06 20:07:44 | [Thread 132993729427136] | [ERROR] | [STRESS] | Simulated minor non-fatal log
2026-08-06 20:07:44 | [Thread 132993729427136] | [OPERATION] | [STRESS] | BULK_OP | GOOGL
2026-08-06 20:07:44 | [Thread 132993729427136] | [INFO] | [STRESS] | Heartbeat check
2026-08-06 20:07:44 | [Thread 132993729427136] | [OPERATION] | [STRESS] | BULK_OP | TXN
2026-08-06 20:07:44 | [Thread 132993729427136] | [INFO] | [STRESS] | Heartbeat check
2026-08-06 20:07:44 | [Thread 132993729427136] | [INFO] | [STRESS] | Heartbeat check
2026-08-06 20:07:44 | [Thread 132993695856320] | [OPERATION] | [STRESS] | BULK_OP | AMZN
2026-08-06 20:07:44 | [Thread 132993712641728] | [OPERATION] | [STRESS] | BULK_OP | ORCL
2026-08-06 20:07:44 | [Thread 132993712641728] | [INFO] | [STRESS] | Heartbeat check
2026-08-06 20:07:44 | [Thread 132993712641728] | [ERROR] | [STRESS] | Simulated minor non-fatal log
2026-08-06 20:07:44 | [Thread 132993712641728] | [ERROR] | [STRESS] | Simulated minor non-fatal log
2026-08-06 20:07:44 | [Thread 132993712641728] | [ERROR] | [STRESS] | Simulated minor non-fatal log
2026-08-06 20:07:44 | [Thread 132993947506368] | [ERROR] | [STRESS] | Simulated minor non-fatal log
2026-08-06 20:07:44 | [Thread 132994375345856] | [INFO] | [CACHE] | CACHE_SAVED
2026-08-06 20:07:44 | [Thread 132993695856320] | [INFO] | [STRESS] | Heartbeat check
2026-08-06 20:07:44 | [Thread 132993687463616] | [INFO] | [STRESS] | Heartbeat check
2026-08-06 20:07:44 | [Thread 132993947506368] | [INFO] | [STRESS] | Heartbeat check
2026-08-06 20:07:44 | [Thread 132993687463616] | [OPERATION] | [STRESS] | BULK_OP | IBM
2026-08-06 20:07:44 | [Thread 132993687463616] | [INFO] | [STRESS] | Heartbeat check
2026-08-06 20:07:44 | [Thread 132993721034432] | [ERROR] | [STRESS] | Simulated minor non-fatal log
2026-08-06 20:07:44 | [Thread 132993721034432] | [OPERATION] | [STRESS] | BULK_OP | TXN
2026-08-06 20:07:44 | [Thread 132993721034432] | [INFO] | [STRESS] | Heartbeat check
2026-08-06 20:07:44 | [Thread 132993721034432] | [OPERATION] | [STRESS] | BULK_OP | NFLX
2026-08-06 20:07:44 | [Thread 132993721034432] | [INFO] | [STRESS] | Heartbeat check
2026-08-06 20:07:44 | [Thread 132993721034432] | [OPERATION] | [STRESS] | BULK_OP | CSCO
2026-08-06 20:07:44 | [Thread 132993721034432] | [OPERATION] | [STRESS] | BULK_OP | IBM
2026-08-06 20:07:44 | [Thread 132993721034432] | [ERROR] | [STRESS] | Simulated minor non-fatal log
2026-08-06 20:07:44 | [Thread 132993721034432] | [INFO] | [STRESS] | Heartbeat check
2026-08-06 20:07:44 | [Thread 132993721034432] | [INFO] | [STRESS] | Heartbeat check
2026-08-06 20:07:44 | [Thread 132993721034432] | [ERROR] | [STRESS] | Simulated minor non-fatal log
2026-08-06 20:07:44 | [Thread 132993721034432] | [ERROR] | [STRESS] | Simulated minor non-fatal log
2026-08-06 20:07:44 | [Thread 132993721034432] | [OPERATION] | [STRESS] | BULK_OP | NFLX
2026-08-06 20:07:44 | [Thread 132993721034432] | [OPERATION] | [STRESS] | BULK_OP | MSFT
2026-08-06 20:07:44 | [Thread 132993721034432] | [INFO] | [STRESS] | Heartbeat check
2026-08-06 20:07:44 | [Thread 132993721034432] | [ERROR] | [STRESS] | Simulated minor non-fatal log
2026-08-06 20:07:44 | [Thread 132993721034432] | [OPERATION] | [STRESS] | BULK_OP | AMD
2026-08-06 20:07:44 | [Thread 132993721034432] | [OPERATION] | [STRESS] | BULK_OP | MSFT
2026-08-06 20:07:44 | [Thread 132993721034432] | [OPERATION] | [STRESS] | BULK_OP | MSFT
2026-08-06 20:07:44 | [Thread 132993721034432] | [INFO] | [STRESS] | Heartbeat check
2026-08-06 20:07:44 | [Thread 132993721034432] | [OPERATION] | [STRESS] | BULK_OP | AMD
2026-08-06 20:07:44 | [Thread 132993687463616] | [ERROR] | [STRESS] | Simulated minor non-fatal log
2026-08-06 20:07:44 | [Thread 132993687463616] | [INFO] | [STRESS] | Heartbeat check
2026-08-06 20:07:44 | [Thread 132993687463616] | [OPERATION] | [STRESS] | BULK_OP | TXN
2026-08-06 20:07:44 | [Thread 132993687463616] | [INFO] | [STRESS] | Heartbeat check
2026-08-06 20:07:44 | [Thread 132993687463616] | [ERROR] | [STRESS] | Simulated minor non-fatal log
2026-08-06 20:07:44 | [Thread 132993687463616] | [OPERATION] | [STRESS] | BULK_OP | TSLA
2026-08-06 20:07:44 | [Thread 132993687463616] | [INFO] | [STRESS] | Heartbeat check
2026-08-06 20:07:44 | [Thread 132993687463616] | [OPERATION] | [STRESS] | BULK_OP | META
2026-08-06 20:07:44 | [Thread 132993687463616] | [ERROR] | [STRESS] | Simulated minor non-fatal log
2026-08-06 20:07:44 | [Thread 132993687463616] | [OPERATION] | [STRESS] | BULK_OP | AMD
2026-08-06 20:07:44 | [Thread 132993687463616] | [ERROR] | [STRESS] | Simulated minor non-fatal log
2026-08-06 20:07:44 | [Thread 132993687463616] | [INFO] | [STRESS] | Heartbeat check
2026-08-06 20:07:44 | [Thread 132993687463616] | [ERROR] | [STRESS] | Simulated minor non-fatal log
2026-08-06 20:07:44 | [Thread 132993687463616] | [INFO] | [STRESS] | Heartbeat check
2026-08-06 20:07:44 | [Thread 132993687463616] | [ERROR] | [STRESS] | Simulated minor non-fatal log
2026-08-06 20:07:44 | [Thread 132993687463616] | [ERROR] | [STRESS] | Simulated minor non-fatal log
2026-08-06 20:07:44 | [Thread 132993729427136] | [ERROR] | [STRESS] | Simulated minor non-fatal log
2026-08-06 20:07:44 | [Thread 132993712641728] | [OPERATION] | [STRESS] | BULK_OP | TSLA
2026-08-06 20:07:44 | [Thread 132993712641728] | [ERROR] | [STRESS] | Simulated minor non-fatal log
2026-08-06 20:07:44 | [Thread 132993712641728] | [INFO] | [STRESS] | Heartbeat check
2026-08-06 20:07:44 | [Thread 132993712641728] | [OPERATION] | [STRESS] | BULK_OP | ORCL
2026-08-06 20:07:44 | [Thread 132993712641728] | [INFO] | [STRESS] | Heartbeat check
2026-08-06 20:07:44 | [Thread 132993712641728] | [INFO] | [STRESS] | Heartbeat check
2026-08-06 20:07:44 | [Thread 132993712641728] | [OPERATION] | [STRESS] | BULK_OP | NVDA
2026-08-06 20:07:44 | [Thread 132993712641728] | [OPERATION] | [STRESS] | BULK_OP | QCOM
2026-08-06 20:07:44 | [Thread 132993712641728] | [ERROR] | [STRESS] | Simulated minor non-fatal log
2026-08-06 20:07:44 | [Thread 132993712641728] | [ERROR] | [STRESS] | Simulated minor non-fatal log
2026-08-06 20:07:44 | [Thread 132993712641728] | [ERROR] | [STRESS] | Simulated minor non-fatal log
2026-08-06 20:07:44 | [Thread 132994375345856] | [INFO] | [CACHE] | CACHE_SAVED
2026-08-06 20:07:44 | [Thread 132993947506368] | [ERROR] | [STRESS] | Simulated minor non-fatal log
2026-08-06 20:07:44 | [Thread 132993947506368] | [OPERATION] | [STRESS] | BULK_OP | NVDA
2026-08-06 20:07:44 | [Thread 132993947506368] | [ERROR] | [STRESS] | Simulated minor non-fatal log
2026-08-06 20:07:44 | [Thread 132993947506368] | [INFO] | [STRESS] | Heartbeat check
2026-08-06 20:07:44 | [Thread 132993947506368] | [INFO] | [STRESS] | Heartbeat check
2026-08-06 20:07:44 | [Thread 132993947506368] | [INFO] | [STRESS] | Heartbeat check
2026-08-06 20:07:44 | [Thread 132993947506368] | [ERROR] | [STRESS] | Simulated minor non-fatal log
2026-08-06 20:07:44 | [Thread 132993947506368] | [ERROR] | [STRESS] | Simulated minor non-fatal log
2026-08-06 20:07:44 | [Thread 132994375345856] | [INFO] | [CACHE] | CACHE_SAVED
2026-08-06 20:07:44 | [Thread 132993695856320] | [INFO] | [STRESS] | Heartbeat check
2026-08-06 20:07:44 | [Thread 132993695856320] | [ERROR] | [STRESS] | Simulated minor non-fatal log
2026-08-06 20:07:44 | [Thread 132993695856320] | [OPERATION] | [STRESS] | BULK_OP | GOOGL
2026-08-06 20:07:44 | [Thread 132993695856320] | [INFO] | [STRESS] | Heartbeat check
2026-08-06 20:07:44 | [Thread 132993947506368] | [OPERATION] | [STRESS] | BULK_OP | IBM
2026-08-06 20:07:44 | [Thread 132993947506368] | [INFO] | [STRESS] | Heartbeat check
2026-08-06 20:07:44 | [Thread 132993695856320] | [ERROR] | [STRESS] | Simulated minor non-fatal log
2026-08-06 20:07:44 | [Thread 132993729427136] | [INFO] | [STRESS] | Heartbeat check
2026-08-06 20:07:44 | [Thread 132993695856320] | [INFO] | [STRESS] | Heartbeat check
2026-08-06 20:07:44 | [Thread 132993729427136] | [ERROR] | [STRESS] | Simulated minor non-fatal log
2026-08-06 20:07:44 | [Thread 132993729427136] | [OPERATION] | [STRESS] | BULK_OP | INTC
2026-08-06 20:07:44 | [Thread 132993695856320] | [OPERATION] | [STRESS] | BULK_OP | CSCO
2026-08-06 20:07:44 | [Thread 132993947506368] | [ERROR] | [STRESS] | Simulated minor non-fatal log
2026-08-06 20:07:44 | [Thread 132993947506368] | [OPERATION] | [STRESS] | BULK_OP | INTC
2026-08-06 20:07:44 | [Thread 132993695856320] | [INFO] | [STRESS] | Heartbeat check
2026-08-06 20:07:44 | [Thread 132993947506368] | [INFO] | [STRESS] | Heartbeat check
2026-08-06 20:07:44 | [Thread 132993947506368] | [OPERATION] | [STRESS] | BULK_OP | AAPL
2026-08-06 20:07:44 | [Thread 132993729427136] | [INFO] | [STRESS] | Heartbeat check
2026-08-06 20:07:44 | [Thread 132993947506368] | [INFO] | [STRESS] | Heartbeat check
2026-08-06 20:07:44 | [Thread 132993947506368] | [OPERATION] | [STRESS] | BULK_OP | IBM
2026-08-06 20:07:44 | [Thread 132993947506368] | [ERROR] | [STRESS] | Simulated minor non-fatal log
2026-08-06 20:07:44 | [Thread 132993695856320] | [INFO] | [STRESS] | Heartbeat check
2026-08-06 20:07:44 | [Thread 132993695856320] | [ERROR] | [STRESS] | Simulated minor non-fatal log
2026-08-06 20:07:44 | [Thread 132993695856320] | [OPERATION] | [STRESS] | BULK_OP | AMD
2026-08-06 20:07:44 | [Thread 132993947506368] | [OPERATION] | [STRESS] | BULK_OP | NFLX
2026-08-06 20:07:44 | [Thread 132993947506368] | [ERROR] | [STRESS] | Simulated minor non-fatal log
2026-08-06 20:07:44 | [Thread 132993704249024] | [INFO] | [STRESS] | Heartbeat check
2026-08-06 20:07:44 | [Thread 132993729427136] | [OPERATION] | [STRESS] | BULK_OP | TSLA
2026-08-06 20:07:44 | [Thread 132993704249024] | [OPERATION] | [STRESS] | BULK_OP | IBM
2026-08-06 20:07:44 | [Thread 132993947506368] | [OPERATION] | [STRESS] | BULK_OP | TXN
2026-08-06 20:07:44 | [Thread 132993729427136] | [INFO] | [STRESS] | Heartbeat check
2026-08-06 20:07:44 | [Thread 132993729427136] | [OPERATION] | [STRESS] | BULK_OP | TSLA
2026-08-06 20:07:44 | [Thread 132993729427136] | [ERROR] | [STRESS] | Simulated minor non-fatal log
2026-08-06 20:07:44 | [Thread 132993947506368] | [INFO] | [STRESS] | Heartbeat check
2026-08-06 20:07:44 | [Thread 132993947506368] | [INFO] | [STRESS] | Heartbeat check
2026-08-06 20:07:44 | [Thread 132993947506368] | [INFO] | [STRESS] | Heartbeat check
2026-08-06 20:07:44 | [Thread 132993704249024] | [ERROR] | [STRESS] | Simulated minor non-fatal log
2026-08-06 20:07:44 | [Thread 132993729427136] | [OPERATION] | [STRESS] | BULK_OP | AAPL
2026-08-06 20:07:44 | [Thread 132993729427136] | [OPERATION] | [STRESS] | BULK_OP | CSCO
2026-08-06 20:07:44 | [Thread 132993704249024] | [ERROR] | [STRESS] | Simulated minor non-fatal log
2026-08-06 20:07:44 | [Thread 132993695856320] | [ERROR] | [STRESS] | Simulated minor non-fatal log
2026-08-06 20:07:44 | [Thread 132993695856320] | [OPERATION] | [STRESS] | BULK_OP | QCOM
2026-08-06 20:07:44 | [Thread 132993704249024] | [OPERATION] | [STRESS] | BULK_OP | INTC
2026-08-06 20:07:44 | [Thread 132993947506368] | [ERROR] | [STRESS] | Simulated minor non-fatal log
2026-08-06 20:07:44 | [Thread 132993704249024] | [INFO] | [STRESS] | Heartbeat check
2026-08-06 20:07:44 | [Thread 132993729427136] | [ERROR] | [STRESS] | Simulated minor non-fatal log
2026-08-06 20:07:44 | [Thread 132993729427136] | [ERROR] | [STRESS] | Simulated minor non-fatal log
2026-08-06 20:07:44 | [Thread 132993695856320] | [INFO] | [STRESS] | Heartbeat check
2026-08-06 20:07:44 | [Thread 132993947506368] | [OPERATION] | [STRESS] | BULK_OP | TXN
2026-08-06 20:07:44 | [Thread 132993729427136] | [OPERATION] | [STRESS] | BULK_OP | META
2026-08-06 20:07:44 | [Thread 132993687463616] | [INFO] | [STRESS] | Heartbeat check
2026-08-06 20:07:44 | [Thread 132993687463616] | [INFO] | [STRESS] | Heartbeat check
2026-08-06 20:07:44 | [Thread 132993947506368] | [INFO] | [STRESS] | Heartbeat check
2026-08-06 20:07:44 | [Thread 132993947506368] | [ERROR] | [STRESS] | Simulated minor non-fatal log
2026-08-06 20:07:44 | [Thread 132993947506368] | [INFO] | [STRESS] | Heartbeat check
2026-08-06 20:07:44 | [Thread 132993947506368] | [ERROR] | [STRESS] | Simulated minor non-fatal log
2026-08-06 20:07:44 | [Thread 132993721034432] | [ERROR] | [STRESS] | Simulated minor non-fatal log
2026-08-06 20:07:44 | [Thread 132993695856320] | [INFO] | [STRESS] | Heartbeat check
2026-08-06 20:07:44 | [Thread 132993712641728] | [ERROR] | [STRESS] | Simulated minor non-fatal log
2026-08-06 20:07:44 | [Thread 132993947506368] | [OPERATION] | [STRESS] | BULK_OP | CSCO
2026-08-06 20:07:44 | [Thread 132993947506368] | [OPERATION] | [STRESS] | BULK_OP | CSCO
2026-08-06 20:07:44 | [Thread 132993712641728] | [ERROR] | [STRESS] | Simulated minor non-fatal log
2026-08-06 20:07:44 | [Thread 132993947506368] | [OPERATION] | [STRESS] | BULK_OP | NVDA
2026-08-06 20:07:44 | [Thread 132993712641728] | [INFO] | [STRESS] | Heartbeat check
2026-08-06 20:07:44 | [Thread 132993704249024] | [OPERATION] | [STRESS] | BULK_OP | CSCO
2026-08-06 20:07:44 | [Thread 132993695856320] | [ERROR] | [STRESS] | Simulated minor non-fatal log
2026-08-06 20:07:44 | [Thread 132993695856320] | [OPERATION] | [STRESS] | BULK_OP | QCOM
2026-08-06 20:07:44 | [Thread 132993947506368] | [INFO] | [STRESS] | Heartbeat check
2026-08-06 20:07:44 | [Thread 132993729427136] | [ERROR] | [STRESS] | Simulated minor non-fatal log
2026-08-06 20:07:44 | [Thread 132993947506368] | [OPERATION] | [STRESS] | BULK_OP | NFLX
2026-08-06 20:07:44 | [Thread 132993947506368] | [INFO] | [STRESS] | Heartbeat check
2026-08-06 20:07:44 | [Thread 132993712641728] | [INFO] | [STRESS] | Heartbeat check
2026-08-06 20:07:44 | [Thread 132993712641728] | [INFO] | [STRESS] | Heartbeat check
2026-08-06 20:07:44 | [Thread 132993704249024] | [ERROR] | [STRESS] | Simulated minor non-fatal log
2026-08-06 20:07:44 | [Thread 132993704249024] | [INFO] | [STRESS] | Heartbeat check
2026-08-06 20:07:44 | [Thread 132993947506368] | [OPERATION] | [STRESS] | BULK_OP | MSFT
2026-08-06 20:07:44 | [Thread 132993947506368] | [INFO] | [STRESS] | Heartbeat check
2026-08-06 20:07:44 | [Thread 132993704249024] | [OPERATION] | [STRESS] | BULK_OP | TXN
2026-08-06 20:07:44 | [Thread 132993947506368] | [OPERATION] | [STRESS] | BULK_OP | CSCO
2026-08-06 20:07:44 | [Thread 132993687463616] | [ERROR] | [STRESS] | Simulated minor non-fatal log
2026-08-06 20:07:44 | [Thread 132993712641728] | [ERROR] | [STRESS] | Simulated minor non-fatal log
2026-08-06 20:07:44 | [Thread 132993712641728] | [ERROR] | [STRESS] | Simulated minor non-fatal log
2026-08-06 20:07:44 | [Thread 132993687463616] | [OPERATION] | [STRESS] | BULK_OP | MSFT
2026-08-06 20:07:44 | [Thread 132993687463616] | [ERROR] | [STRESS] | Simulated minor non-fatal log
2026-08-06 20:07:44 | [Thread 132993687463616] | [ERROR] | [STRESS] | Simulated minor non-fatal log
2026-08-06 20:07:44 | [Thread 132993687463616] | [INFO] | [STRESS] | Heartbeat check
2026-08-06 20:07:44 | [Thread 132993695856320] | [OPERATION] | [STRESS] | BULK_OP | CSCO
2026-08-06 20:07:44 | [Thread 132993687463616] | [INFO] | [STRESS] | Heartbeat check
2026-08-06 20:07:44 | [Thread 132993729427136] | [OPERATION] | [STRESS] | BULK_OP | CSCO
2026-08-06 20:07:44 | [Thread 132993695856320] | [INFO] | [STRESS] | Heartbeat check
2026-08-06 20:07:44 | [Thread 132993695856320] | [OPERATION] | [STRESS] | BULK_OP | GOOGL
2026-08-06 20:07:44 | [Thread 132993704249024] | [INFO] | [STRESS] | Heartbeat check
2026-08-06 20:07:44 | [Thread 132993712641728] | [ERROR] | [STRESS] | Simulated minor non-fatal log
2026-08-06 20:07:44 | [Thread 132993695856320] | [ERROR] | [STRESS] | Simulated minor non-fatal log
2026-08-06 20:07:44 | [Thread 132993695856320] | [INFO] | [STRESS] | Heartbeat check
2026-08-06 20:07:44 | [Thread 132993695856320] | [INFO] | [STRESS] | Heartbeat check
2026-08-06 20:07:44 | [Thread 132993695856320] | [INFO] | [STRESS] | Heartbeat check
2026-08-06 20:07:44 | [Thread 132993695856320] | [INFO] | [STRESS] | Heartbeat check
2026-08-06 20:07:44 | [Thread 132993695856320] | [INFO] | [STRESS] | Heartbeat check
2026-08-06 20:07:44 | [Thread 132993695856320] | [OPERATION] | [STRESS] | BULK_OP | NVDA
2026-08-06 20:07:44 | [Thread 132993695856320] | [OPERATION] | [STRESS] | BULK_OP | MSFT
2026-08-06 20:07:44 | [Thread 132993947506368] | [OPERATION] | [STRESS] | BULK_OP | NFLX
2026-08-06 20:07:44 | [Thread 132993947506368] | [OPERATION] | [STRESS] | BULK_OP | GOOGL
2026-08-06 20:07:44 | [Thread 132993695856320] | [ERROR] | [STRESS] | Simulated minor non-fatal log
2026-08-06 20:07:44 | [Thread 132993695856320] | [ERROR] | [STRESS] | Simulated minor non-fatal log
2026-08-06 20:07:44 | [Thread 132993947506368] | [OPERATION] | [STRESS] | BULK_OP | IBM
2026-08-06 20:07:44 | [Thread 132993947506368] | [ERROR] | [STRESS] | Simulated minor non-fatal log
2026-08-06 20:07:44 | [Thread 132993947506368] | [INFO] | [STRESS] | Heartbeat check
2026-08-06 20:07:44 | [Thread 132993947506368] | [ERROR] | [STRESS] | Simulated minor non-fatal log
2026-08-06 20:07:44 | [Thread 132993695856320] | [OPERATION] | [STRESS] | BULK_OP | NFLX
2026-08-06 20:07:44 | [Thread 132993695856320] | [INFO] | [STRESS] | Heartbeat check
2026-08-06 20:07:44 | [Thread 132993947506368] | [ERROR] | [STRESS] | Simulated minor non-fatal log
2026-08-06 20:07:44 | [Thread 132993947506368] | [OPERATION] | [STRESS] | BULK_OP | AMZN
2026-08-06 20:07:44 | [Thread 132993947506368] | [ERROR] | [STRESS] | Simulated minor non-fatal log
2026-08-06 20:07:44 | [Thread 132993947506368] | [OPERATION] | [STRESS] | BULK_OP | MSFT
2026-08-06 20:07:44 | [Thread 132993729427136] | [ERROR] | [STRESS] | Simulated minor non-fatal log
2026-08-06 20:07:44 | [Thread 132993729427136] | [OPERATION] | [STRESS] | BULK_OP | INTC
2026-08-06 20:07:44 | [Thread 132993729427136] | [ERROR] | [STRESS] | Simulated minor non-fatal log
2026-08-06 20:07:44 | [Thread 132993729427136] | [INFO] | [STRESS] | Heartbeat check
2026-08-06 20:07:44 | [Thread 132993729427136] | [ERROR] | [STRESS] | Simulated minor non-fatal log
2026-08-06 20:07:44 | [Thread 132993729427136] | [ERROR] | [STRESS] | Simulated minor non-fatal log
2026-08-06 20:07:44 | [Thread 132993729427136] | [ERROR] | [STRESS] | Simulated minor non-fatal log
2026-08-06 20:07:44 | [Thread 132993729427136] | [ERROR] | [STRESS] | Simulated minor non-fatal log
2026-08-06 20:07:44 | [Thread 132993729427136] | [ERROR] | [STRESS] | Simulated minor non-fatal log
2026-08-06 20:07:44 | [Thread 132993729427136] | [ERROR] | [STRESS] | Simulated minor non-fatal log
2026-08-06 20:07:44 | [Thread 132993729427136] | [OPERATION] | [STRESS] | BULK_OP | NVDA
2026-08-06 20:07:44 | [Thread 132993704249024] | [INFO] | [STRESS] | Heartbeat check
2026-08-06 20:07:44 | [Thread 132993704249024] | [ERROR] | [STRESS] | Simulated minor non-fatal log
2026-08-06 20:07:44 | [Thread 132993704249024] | [OPERATION] | [STRESS] | BULK_OP | NFLX
2026-08-06 20:07:44 | [Thread 132993687463616] | [INFO] | [STRESS] | Heartbeat check
2026-08-06 20:07:44 | [Thread 132993687463616] | [OPERATION] | [STRESS] | BULK_OP | QCOM
2026-08-06 20:07:44 | [Thread 132993687463616] | [INFO] | [STRESS] | Heartbeat check
2026-08-06 20:07:44 | [Thread 132993687463616] | [ERROR] | [STRESS] | Simulated minor non-fatal log
2026-08-06 20:07:44 | [Thread 132993687463616] | [INFO] | [STRESS] | Heartbeat check
2026-08-06 20:07:44 | [Thread 132993712641728] | [ERROR] | [STRESS] | Simulated minor non-fatal log
2026-08-06 20:07:44 | [Thread 132993712641728] | [OPERATION] | [STRESS] | BULK_OP | QCOM
2026-08-06 20:07:44 | [Thread 132993712641728] | [OPERATION] | [STRESS] | BULK_OP | CSCO
2026-08-06 20:07:44 | [Thread 132993695856320] | [OPERATION] | [STRESS] | BULK_OP | META
2026-08-06 20:07:44 | [Thread 132993712641728] | [ERROR] | [STRESS] | Simulated minor non-fatal log
2026-08-06 20:07:44 | [Thread 132993712641728] | [OPERATION] | [STRESS] | BULK_OP | GOOGL
2026-08-06 20:07:44 | [Thread 132993712641728] | [ERROR] | [STRESS] | Simulated minor non-fatal log
2026-08-06 20:07:44 | [Thread 132993695856320] | [INFO] | [STRESS] | Heartbeat check
2026-08-06 20:07:44 | [Thread 132993695856320] | [ERROR] | [STRESS] | Simulated minor non-fatal log
2026-08-06 20:07:44 | [Thread 132993695856320] | [OPERATION] | [STRESS] | BULK_OP | CSCO
2026-08-06 20:07:44 | [Thread 132993695856320] | [ERROR] | [STRESS] | Simulated minor non-fatal log
2026-08-06 20:07:44 | [Thread 132993695856320] | [OPERATION] | [STRESS] | BULK_OP | AMZN
2026-08-06 20:07:44 | [Thread 132993695856320] | [OPERATION] | [STRESS] | BULK_OP | QCOM
2026-08-06 20:07:44 | [Thread 132993695856320] | [OPERATION] | [STRESS] | BULK_OP | MSFT
2026-08-06 20:07:44 | [Thread 132993695856320] | [ERROR] | [STRESS] | Simulated minor non-fatal log
2026-08-06 20:07:44 | [Thread 132993695856320] | [ERROR] | [STRESS] | Simulated minor non-fatal log
2026-08-06 20:07:44 | [Thread 132993695856320] | [INFO] | [STRESS] | Heartbeat check
2026-08-06 20:07:44 | [Thread 132993947506368] | [OPERATION] | [STRESS] | BULK_OP | TXN
2026-08-06 20:07:44 | [Thread 132993947506368] | [OPERATION] | [STRESS] | BULK_OP | TXN
2026-08-06 20:07:44 | [Thread 132993947506368] | [OPERATION] | [STRESS] | BULK_OP | GOOGL
2026-08-06 20:07:44 | [Thread 132993695856320] | [OPERATION] | [STRESS] | BULK_OP | NFLX
2026-08-06 20:07:44 | [Thread 132993695856320] | [INFO] | [STRESS] | Heartbeat check
2026-08-06 20:07:44 | [Thread 132993695856320] | [ERROR] | [STRESS] | Simulated minor non-fatal log
2026-08-06 20:07:44 | [Thread 132994375345856] | [INFO] | [CACHE] | CACHE_SAVED
2026-08-06 20:07:44 | [Thread 132993704249024] | [ERROR] | [STRESS] | Simulated minor non-fatal log
2026-08-06 20:07:44 | [Thread 132993704249024] | [OPERATION] | [STRESS] | BULK_OP | MSFT
2026-08-06 20:07:44 | [Thread 132993704249024] | [INFO] | [STRESS] | Heartbeat check
2026-08-06 20:07:44 | [Thread 132993704249024] | [ERROR] | [STRESS] | Simulated minor non-fatal log
2026-08-06 20:07:44 | [Thread 132993704249024] | [OPERATION] | [STRESS] | BULK_OP | NFLX
2026-08-06 20:07:44 | [Thread 132993704249024] | [INFO] | [STRESS] | Heartbeat check
2026-08-06 20:07:44 | [Thread 132993704249024] | [ERROR] | [STRESS] | Simulated minor non-fatal log
2026-08-06 20:07:44 | [Thread 132993704249024] | [INFO] | [STRESS] | Heartbeat check
2026-08-06 20:07:44 | [Thread 132993704249024] | [OPERATION] | [STRESS] | BULK_OP | AMZN
2026-08-06 20:07:44 | [Thread 132993704249024] | [INFO] | [STRESS] | Heartbeat check
2026-08-06 20:07:44 | [Thread 132993704249024] | [ERROR] | [STRESS] | Simulated minor non-fatal log
2026-08-06 20:07:44 | [Thread 132993704249024] | [INFO] | [STRESS] | Heartbeat check
2026-08-06 20:07:44 | [Thread 132993704249024] | [INFO] | [STRESS] | Heartbeat check
2026-08-06 20:07:44 | [Thread 132993704249024] | [INFO] | [STRESS] | Heartbeat check
2026-08-06 20:07:44 | [Thread 132993704249024] | [ERROR] | [STRESS] | Simulated minor non-fatal log
2026-08-06 20:07:44 | [Thread 132993947506368] | [ERROR] | [STRESS] | Simulated minor non-fatal log
2026-08-06 20:07:44 | [Thread 132993947506368] | [ERROR] | [STRESS] | Simulated minor non-fatal log
2026-08-06 20:07:44 | [Thread 132993947506368] | [OPERATION] | [STRESS] | BULK_OP | AMD
2026-08-06 20:07:44 | [Thread 132993687463616] | [OPERATION] | [STRESS] | BULK_OP | AAPL
2026-08-06 20:07:44 | [Thread 132993947506368] | [INFO] | [STRESS] | Heartbeat check
2026-08-06 20:07:44 | [Thread 132993947506368] | [OPERATION] | [STRESS] | BULK_OP | TSLA
2026-08-06 20:07:44 | [Thread 132993721034432] | [ERROR] | [STRESS] | Simulated minor non-fatal log
2026-08-06 20:07:44 | [Thread 132993721034432] | [OPERATION] | [STRESS] | BULK_OP | TSLA
2026-08-06 20:07:44 | [Thread 132993721034432] | [OPERATION] | [STRESS] | BULK_OP | MSFT
2026-08-06 20:07:44 | [Thread 132993721034432] | [OPERATION] | [STRESS] | BULK_OP | AMZN
2026-08-06 20:07:44 | [Thread 132993721034432] | [ERROR] | [STRESS] | Simulated minor non-fatal log
2026-08-06 20:07:44 | [Thread 132993695856320] | [ERROR] | [STRESS] | Simulated minor non-fatal log
2026-08-06 20:07:44 | [Thread 132993695856320] | [ERROR] | [STRESS] | Simulated minor non-fatal log
2026-08-06 20:07:44 | [Thread 132993695856320] | [ERROR] | [STRESS] | Simulated minor non-fatal log
2026-08-06 20:07:44 | [Thread 132993712641728] | [OPERATION] | [STRESS] | BULK_OP | AAPL
2026-08-06 20:07:44 | [Thread 132993712641728] | [INFO] | [STRESS] | Heartbeat check
2026-08-06 20:07:44 | [Thread 132993695856320] | [INFO] | [STRESS] | Heartbeat check
2026-08-06 20:07:44 | [Thread 132993695856320] | [OPERATION] | [STRESS] | BULK_OP | AMZN
2026-08-06 20:07:44 | [Thread 132993695856320] | [OPERATION] | [STRESS] | BULK_OP | NFLX
2026-08-06 20:07:44 | [Thread 132993695856320] | [OPERATION] | [STRESS] | BULK_OP | IBM
2026-08-06 20:07:44 | [Thread 132993695856320] | [ERROR] | [STRESS] | Simulated minor non-fatal log
2026-08-06 20:07:44 | [Thread 132993695856320] | [ERROR] | [STRESS] | Simulated minor non-fatal log
2026-08-06 20:07:44 | [Thread 132993729427136] | [ERROR] | [STRESS] | Simulated minor non-fatal log
2026-08-06 20:07:44 | [Thread 132993695856320] | [INFO] | [STRESS] | Heartbeat check
2026-08-06 20:07:44 | [Thread 132993729427136] | [OPERATION] | [STRESS] | BULK_OP | AMD
2026-08-06 20:07:44 | [Thread 132993729427136] | [INFO] | [STRESS] | Heartbeat check
2026-08-06 20:07:44 | [Thread 132993687463616] | [INFO] | [STRESS] | Heartbeat check
2026-08-06 20:07:44 | [Thread 132993729427136] | [OPERATION] | [STRESS] | BULK_OP | ORCL
2026-08-06 20:07:44 | [Thread 132993729427136] | [INFO] | [STRESS] | Heartbeat check
2026-08-06 20:07:44 | [Thread 132993695856320] | [ERROR] | [STRESS] | Simulated minor non-fatal log
2026-08-06 20:07:44 | [Thread 132993729427136] | [ERROR] | [STRESS] | Simulated minor non-fatal log
2026-08-06 20:07:44 | [Thread 132993695856320] | [OPERATION] | [STRESS] | BULK_OP | TSLA
2026-08-06 20:07:44 | [Thread 132993695856320] | [INFO] | [STRESS] | Heartbeat check
2026-08-06 20:07:44 | [Thread 132993695856320] | [ERROR] | [STRESS] | Simulated minor non-fatal log
2026-08-06 20:07:44 | [Thread 132993712641728] | [ERROR] | [STRESS] | Simulated minor non-fatal log
2026-08-06 20:07:44 | [Thread 132993712641728] | [OPERATION] | [STRESS] | BULK_OP | QCOM
2026-08-06 20:07:44 | [Thread 132993712641728] | [INFO] | [STRESS] | Heartbeat check
2026-08-06 20:07:44 | [Thread 132993729427136] | [OPERATION] | [STRESS] | BULK_OP | MSFT
2026-08-06 20:07:44 | [Thread 132993729427136] | [INFO] | [STRESS] | Heartbeat check
2026-08-06 20:07:44 | [Thread 132993721034432] | [INFO] | [STRESS] | Heartbeat check
2026-08-06 20:07:44 | [Thread 132993729427136] | [ERROR] | [STRESS] | Simulated minor non-fatal log
2026-08-06 20:07:44 | [Thread 132993721034432] | [ERROR] | [STRESS] | Simulated minor non-fatal log
2026-08-06 20:07:44 | [Thread 132993729427136] | [OPERATION] | [STRESS] | BULK_OP | ORCL
2026-08-06 20:07:44 | [Thread 132993721034432] | [OPERATION] | [STRESS] | BULK_OP | GOOGL
2026-08-06 20:07:44 | [Thread 132994375345856] | [INFO] | [CACHE] | CACHE_SAVED
2026-08-06 20:07:44 | [Thread 132993947506368] | [ERROR] | [STRESS] | Simulated minor non-fatal log
2026-08-06 20:07:44 | [Thread 132993947506368] | [OPERATION] | [STRESS] | BULK_OP | TXN
2026-08-06 20:07:44 | [Thread 132993947506368] | [INFO] | [STRESS] | Heartbeat check
2026-08-06 20:07:44 | [Thread 132993947506368] | [ERROR] | [STRESS] | Simulated minor non-fatal log
2026-08-06 20:07:44 | [Thread 132993947506368] | [INFO] | [STRESS] | Heartbeat check
2026-08-06 20:07:44 | [Thread 132993695856320] | [INFO] | [STRESS] | Heartbeat check
2026-08-06 20:07:44 | [Thread 132993721034432] | [INFO] | [STRESS] | Heartbeat check
2026-08-06 20:07:44 | [Thread 132993721034432] | [OPERATION] | [STRESS] | BULK_OP | NVDA
2026-08-06 20:07:44 | [Thread 132993729427136] | [INFO] | [STRESS] | Heartbeat check
2026-08-06 20:07:44 | [Thread 132993695856320] | [INFO] | [STRESS] | Heartbeat check
2026-08-06 20:07:44 | [Thread 132993695856320] | [OPERATION] | [STRESS] | BULK_OP | ORCL
2026-08-06 20:07:44 | [Thread 132993695856320] | [ERROR] | [STRESS] | Simulated minor non-fatal log
2026-08-06 20:07:44 | [Thread 132993721034432] | [INFO] | [STRESS] | Heartbeat check
2026-08-06 20:07:44 | [Thread 132993695856320] | [OPERATION] | [STRESS] | BULK_OP | CSCO
2026-08-06 20:07:44 | [Thread 132993947506368] | [ERROR] | [STRESS] | Simulated minor non-fatal log
2026-08-06 20:07:44 | [Thread 132993947506368] | [OPERATION] | [STRESS] | BULK_OP | NVDA
2026-08-06 20:07:44 | [Thread 132993947506368] | [INFO] | [STRESS] | Heartbeat check
2026-08-06 20:07:44 | [Thread 132993947506368] | [ERROR] | [STRESS] | Simulated minor non-fatal log
2026-08-06 20:07:44 | [Thread 132993729427136] | [ERROR] | [STRESS] | Simulated minor non-fatal log
2026-08-06 20:07:44 | [Thread 132993729427136] | [ERROR] | [STRESS] | Simulated minor non-fatal log
2026-08-06 20:07:44 | [Thread 132993729427136] | [INFO] | [STRESS] | Heartbeat check
2026-08-06 20:07:44 | [Thread 132993695856320] | [OPERATION] | [STRESS] | BULK_OP | AMD
2026-08-06 20:07:44 | [Thread 132993721034432] | [INFO] | [STRESS] | Heartbeat check
2026-08-06 20:07:44 | [Thread 132993721034432] | [OPERATION] | [STRESS] | BULK_OP | CSCO
2026-08-06 20:07:44 | [Thread 132993729427136] | [OPERATION] | [STRESS] | BULK_OP | MSFT
2026-08-06 20:07:44 | [Thread 132993704249024] | [OPERATION] | [STRESS] | BULK_OP | GOOGL
2026-08-06 20:07:44 | [Thread 132993687463616] | [ERROR] | [STRESS] | Simulated minor non-fatal log
2026-08-06 20:07:44 | [Thread 132993721034432] | [ERROR] | [STRESS] | Simulated minor non-fatal log
2026-08-06 20:07:44 | [Thread 132993947506368] | [ERROR] | [STRESS] | Simulated minor non-fatal log
2026-08-06 20:07:44 | [Thread 132993721034432] | [OPERATION] | [STRESS] | BULK_OP | AMZN
2026-08-06 20:07:44 | [Thread 132993721034432] | [INFO] | [STRESS] | Heartbeat check
2026-08-06 20:07:44 | [Thread 132994375345856] | [INFO] | [CACHE] | CACHE_SAVED
2026-08-06 20:07:44 | [Thread 132993704249024] | [INFO] | [STRESS] | Heartbeat check
2026-08-06 20:07:44 | [Thread 132993704249024] | [ERROR] | [STRESS] | Simulated minor non-fatal log
2026-08-06 20:07:44 | [Thread 132993704249024] | [OPERATION] | [STRESS] | BULK_OP | GOOGL
2026-08-06 20:07:44 | [Thread 132993704249024] | [INFO] | [STRESS] | Heartbeat check
2026-08-06 20:07:44 | [Thread 132993704249024] | [ERROR] | [STRESS] | Simulated minor non-fatal log
2026-08-06 20:07:44 | [Thread 132993947506368] | [INFO] | [STRESS] | Heartbeat check
2026-08-06 20:07:44 | [Thread 132993947506368] | [ERROR] | [STRESS] | Simulated minor non-fatal log
2026-08-06 20:07:44 | [Thread 132993947506368] | [OPERATION] | [STRESS] | BULK_OP | TXN
2026-08-06 20:07:44 | [Thread 132993947506368] | [ERROR] | [STRESS] | Simulated minor non-fatal log
2026-08-06 20:07:44 | [Thread 132993947506368] | [ERROR] | [STRESS] | Simulated minor non-fatal log
2026-08-06 20:07:44 | [Thread 132993704249024] | [INFO] | [STRESS] | Heartbeat check
2026-08-06 20:07:44 | [Thread 132993947506368] | [INFO] | [STRESS] | Heartbeat check
2026-08-06 20:07:44 | [Thread 132993947506368] | [ERROR] | [STRESS] | Simulated minor non-fatal log
2026-08-06 20:07:44 | [Thread 132993947506368] | [OPERATION] | [STRESS] | BULK_OP | TSLA
2026-08-06 20:07:44 | [Thread 132993947506368] | [INFO] | [STRESS] | Heartbeat check
2026-08-06 20:07:44 | [Thread 132993947506368] | [OPERATION] | [STRESS] | BULK_OP | AAPL
2026-08-06 20:07:44 | [Thread 132993687463616] | [OPERATION] | [STRESS] | BULK_OP | GOOGL
2026-08-06 20:07:44 | [Thread 132993712641728] | [ERROR] | [STRESS] | Simulated minor non-fatal log
2026-08-06 20:07:44 | [Thread 132993712641728] | [INFO] | [STRESS] | Heartbeat check
2026-08-06 20:07:44 | [Thread 132993712641728] | [OPERATION] | [STRESS] | BULK_OP | NFLX
2026-08-06 20:07:44 | [Thread 132993712641728] | [INFO] | [STRESS] | Heartbeat check
2026-08-06 20:07:44 | [Thread 132993947506368] | [OPERATION] | [STRESS] | BULK_OP | INTC
2026-08-06 20:07:44 | [Thread 132993695856320] | [INFO] | [STRESS] | Heartbeat check
2026-08-06 20:07:44 | [Thread 132993947506368] | [ERROR] | [STRESS] | Simulated minor non-fatal log
2026-08-06 20:07:44 | [Thread 132993695856320] | [ERROR] | [STRESS] | Simulated minor non-fatal log
2026-08-06 20:07:44 | [Thread 132993695856320] | [OPERATION] | [STRESS] | BULK_OP | GOOGL
2026-08-06 20:07:44 | [Thread 132993695856320] | [ERROR] | [STRESS] | Simulated minor non-fatal log
2026-08-06 20:07:44 | [Thread 132993729427136] | [ERROR] | [STRESS] | Simulated minor non-fatal log
2026-08-06 20:07:44 | [Thread 132993695856320] | [OPERATION] | [STRESS] | BULK_OP | MSFT
2026-08-06 20:07:44 | [Thread 132993712641728] | [INFO] | [STRESS] | Heartbeat check
2026-08-06 20:07:44 | [Thread 132993712641728] | [OPERATION] | [STRESS] | BULK_OP | META
2026-08-06 20:07:44 | [Thread 132993695856320] | [OPERATION] | [STRESS] | BULK_OP | IBM
2026-08-06 20:07:44 | [Thread 132993695856320] | [INFO] | [STRESS] | Heartbeat check
2026-08-06 20:07:44 | [Thread 132993687463616] | [INFO] | [STRESS] | Heartbeat check
2026-08-06 20:07:44 | [Thread 132993704249024] | [ERROR] | [STRESS] | Simulated minor non-fatal log
2026-08-06 20:07:44 | [Thread 132993695856320] | [OPERATION] | [STRESS] | BULK_OP | AAPL
2026-08-06 20:07:44 | [Thread 132993704249024] | [OPERATION] | [STRESS] | BULK_OP | INTC
2026-08-06 20:07:44 | [Thread 132993704249024] | [INFO] | [STRESS] | Heartbeat check
2026-08-06 20:07:44 | [Thread 132993704249024] | [ERROR] | [STRESS] | Simulated minor non-fatal log
2026-08-06 20:07:44 | [Thread 132993704249024] | [OPERATION] | [STRESS] | BULK_OP | MSFT
2026-08-06 20:07:44 | [Thread 132993704249024] | [OPERATION] | [STRESS] | BULK_OP | AMZN
2026-08-06 20:07:44 | [Thread 132993704249024] | [OPERATION] | [STRESS] | BULK_OP | AMZN
2026-08-06 20:07:44 | [Thread 132993704249024] | [ERROR] | [STRESS] | Simulated minor non-fatal log
2026-08-06 20:07:44 | [Thread 132993704249024] | [ERROR] | [STRESS] | Simulated minor non-fatal log
2026-08-06 20:07:44 | [Thread 132993721034432] | [ERROR] | [STRESS] | Simulated minor non-fatal log
2026-08-06 20:07:44 | [Thread 132993721034432] | [ERROR] | [STRESS] | Simulated minor non-fatal log
2026-08-06 20:07:44 | [Thread 132993721034432] | [OPERATION] | [STRESS] | BULK_OP | GOOGL
2026-08-06 20:07:44 | [Thread 132993687463616] | [OPERATION] | [STRESS] | BULK_OP | GOOGL
2026-08-06 20:07:44 | [Thread 132993947506368] | [OPERATION] | [STRESS] | BULK_OP | IBM
2026-08-06 20:07:44 | [Thread 132993721034432] | [OPERATION] | [STRESS] | BULK_OP | GOOGL
2026-08-06 20:07:44 | [Thread 132993687463616] | [INFO] | [STRESS] | Heartbeat check
2026-08-06 20:07:44 | [Thread 132993687463616] | [ERROR] | [STRESS] | Simulated minor non-fatal log
2026-08-06 20:07:44 | [Thread 132993721034432] | [OPERATION] | [STRESS] | BULK_OP | AAPL
2026-08-06 20:07:44 | [Thread 132993687463616] | [OPERATION] | [STRESS] | BULK_OP | NVDA
2026-08-06 20:07:44 | [Thread 132993687463616] | [INFO] | [STRESS] | Heartbeat check
2026-08-06 20:07:44 | [Thread 132993721034432] | [OPERATION] | [STRESS] | BULK_OP | MSFT
2026-08-06 20:07:44 | [Thread 132993712641728] | [ERROR] | [STRESS] | Simulated minor non-fatal log
2026-08-06 20:07:44 | [Thread 132993687463616] | [ERROR] | [STRESS] | Simulated minor non-fatal log
2026-08-06 20:07:44 | [Thread 132993687463616] | [ERROR] | [STRESS] | Simulated minor non-fatal log
2026-08-06 20:07:44 | [Thread 132993687463616] | [INFO] | [STRESS] | Heartbeat check
2026-08-06 20:07:44 | [Thread 132993721034432] | [INFO] | [STRESS] | Heartbeat check
2026-08-06 20:07:44 | [Thread 132993721034432] | [OPERATION] | [STRESS] | BULK_OP | QCOM
2026-08-06 20:07:44 | [Thread 132993721034432] | [OPERATION] | [STRESS] | BULK_OP | AMD
2026-08-06 20:07:44 | [Thread 132993712641728] | [OPERATION] | [STRESS] | BULK_OP | GOOGL
2026-08-06 20:07:44 | [Thread 132993712641728] | [INFO] | [STRESS] | Heartbeat check
2026-08-06 20:07:44 | [Thread 132993712641728] | [OPERATION] | [STRESS] | BULK_OP | GOOGL
2026-08-06 20:07:44 | [Thread 132993721034432] | [OPERATION] | [STRESS] | BULK_OP | AMD
2026-08-06 20:07:44 | [Thread 132993947506368] | [ERROR] | [STRESS] | Simulated minor non-fatal log
2026-08-06 20:07:44 | [Thread 132993947506368] | [INFO] | [STRESS] | Heartbeat check
2026-08-06 20:07:44 | [Thread 132993947506368] | [OPERATION] | [STRESS] | BULK_OP | ORCL
2026-08-06 20:07:44 | [Thread 132993729427136] | [ERROR] | [STRESS] | Simulated minor non-fatal log
2026-08-06 20:07:44 | [Thread 132993695856320] | [ERROR] | [STRESS] | Simulated minor non-fatal log
2026-08-06 20:07:44 | [Thread 132993721034432] | [ERROR] | [STRESS] | Simulated minor non-fatal log
2026-08-06 20:07:44 | [Thread 132993695856320] | [INFO] | [STRESS] | Heartbeat check
2026-08-06 20:07:44 | [Thread 132993695856320] | [ERROR] | [STRESS] | Simulated minor non-fatal log
2026-08-06 20:07:44 | [Thread 132993721034432] | [OPERATION] | [STRESS] | BULK_OP | ORCL
2026-08-06 20:07:44 | [Thread 132993712641728] | [OPERATION] | [STRESS] | BULK_OP | QCOM
2026-08-06 20:07:44 | [Thread 132993721034432] | [ERROR] | [STRESS] | Simulated minor non-fatal log
2026-08-06 20:07:44 | [Thread 132993695856320] | [INFO] | [STRESS] | Heartbeat check
2026-08-06 20:07:44 | [Thread 132993704249024] | [ERROR] | [STRESS] | Simulated minor non-fatal log
2026-08-06 20:07:44 | [Thread 132993704249024] | [OPERATION] | [STRESS] | BULK_OP | TSLA
2026-08-06 20:07:44 | [Thread 132993704249024] | [OPERATION] | [STRESS] | BULK_OP | AMD
2026-08-06 20:07:44 | [Thread 132993704249024] | [OPERATION] | [STRESS] | BULK_OP | IBM
2026-08-06 20:07:44 | [Thread 132993704249024] | [OPERATION] | [STRESS] | BULK_OP | IBM
2026-08-06 20:07:44 | [Thread 132993704249024] | [INFO] | [STRESS] | Heartbeat check
2026-08-06 20:07:44 | [Thread 132993704249024] | [ERROR] | [STRESS] | Simulated minor non-fatal log
2026-08-06 20:07:44 | [Thread 132993704249024] | [OPERATION] | [STRESS] | BULK_OP | NFLX
2026-08-06 20:07:44 | [Thread 132993704249024] | [OPERATION] | [STRESS] | BULK_OP | META
2026-08-06 20:07:44 | [Thread 132993704249024] | [OPERATION] | [STRESS] | BULK_OP | AMD
2026-08-06 20:07:44 | [Thread 132993704249024] | [ERROR] | [STRESS] | Simulated minor non-fatal log
2026-08-06 20:07:44 | [Thread 132993704249024] | [INFO] | [STRESS] | Heartbeat check
2026-08-06 20:07:44 | [Thread 132993704249024] | [OPERATION] | [STRESS] | BULK_OP | META
2026-08-06 20:07:44 | [Thread 132993704249024] | [ERROR] | [STRESS] | Simulated minor non-fatal log
2026-08-06 20:07:44 | [Thread 132993704249024] | [OPERATION] | [STRESS] | BULK_OP | AMD
2026-08-06 20:07:44 | [Thread 132993704249024] | [OPERATION] | [STRESS] | BULK_OP | TSLA
2026-08-06 20:07:44 | [Thread 132993729427136] | [OPERATION] | [STRESS] | BULK_OP | MSFT
2026-08-06 20:07:44 | [Thread 132993729427136] | [ERROR] | [STRESS] | Simulated minor non-fatal log
2026-08-06 20:07:44 | [Thread 132993729427136] | [ERROR] | [STRESS] | Simulated minor non-fatal log
2026-08-06 20:07:44 | [Thread 132993704249024] | [ERROR] | [STRESS] | Simulated minor non-fatal log
2026-08-06 20:07:44 | [Thread 132993729427136] | [INFO] | [STRESS] | Heartbeat check
2026-08-06 20:07:44 | [Thread 132993729427136] | [OPERATION] | [STRESS] | BULK_OP | TXN
2026-08-06 20:07:44 | [Thread 132993729427136] | [ERROR] | [STRESS] | Simulated minor non-fatal log
2026-08-06 20:07:44 | [Thread 132993947506368] | [ERROR] | [STRESS] | Simulated minor non-fatal log
2026-08-06 20:07:44 | [Thread 132993687463616] | [INFO] | [STRESS] | Heartbeat check
2026-08-06 20:07:44 | [Thread 132993687463616] | [ERROR] | [STRESS] | Simulated minor non-fatal log
2026-08-06 20:07:44 | [Thread 132993687463616] | [OPERATION] | [STRESS] | BULK_OP | AAPL
2026-08-06 20:07:44 | [Thread 132993687463616] | [INFO] | [STRESS] | Heartbeat check
2026-08-06 20:07:44 | [Thread 132993687463616] | [ERROR] | [STRESS] | Simulated minor non-fatal log
2026-08-06 20:07:44 | [Thread 132993695856320] | [ERROR] | [STRESS] | Simulated minor non-fatal log
2026-08-06 20:07:44 | [Thread 132993687463616] | [OPERATION] | [STRESS] | BULK_OP | AMD
2026-08-06 20:07:44 | [Thread 132993687463616] | [INFO] | [STRESS] | Heartbeat check
2026-08-06 20:07:44 | [Thread 132993687463616] | [ERROR] | [STRESS] | Simulated minor non-fatal log
2026-08-06 20:07:44 | [Thread 132993704249024] | [OPERATION] | [STRESS] | BULK_OP | NFLX
2026-08-06 20:07:44 | [Thread 132993704249024] | [INFO] | [STRESS] | Heartbeat check
2026-08-06 20:07:44 | [Thread 132993704249024] | [ERROR] | [STRESS] | Simulated minor non-fatal log
2026-08-06 20:07:44 | [Thread 132993704249024] | [OPERATION] | [STRESS] | BULK_OP | NVDA
2026-08-06 20:07:44 | [Thread 132993704249024] | [INFO] | [STRESS] | Heartbeat check
2026-08-06 20:07:44 | [Thread 132993704249024] | [ERROR] | [STRESS] | Simulated minor non-fatal log
2026-08-06 20:07:44 | [Thread 132993704249024] | [OPERATION] | [STRESS] | BULK_OP | META
2026-08-06 20:07:44 | [Thread 132993704249024] | [INFO] | [STRESS] | Heartbeat check
2026-08-06 20:07:44 | [Thread 132993704249024] | [ERROR] | [STRESS] | Simulated minor non-fatal log
2026-08-06 20:07:44 | [Thread 132993704249024] | [OPERATION] | [STRESS] | BULK_OP | GOOGL
2026-08-06 20:07:44 | [Thread 132993704249024] | [INFO] | [STRESS] | Heartbeat check
2026-08-06 20:07:44 | [Thread 132993721034432] | [OPERATION] | [STRESS] | BULK_OP | TXN
2026-08-06 20:07:44 | [Thread 132993704249024] | [ERROR] | [STRESS] | Simulated minor non-fatal log
2026-08-06 20:07:44 | [Thread 132993721034432] | [INFO] | [STRESS] | Heartbeat check
2026-08-06 20:07:44 | [Thread 132993704249024] | [OPERATION] | [STRESS] | BULK_OP | AAPL
2026-08-06 20:07:44 | [Thread 132993947506368] | [ERROR] | [STRESS] | Simulated minor non-fatal log
2026-08-06 20:07:44 | [Thread 132993704249024] | [INFO] | [STRESS] | Heartbeat check
2026-08-06 20:07:44 | [Thread 132993947506368] | [OPERATION] | [STRESS] | BULK_OP | MSFT
2026-08-06 20:07:44 | [Thread 132993947506368] | [INFO] | [STRESS] | Heartbeat check
2026-08-06 20:07:44 | [Thread 132993947506368] | [ERROR] | [STRESS] | Simulated minor non-fatal log
2026-08-06 20:07:44 | [Thread 132993947506368] | [OPERATION] | [STRESS] | BULK_OP | NFLX
2026-08-06 20:07:44 | [Thread 132993947506368] | [INFO] | [STRESS] | Heartbeat check
2026-08-06 20:07:44 | [Thread 132993947506368] | [ERROR] | [STRESS] | Simulated minor non-fatal log
2026-08-06 20:07:44 | [Thread 132993947506368] | [OPERATION] | [STRESS] | BULK_OP | AMD
2026-08-06 20:07:44 | [Thread 132993947506368] | [INFO] | [STRESS] | Heartbeat check
2026-08-06 20:07:44 | [Thread 132993721034432] | [ERROR] | [STRESS] | Simulated minor non-fatal log
2026-08-06 20:07:44 | [Thread 132993695856320] | [OPERATION] | [STRESS] | BULK_OP | IBM
2026-08-06 20:07:44 | [Thread 132993712641728] | [ERROR] | [STRESS] | Simulated minor non-fatal log
2026-08-06 20:07:44 | [Thread 132993712641728] | [OPERATION] | [STRESS] | BULK_OP | AAPL
2026-08-06 20:07:44 | [Thread 132993712641728] | [INFO] | [STRESS] | Heartbeat check
2026-08-06 20:07:44 | [Thread 132993712641728] | [ERROR] | [STRESS] | Simulated minor non-fatal log
2026-08-06 20:07:44 | [Thread 132993712641728] | [OPERATION] | [STRESS] | BULK_OP | META
2026-08-06 20:07:44 | [Thread 132993712641728] | [INFO] | [STRESS] | Heartbeat check
2026-08-06 20:07:44 | [Thread 132993712641728] | [ERROR] | [STRESS] | Simulated minor non-fatal log
2026-08-06 20:07:44 | [Thread 132993712641728] | [OPERATION] | [STRESS] | BULK_OP | INTC
2026-08-06 20:07:44 | [Thread 132993712641728] | [INFO] | [STRESS] | Heartbeat check
2026-08-06 20:07:44 | [Thread 132993712641728] | [ERROR] | [STRESS] | Simulated minor non-fatal log
2026-08-06 20:07:44 | [Thread 132993712641728] | [OPERATION] | [STRESS] | BULK_OP | MSFT
2026-08-06 20:07:44 | [Thread 132993695856320] | [INFO] | [STRESS] | Heartbeat check
2026-08-06 20:07:44 | [Thread 132993695856320] | [ERROR] | [STRESS] | Simulated minor non-fatal log
2026-08-06 20:07:44 | [Thread 132994375345856] | [INFO] | [CACHE] | CACHE_SAVED
2026-08-06 20:07:44 | [Thread 132993695856320] | [OPERATION] | [STRESS] | BULK_OP | NVDA
2026-08-06 20:07:44 | [Thread 132993695856320] | [INFO] | [STRESS] | Heartbeat check
2026-08-06 20:07:44 | [Thread 132993695856320] | [ERROR] | [STRESS] | Simulated minor non-fatal log
2026-08-06 20:07:44 | [Thread 132993695856320] | [OPERATION] | [STRESS] | BULK_OP | NVDA
2026-08-06 20:07:44 | [Thread 132993695856320] | [INFO] | [STRESS] | Heartbeat check
2026-08-06 20:07:44 | [Thread 132993695856320] | [ERROR] | [STRESS] | Simulated minor non-fatal log
2026-08-06 20:07:44 | [Thread 132993695856320] | [OPERATION] | [STRESS] | BULK_OP | TXN
2026-08-06 20:07:44 | [Thread 132993695856320] | [INFO] | [STRESS] | Heartbeat check
2026-08-06 20:07:44 | [Thread 132993695856320] | [ERROR] | [STRESS] | Simulated minor non-fatal log
2026-08-06 20:07:44 | [Thread 132993695856320] | [OPERATION] | [STRESS] | BULK_OP | CSCO
2026-08-06 20:07:44 | [Thread 132993695856320] | [OPERATION] | [STRESS] | BULK_OP | AMZN
2026-08-06 20:07:44 | [Thread 132993695856320] | [ERROR] | [STRESS] | Simulated minor non-fatal log
2026-08-06 20:07:44 | [Thread 132993687463616] | [OPERATION] | [STRESS] | BULK_OP | TSLA
2026-08-06 20:07:44 | [Thread 132993721034432] | [OPERATION] | [STRESS] | BULK_OP | AMZN
2026-08-06 20:07:44 | [Thread 132993721034432] | [OPERATION] | [STRESS] | BULK_OP | ORCL
2026-08-06 20:07:44 | [Thread 132993712641728] | [INFO] | [STRESS] | Heartbeat check
2026-08-06 20:07:44 | [Thread 132993704249024] | [ERROR] | [STRESS] | Simulated minor non-fatal log
2026-08-06 20:07:44 | [Thread 132993712641728] | [INFO] | [STRESS] | Heartbeat check
2026-08-06 20:07:44 | [Thread 132993687463616] | [ERROR] | [STRESS] | Simulated minor non-fatal log
2026-08-06 20:07:44 | [Thread 132993687463616] | [INFO] | [STRESS] | Heartbeat check
2026-08-06 20:07:44 | [Thread 132993704249024] | [OPERATION] | [STRESS] | BULK_OP | GOOGL
2026-08-06 20:07:44 | [Thread 132993712641728] | [ERROR] | [STRESS] | Simulated minor non-fatal log
2026-08-06 20:07:44 | [Thread 132993695856320] | [ERROR] | [STRESS] | Simulated minor non-fatal log
2026-08-06 20:07:44 | [Thread 132993695856320] | [INFO] | [STRESS] | Heartbeat check
2026-08-06 20:07:44 | [Thread 132993947506368] | [OPERATION] | [STRESS] | BULK_OP | META
2026-08-06 20:07:44 | [Thread 132993947506368] | [INFO] | [STRESS] | Heartbeat check
2026-08-06 20:07:44 | [Thread 132993704249024] | [ERROR] | [STRESS] | Simulated minor non-fatal log
2026-08-06 20:07:44 | [Thread 132993704249024] | [OPERATION] | [STRESS] | BULK_OP | NVDA
2026-08-06 20:07:44 | [Thread 132993704249024] | [ERROR] | [STRESS] | Simulated minor non-fatal log
2026-08-06 20:07:44 | [Thread 132993704249024] | [ERROR] | [STRESS] | Simulated minor non-fatal log
2026-08-06 20:07:44 | [Thread 132993704249024] | [ERROR] | [STRESS] | Simulated minor non-fatal log
2026-08-06 20:07:44 | [Thread 132993704249024] | [OPERATION] | [STRESS] | BULK_OP | NVDA
2026-08-06 20:07:44 | [Thread 132993704249024] | [INFO] | [STRESS] | Heartbeat check
2026-08-06 20:07:44 | [Thread 132993704249024] | [INFO] | [STRESS] | Heartbeat check
2026-08-06 20:07:44 | [Thread 132993704249024] | [INFO] | [STRESS] | Heartbeat check
2026-08-06 20:07:44 | [Thread 132993704249024] | [ERROR] | [STRESS] | Simulated minor non-fatal log
2026-08-06 20:07:44 | [Thread 132993704249024] | [ERROR] | [STRESS] | Simulated minor non-fatal log
2026-08-06 20:07:44 | [Thread 132993695856320] | [INFO] | [STRESS] | Heartbeat check
2026-08-06 20:07:44 | [Thread 132993695856320] | [INFO] | [STRESS] | Heartbeat check
2026-08-06 20:07:44 | [Thread 132993695856320] | [ERROR] | [STRESS] | Simulated minor non-fatal log
2026-08-06 20:07:44 | [Thread 132993704249024] | [OPERATION] | [STRESS] | BULK_OP | AAPL
2026-08-06 20:07:44 | [Thread 132993704249024] | [ERROR] | [STRESS] | Simulated minor non-fatal log
2026-08-06 20:07:44 | [Thread 132993704249024] | [ERROR] | [STRESS] | Simulated minor non-fatal log
2026-08-06 20:07:44 | [Thread 132993704249024] | [ERROR] | [STRESS] | Simulated minor non-fatal log
2026-08-06 20:07:44 | [Thread 132993704249024] | [ERROR] | [STRESS] | Simulated minor non-fatal log
2026-08-06 20:07:44 | [Thread 132993704249024] | [INFO] | [STRESS] | Heartbeat check
2026-08-06 20:07:44 | [Thread 132993704249024] | [ERROR] | [STRESS] | Simulated minor non-fatal log
2026-08-06 20:07:44 | [Thread 132993704249024] | [OPERATION] | [STRESS] | BULK_OP | TXN
2026-08-06 20:07:44 | [Thread 132993721034432] | [ERROR] | [STRESS] | Simulated minor non-fatal log
2026-08-06 20:07:44 | [Thread 132993721034432] | [ERROR] | [STRESS] | Simulated minor non-fatal log
2026-08-06 20:07:44 | [Thread 132993721034432] | [OPERATION] | [STRESS] | BULK_OP | CSCO
2026-08-06 20:07:44 | [Thread 132993721034432] | [ERROR] | [STRESS] | Simulated minor non-fatal log
2026-08-06 20:07:44 | [Thread 132993721034432] | [INFO] | [STRESS] | Heartbeat check
2026-08-06 20:07:44 | [Thread 132993721034432] | [INFO] | [STRESS] | Heartbeat check
2026-08-06 20:07:44 | [Thread 132993721034432] | [OPERATION] | [STRESS] | BULK_OP | AAPL
2026-08-06 20:07:44 | [Thread 132993721034432] | [OPERATION] | [STRESS] | BULK_OP | AMD
2026-08-06 20:07:44 | [Thread 132993721034432] | [OPERATION] | [STRESS] | BULK_OP | GOOGL
2026-08-06 20:07:44 | [Thread 132993721034432] | [ERROR] | [STRESS] | Simulated minor non-fatal log
2026-08-06 20:07:44 | [Thread 132993721034432] | [INFO] | [STRESS] | Heartbeat check
2026-08-06 20:07:44 | [Thread 132993721034432] | [OPERATION] | [STRESS] | BULK_OP | IBM
2026-08-06 20:07:44 | [Thread 132993721034432] | [OPERATION] | [STRESS] | BULK_OP | NVDA
2026-08-06 20:07:44 | [Thread 132993721034432] | [OPERATION] | [STRESS] | BULK_OP | TXN
2026-08-06 20:07:44 | [Thread 132993721034432] | [OPERATION] | [STRESS] | BULK_OP | TXN
2026-08-06 20:07:44 | [Thread 132993721034432] | [INFO] | [STRESS] | Heartbeat check
2026-08-06 20:07:44 | [Thread 132993687463616] | [ERROR] | [STRESS] | Simulated minor non-fatal log
2026-08-06 20:07:44 | [Thread 132993729427136] | [INFO] | [STRESS] | Heartbeat check
2026-08-06 20:07:44 | [Thread 132993729427136] | [OPERATION] | [STRESS] | BULK_OP | IBM
2026-08-06 20:07:44 | [Thread 132993687463616] | [OPERATION] | [STRESS] | BULK_OP | INTC
2026-08-06 20:07:44 | [Thread 132993947506368] | [INFO] | [STRESS] | Heartbeat check
2026-08-06 20:07:44 | [Thread 132993947506368] | [ERROR] | [STRESS] | Simulated minor non-fatal log
2026-08-06 20:07:44 | [Thread 132993947506368] | [INFO] | [STRESS] | Heartbeat check
2026-08-06 20:07:44 | [Thread 132993687463616] | [OPERATION] | [STRESS] | BULK_OP | INTC
2026-08-06 20:07:44 | [Thread 132993721034432] | [ERROR] | [STRESS] | Simulated minor non-fatal log
2026-08-06 20:07:44 | [Thread 132993687463616] | [OPERATION] | [STRESS] | BULK_OP | NFLX
2026-08-06 20:07:44 | [Thread 132993721034432] | [INFO] | [STRESS] | Heartbeat check
2026-08-06 20:07:44 | [Thread 132993712641728] | [OPERATION] | [STRESS] | BULK_OP | CSCO
2026-08-06 20:07:44 | [Thread 132993712641728] | [INFO] | [STRESS] | Heartbeat check
2026-08-06 20:07:44 | [Thread 132993712641728] | [ERROR] | [STRESS] | Simulated minor non-fatal log
2026-08-06 20:07:44 | [Thread 132993721034432] | [ERROR] | [STRESS] | Simulated minor non-fatal log
2026-08-06 20:07:44 | [Thread 132993712641728] | [INFO] | [STRESS] | Heartbeat check
2026-08-06 20:07:44 | [Thread 132993729427136] | [INFO] | [STRESS] | Heartbeat check
2026-08-06 20:07:44 | [Thread 132993721034432] | [OPERATION] | [STRESS] | BULK_OP | AMD
2026-08-06 20:07:44 | [Thread 132993729427136] | [INFO] | [STRESS] | Heartbeat check
2026-08-06 20:07:44 | [Thread 132993729427136] | [INFO] | [STRESS] | Heartbeat check
2026-08-06 20:07:44 | [Thread 132993729427136] | [OPERATION] | [STRESS] | BULK_OP | CSCO
2026-08-06 20:07:44 | [Thread 132993712641728] | [OPERATION] | [STRESS] | BULK_OP | IBM
2026-08-06 20:07:44 | [Thread 132993687463616] | [OPERATION] | [STRESS] | BULK_OP | QCOM
2026-08-06 20:07:44 | [Thread 132993712641728] | [INFO] | [STRESS] | Heartbeat check
2026-08-06 20:07:44 | [Thread 132993712641728] | [OPERATION] | [STRESS] | BULK_OP | INTC
2026-08-06 20:07:44 | [Thread 132993712641728] | [OPERATION] | [STRESS] | BULK_OP | AMZN
2026-08-06 20:07:44 | [Thread 132993687463616] | [OPERATION] | [STRESS] | BULK_OP | ORCL
2026-08-06 20:07:44 | [Thread 132993687463616] | [INFO] | [STRESS] | Heartbeat check
2026-08-06 20:07:44 | [Thread 132993687463616] | [ERROR] | [STRESS] | Simulated minor non-fatal log
2026-08-06 20:07:44 | [Thread 132993687463616] | [ERROR] | [STRESS] | Simulated minor non-fatal log
2026-08-06 20:07:44 | [Thread 132993947506368] | [ERROR] | [STRESS] | Simulated minor non-fatal log
2026-08-06 20:07:44 | [Thread 132993729427136] | [ERROR] | [STRESS] | Simulated minor non-fatal log
2026-08-06 20:07:44 | [Thread 132993687463616] | [INFO] | [STRESS] | Heartbeat check
2026-08-06 20:07:44 | [Thread 132993687463616] | [ERROR] | [STRESS] | Simulated minor non-fatal log
2026-08-06 20:07:44 | [Thread 132993687463616] | [OPERATION] | [STRESS] | BULK_OP | CSCO
2026-08-06 20:07:44 | [Thread 132993687463616] | [INFO] | [STRESS] | Heartbeat check
2026-08-06 20:07:44 | [Thread 132993687463616] | [ERROR] | [STRESS] | Simulated minor non-fatal log
2026-08-06 20:07:44 | [Thread 132993687463616] | [OPERATION] | [STRESS] | BULK_OP | INTC
2026-08-06 20:07:44 | [Thread 132993687463616] | [INFO] | [STRESS] | Heartbeat check
2026-08-06 20:07:44 | [Thread 132993721034432] | [OPERATION] | [STRESS] | BULK_OP | MSFT
2026-08-06 20:07:44 | [Thread 132993695856320] | [ERROR] | [STRESS] | Simulated minor non-fatal log
2026-08-06 20:07:44 | [Thread 132993947506368] | [OPERATION] | [STRESS] | BULK_OP | NVDA
2026-08-06 20:07:44 | [Thread 132993721034432] | [INFO] | [STRESS] | Heartbeat check
2026-08-06 20:07:44 | [Thread 132993947506368] | [INFO] | [STRESS] | Heartbeat check
2026-08-06 20:07:44 | [Thread 132993721034432] | [ERROR] | [STRESS] | Simulated minor non-fatal log
2026-08-06 20:07:44 | [Thread 132993947506368] | [ERROR] | [STRESS] | Simulated minor non-fatal log
2026-08-06 20:07:44 | [Thread 132993721034432] | [OPERATION] | [STRESS] | BULK_OP | TSLA
2026-08-06 20:07:44 | [Thread 132993947506368] | [OPERATION] | [STRESS] | BULK_OP | META
2026-08-06 20:07:44 | [Thread 132993947506368] | [INFO] | [STRESS] | Heartbeat check
2026-08-06 20:07:44 | [Thread 132993721034432] | [INFO] | [STRESS] | Heartbeat check
2026-08-06 20:07:44 | [Thread 132993947506368] | [ERROR] | [STRESS] | Simulated minor non-fatal log
2026-08-06 20:07:44 | [Thread 132993721034432] | [ERROR] | [STRESS] | Simulated minor non-fatal log
2026-08-06 20:07:44 | [Thread 132993947506368] | [OPERATION] | [STRESS] | BULK_OP | MSFT
2026-08-06 20:07:44 | [Thread 132993721034432] | [OPERATION] | [STRESS] | BULK_OP | NVDA
2026-08-06 20:07:44 | [Thread 132993947506368] | [INFO] | [STRESS] | Heartbeat check
2026-08-06 20:07:44 | [Thread 132993721034432] | [INFO] | [STRESS] | Heartbeat check
2026-08-06 20:07:44 | [Thread 132993721034432] | [ERROR] | [STRESS] | Simulated minor non-fatal log
2026-08-06 20:07:44 | [Thread 132994375345856] | [INFO] | [CACHE] | CACHE_SAVED
2026-08-06 20:07:44 | [Thread 132993695856320] | [OPERATION] | [STRESS] | BULK_OP | AMZN
2026-08-06 20:07:44 | [Thread 132993695856320] | [INFO] | [STRESS] | Heartbeat check
2026-08-06 20:07:44 | [Thread 132993695856320] | [ERROR] | [STRESS] | Simulated minor non-fatal log
2026-08-06 20:07:44 | [Thread 132993695856320] | [OPERATION] | [STRESS] | BULK_OP | INTC
2026-08-06 20:07:44 | [Thread 132993695856320] | [INFO] | [STRESS] | Heartbeat check
2026-08-06 20:07:44 | [Thread 132993695856320] | [ERROR] | [STRESS] | Simulated minor non-fatal log
2026-08-06 20:07:44 | [Thread 132993695856320] | [OPERATION] | [STRESS] | BULK_OP | TXN
2026-08-06 20:07:44 | [Thread 132993695856320] | [INFO] | [STRESS] | Heartbeat check
2026-08-06 20:07:44 | [Thread 132993695856320] | [ERROR] | [STRESS] | Simulated minor non-fatal log
2026-08-06 20:07:44 | [Thread 132993695856320] | [OPERATION] | [STRESS] | BULK_OP | INTC
2026-08-06 20:07:44 | [Thread 132993695856320] | [INFO] | [STRESS] | Heartbeat check
2026-08-06 20:07:44 | [Thread 132993695856320] | [ERROR] | [STRESS] | Simulated minor non-fatal log
2026-08-06 20:07:44 | [Thread 132993695856320] | [OPERATION] | [STRESS] | BULK_OP | QCOM
2026-08-06 20:07:44 | [Thread 132993695856320] | [INFO] | [STRESS] | Heartbeat check
2026-08-06 20:07:44 | [Thread 132993695856320] | [ERROR] | [STRESS] | Simulated minor non-fatal log
2026-08-06 20:07:44 | [Thread 132993695856320] | [OPERATION] | [STRESS] | BULK_OP | NVDA
2026-08-06 20:07:44 | [Thread 132993695856320] | [INFO] | [STRESS] | Heartbeat check
2026-08-06 20:07:44 | [Thread 132993695856320] | [ERROR] | [STRESS] | Simulated minor non-fatal log
2026-08-06 20:07:44 | [Thread 132993687463616] | [ERROR] | [STRESS] | Simulated minor non-fatal log
2026-08-06 20:07:44 | [Thread 132993687463616] | [OPERATION] | [STRESS] | BULK_OP | NVDA
2026-08-06 20:07:44 | [Thread 132993947506368] | [ERROR] | [STRESS] | Simulated minor non-fatal log
2026-08-06 20:07:44 | [Thread 132993687463616] | [INFO] | [STRESS] | Heartbeat check
2026-08-06 20:07:44 | [Thread 132993695856320] | [OPERATION] | [STRESS] | BULK_OP | IBM
2026-08-06 20:07:44 | [Thread 132993947506368] | [OPERATION] | [STRESS] | BULK_OP | ORCL
2026-08-06 20:07:44 | [Thread 132993695856320] | [INFO] | [STRESS] | Heartbeat check
2026-08-06 20:07:44 | [Thread 132993947506368] | [INFO] | [STRESS] | Heartbeat check
2026-08-06 20:07:44 | [Thread 132993687463616] | [ERROR] | [STRESS] | Simulated minor non-fatal log
2026-08-06 20:07:44 | [Thread 132993947506368] | [ERROR] | [STRESS] | Simulated minor non-fatal log
2026-08-06 20:07:44 | [Thread 132993687463616] | [OPERATION] | [STRESS] | BULK_OP | AAPL
2026-08-06 20:07:44 | [Thread 132993947506368] | [OPERATION] | [STRESS] | BULK_OP | NFLX
2026-08-06 20:07:44 | [Thread 132993687463616] | [INFO] | [STRESS] | Heartbeat check
2026-08-06 20:07:44 | [Thread 132993947506368] | [INFO] | [STRESS] | Heartbeat check
2026-08-06 20:07:44 | [Thread 132993687463616] | [ERROR] | [STRESS] | Simulated minor non-fatal log
2026-08-06 20:07:44 | [Thread 132993947506368] | [ERROR] | [STRESS] | Simulated minor non-fatal log
2026-08-06 20:07:44 | [Thread 132993687463616] | [OPERATION] | [STRESS] | BULK_OP | META
2026-08-06 20:07:44 | [Thread 132993947506368] | [OPERATION] | [STRESS] | BULK_OP | AMZN
2026-08-06 20:07:44 | [Thread 132993687463616] | [INFO] | [STRESS] | Heartbeat check
2026-08-06 20:07:44 | [Thread 132993947506368] | [INFO] | [STRESS] | Heartbeat check
2026-08-06 20:07:44 | [Thread 132993687463616] | [ERROR] | [STRESS] | Simulated minor non-fatal log
2026-08-06 20:07:44 | [Thread 132993947506368] | [ERROR] | [STRESS] | Simulated minor non-fatal log
2026-08-06 20:07:44 | [Thread 132993687463616] | [OPERATION] | [STRESS] | BULK_OP | CSCO
2026-08-06 20:07:44 | [Thread 132993947506368] | [OPERATION] | [STRESS] | BULK_OP | TSLA
2026-08-06 20:07:44 | [Thread 132993687463616] | [INFO] | [STRESS] | Heartbeat check
2026-08-06 20:07:44 | [Thread 132993947506368] | [INFO] | [STRESS] | Heartbeat check
2026-08-06 20:07:44 | [Thread 132993687463616] | [ERROR] | [STRESS] | Simulated minor non-fatal log
2026-08-06 20:07:44 | [Thread 132993947506368] | [ERROR] | [STRESS] | Simulated minor non-fatal log
2026-08-06 20:07:44 | [Thread 132993687463616] | [OPERATION] | [STRESS] | BULK_OP | CSCO
2026-08-06 20:07:44 | [Thread 132993947506368] | [OPERATION] | [STRESS] | BULK_OP | MSFT
2026-08-06 20:07:44 | [Thread 132993687463616] | [INFO] | [STRESS] | Heartbeat check
2026-08-06 20:07:44 | [Thread 132993947506368] | [INFO] | [STRESS] | Heartbeat check
2026-08-06 20:07:44 | [Thread 132993947506368] | [OPERATION] | [STRESS] | BULK_OP | AMD
2026-08-06 20:07:44 | [Thread 132993947506368] | [ERROR] | [STRESS] | Simulated minor non-fatal log
2026-08-06 20:07:44 | [Thread 132993687463616] | [ERROR] | [STRESS] | Simulated minor non-fatal log
2026-08-06 20:07:44 | [Thread 132993687463616] | [OPERATION] | [STRESS] | BULK_OP | QCOM
2026-08-06 20:07:44 | [Thread 132993687463616] | [ERROR] | [STRESS] | Simulated minor non-fatal log
2026-08-06 20:07:44 | [Thread 132993947506368] | [ERROR] | [STRESS] | Simulated minor non-fatal log
2026-08-06 20:07:44 | [Thread 132993687463616] | [ERROR] | [STRESS] | Simulated minor non-fatal log
2026-08-06 20:07:44 | [Thread 132993687463616] | [OPERATION] | [STRESS] | BULK_OP | TSLA
2026-08-06 20:07:44 | [Thread 132993947506368] | [INFO] | [STRESS] | Heartbeat check
2026-08-06 20:07:44 | [Thread 132993695856320] | [OPERATION] | [STRESS] | BULK_OP | MSFT
2026-08-06 20:07:44 | [Thread 132993695856320] | [INFO] | [STRESS] | Heartbeat check
2026-08-06 20:07:44 | [Thread 132993695856320] | [OPERATION] | [STRESS] | BULK_OP | AAPL
2026-08-06 20:07:44 | [Thread 132993695856320] | [INFO] | [STRESS] | Heartbeat check
2026-08-06 20:07:44 | [Thread 132993687463616] | [ERROR] | [STRESS] | Simulated minor non-fatal log
2026-08-06 20:07:44 | [Thread 132993695856320] | [ERROR] | [STRESS] | Simulated minor non-fatal log
2026-08-06 20:07:44 | [Thread 132993695856320] | [OPERATION] | [STRESS] | BULK_OP | AMD
2026-08-06 20:07:44 | [Thread 132993695856320] | [INFO] | [STRESS] | Heartbeat check
2026-08-06 20:07:44 | [Thread 132993695856320] | [OPERATION] | [STRESS] | BULK_OP | NFLX
2026-08-06 20:07:44 | [Thread 132993695856320] | [OPERATION] | [STRESS] | BULK_OP | MSFT
2026-08-06 20:07:44 | [Thread 132993695856320] | [ERROR] | [STRESS] | Simulated minor non-fatal log
2026-08-06 20:07:44 | [Thread 132993695856320] | [INFO] | [STRESS] | Heartbeat check
2026-08-06 20:07:44 | [Thread 132993695856320] | [ERROR] | [STRESS] | Simulated minor non-fatal log
2026-08-06 20:07:44 | [Thread 132993695856320] | [OPERATION] | [STRESS] | BULK_OP | TXN
2026-08-06 20:07:44 | [Thread 132993695856320] | [OPERATION] | [STRESS] | BULK_OP | INTC
2026-08-06 20:07:44 | [Thread 132993712641728] | [INFO] | [STRESS] | Heartbeat check
2026-08-06 20:07:44 | [Thread 132993712641728] | [INFO] | [STRESS] | Heartbeat check
2026-08-06 20:07:44 | [Thread 132993704249024] | [OPERATION] | [STRESS] | BULK_OP | TSLA
2026-08-06 20:07:44 | [Thread 132993704249024] | [INFO] | [STRESS] | Heartbeat check
2026-08-06 20:07:44 | [Thread 132993712641728] | [ERROR] | [STRESS] | Simulated minor non-fatal log
2026-08-06 20:07:44 | [Thread 132993712641728] | [OPERATION] | [STRESS] | BULK_OP | TXN
2026-08-06 20:07:44 | [Thread 132993712641728] | [INFO] | [STRESS] | Heartbeat check
2026-08-06 20:07:44 | [Thread 132993712641728] | [ERROR] | [STRESS] | Simulated minor non-fatal log
2026-08-06 20:07:44 | [Thread 132993704249024] | [INFO] | [STRESS] | Heartbeat check
2026-08-06 20:07:44 | [Thread 132993712641728] | [INFO] | [STRESS] | Heartbeat check
2026-08-06 20:07:44 | [Thread 132993687463616] | [INFO] | [STRESS] | Heartbeat check
2026-08-06 20:07:44 | [Thread 132993687463616] | [INFO] | [STRESS] | Heartbeat check
2026-08-06 20:07:44 | [Thread 132993695856320] | [OPERATION] | [STRESS] | BULK_OP | CSCO
2026-08-06 20:07:44 | [Thread 132993704249024] | [ERROR] | [STRESS] | Simulated minor non-fatal log
2026-08-06 20:07:44 | [Thread 132993712641728] | [OPERATION] | [STRESS] | BULK_OP | META
2026-08-06 20:07:44 | [Thread 132993695856320] | [INFO] | [STRESS] | Heartbeat check
2026-08-06 20:07:44 | [Thread 132993695856320] | [OPERATION] | [STRESS] | BULK_OP | TSLA
2026-08-06 20:07:44 | [Thread 132993704249024] | [ERROR] | [STRESS] | Simulated minor non-fatal log
2026-08-06 20:07:44 | [Thread 132993704249024] | [OPERATION] | [STRESS] | BULK_OP | NVDA
2026-08-06 20:07:44 | [Thread 132993729427136] | [INFO] | [STRESS] | Heartbeat check
2026-08-06 20:07:44 | [Thread 132993712641728] | [INFO] | [STRESS] | Heartbeat check
2026-08-06 20:07:44 | [Thread 132993712641728] | [OPERATION] | [STRESS] | BULK_OP | NVDA
2026-08-06 20:07:44 | [Thread 132993695856320] | [INFO] | [STRESS] | Heartbeat check
2026-08-06 20:07:44 | [Thread 132993687463616] | [ERROR] | [STRESS] | Simulated minor non-fatal log
2026-08-06 20:07:44 | [Thread 132993729427136] | [INFO] | [STRESS] | Heartbeat check
2026-08-06 20:07:44 | [Thread 132993704249024] | [INFO] | [STRESS] | Heartbeat check
2026-08-06 20:07:44 | [Thread 132993729427136] | [OPERATION] | [STRESS] | BULK_OP | AMZN
2026-08-06 20:07:44 | [Thread 132993687463616] | [ERROR] | [STRESS] | Simulated minor non-fatal log
2026-08-06 20:07:44 | [Thread 132993687463616] | [INFO] | [STRESS] | Heartbeat check
2026-08-06 20:07:44 | [Thread 132993687463616] | [INFO] | [STRESS] | Heartbeat check
2026-08-06 20:07:44 | [Thread 132993687463616] | [OPERATION] | [STRESS] | BULK_OP | NFLX
2026-08-06 20:07:44 | [Thread 132993712641728] | [OPERATION] | [STRESS] | BULK_OP | TXN
2026-08-06 20:07:44 | [Thread 132993947506368] | [ERROR] | [STRESS] | Simulated minor non-fatal log
2026-08-06 20:07:44 | [Thread 132993721034432] | [OPERATION] | [STRESS] | BULK_OP | MSFT
2026-08-06 20:07:44 | [Thread 132993947506368] | [INFO] | [STRESS] | Heartbeat check
2026-08-06 20:07:44 | [Thread 132993721034432] | [INFO] | [STRESS] | Heartbeat check
2026-08-06 20:07:44 | [Thread 132993721034432] | [ERROR] | [STRESS] | Simulated minor non-fatal log
2026-08-06 20:07:44 | [Thread 132993721034432] | [OPERATION] | [STRESS] | BULK_OP | GOOGL
2026-08-06 20:07:44 | [Thread 132993721034432] | [INFO] | [STRESS] | Heartbeat check
2026-08-06 20:07:44 | [Thread 132993947506368] | [OPERATION] | [STRESS] | BULK_OP | NVDA
2026-08-06 20:07:44 | [Thread 132993947506368] | [OPERATION] | [STRESS] | BULK_OP | NFLX
2026-08-06 20:07:44 | [Thread 132993947506368] | [ERROR] | [STRESS] | Simulated minor non-fatal log
2026-08-06 20:07:44 | [Thread 132993947506368] | [INFO] | [STRESS] | Heartbeat check
2026-08-06 20:07:44 | [Thread 132993947506368] | [OPERATION] | [STRESS] | BULK_OP | AMZN
2026-08-06 20:07:44 | [Thread 132993947506368] | [OPERATION] | [STRESS] | BULK_OP | GOOGL
2026-08-06 20:07:44 | [Thread 132993695856320] | [INFO] | [STRESS] | Heartbeat check
2026-08-06 20:07:44 | [Thread 132993729427136] | [ERROR] | [STRESS] | Simulated minor non-fatal log
2026-08-06 20:07:44 | [Thread 132993729427136] | [OPERATION] | [STRESS] | BULK_OP | ORCL
2026-08-06 20:07:44 | [Thread 132993729427136] | [INFO] | [STRESS] | Heartbeat check
2026-08-06 20:07:44 | [Thread 132993729427136] | [ERROR] | [STRESS] | Simulated minor non-fatal log
2026-08-06 20:07:44 | [Thread 132993729427136] | [OPERATION] | [STRESS] | BULK_OP | MSFT
2026-08-06 20:07:44 | [Thread 132993695856320] | [ERROR] | [STRESS] | Simulated minor non-fatal log
2026-08-06 20:07:44 | [Thread 132993729427136] | [INFO] | [STRESS] | Heartbeat check
2026-08-06 20:07:44 | [Thread 132993729427136] | [INFO] | [STRESS] | Heartbeat check
2026-08-06 20:07:44 | [Thread 132993704249024] | [INFO] | [STRESS] | Heartbeat check
2026-08-06 20:07:44 | [Thread 132993695856320] | [OPERATION] | [STRESS] | BULK_OP | META
2026-08-06 20:07:44 | [Thread 132993687463616] | [ERROR] | [STRESS] | Simulated minor non-fatal log
2026-08-06 20:07:44 | [Thread 132993687463616] | [INFO] | [STRESS] | Heartbeat check
2026-08-06 20:07:44 | [Thread 132993729427136] | [OPERATION] | [STRESS] | BULK_OP | IBM
2026-08-06 20:07:44 | [Thread 132993729427136] | [ERROR] | [STRESS] | Simulated minor non-fatal log
2026-08-06 20:07:44 | [Thread 132993729427136] | [OPERATION] | [STRESS] | BULK_OP | MSFT
2026-08-06 20:07:44 | [Thread 132993712641728] | [OPERATION] | [STRESS] | BULK_OP | QCOM
2026-08-06 20:07:44 | [Thread 132993729427136] | [INFO] | [STRESS] | Heartbeat check
2026-08-06 20:07:44 | [Thread 132993729427136] | [OPERATION] | [STRESS] | BULK_OP | IBM
2026-08-06 20:07:44 | [Thread 132993729427136] | [ERROR] | [STRESS] | Simulated minor non-fatal log
2026-08-06 20:07:44 | [Thread 132993704249024] | [INFO] | [STRESS] | Heartbeat check
2026-08-06 20:07:44 | [Thread 132993704249024] | [OPERATION] | [STRESS] | BULK_OP | CSCO
2026-08-06 20:07:44 | [Thread 132993729427136] | [OPERATION] | [STRESS] | BULK_OP | NVDA
2026-08-06 20:07:44 | [Thread 132993704249024] | [ERROR] | [STRESS] | Simulated minor non-fatal log
2026-08-06 20:07:44 | [Thread 132993729427136] | [INFO] | [STRESS] | Heartbeat check
2026-08-06 20:07:44 | [Thread 132993947506368] | [INFO] | [STRESS] | Heartbeat check
2026-08-06 20:07:44 | [Thread 132993947506368] | [OPERATION] | [STRESS] | BULK_OP | TXN
2026-08-06 20:07:44 | [Thread 132993687463616] | [ERROR] | [STRESS] | Simulated minor non-fatal log
2026-08-06 20:07:44 | [Thread 132993947506368] | [INFO] | [STRESS] | Heartbeat check
2026-08-06 20:07:44 | [Thread 132993947506368] | [OPERATION] | [STRESS] | BULK_OP | MSFT
2026-08-06 20:07:44 | [Thread 132993687463616] | [ERROR] | [STRESS] | Simulated minor non-fatal log
2026-08-06 20:07:44 | [Thread 132993687463616] | [ERROR] | [STRESS] | Simulated minor non-fatal log
2026-08-06 20:07:44 | [Thread 132993687463616] | [OPERATION] | [STRESS] | BULK_OP | ORCL
2026-08-06 20:07:44 | [Thread 132993687463616] | [OPERATION] | [STRESS] | BULK_OP | NFLX
2026-08-06 20:07:44 | [Thread 132993687463616] | [INFO] | [STRESS] | Heartbeat check
2026-08-06 20:07:44 | [Thread 132993687463616] | [INFO] | [STRESS] | Heartbeat check
2026-08-06 20:07:44 | [Thread 132993687463616] | [ERROR] | [STRESS] | Simulated minor non-fatal log
2026-08-06 20:07:44 | [Thread 132993687463616] | [INFO] | [STRESS] | Heartbeat check
2026-08-06 20:07:44 | [Thread 132993687463616] | [ERROR] | [STRESS] | Simulated minor non-fatal log
2026-08-06 20:07:44 | [Thread 132993687463616] | [ERROR] | [STRESS] | Simulated minor non-fatal log
2026-08-06 20:07:44 | [Thread 132993712641728] | [OPERATION] | [STRESS] | BULK_OP | META
2026-08-06 20:07:44 | [Thread 132993712641728] | [ERROR] | [STRESS] | Simulated minor non-fatal log
2026-08-06 20:07:44 | [Thread 132993712641728] | [INFO] | [STRESS] | Heartbeat check
2026-08-06 20:07:44 | [Thread 132993712641728] | [ERROR] | [STRESS] | Simulated minor non-fatal log
2026-08-06 20:07:44 | [Thread 132993695856320] | [ERROR] | [STRESS] | Simulated minor non-fatal log
2026-08-06 20:07:44 | [Thread 132993704249024] | [INFO] | [STRESS] | Heartbeat check
2026-08-06 20:07:44 | [Thread 132993704249024] | [OPERATION] | [STRESS] | BULK_OP | MSFT
2026-08-06 20:07:44 | [Thread 132993687463616] | [ERROR] | [STRESS] | Simulated minor non-fatal log
2026-08-06 20:07:44 | [Thread 132993695856320] | [INFO] | [STRESS] | Heartbeat check
2026-08-06 20:07:44 | [Thread 132993687463616] | [OPERATION] | [STRESS] | BULK_OP | META
2026-08-06 20:07:44 | [Thread 132993695856320] | [ERROR] | [STRESS] | Simulated minor non-fatal log
2026-08-06 20:07:44 | [Thread 132993704249024] | [ERROR] | [STRESS] | Simulated minor non-fatal log
2026-08-06 20:07:44 | [Thread 132993712641728] | [INFO] | [STRESS] | Heartbeat check
2026-08-06 20:07:44 | [Thread 132993687463616] | [ERROR] | [STRESS] | Simulated minor non-fatal log
2026-08-06 20:07:44 | [Thread 132993721034432] | [OPERATION] | [STRESS] | BULK_OP | AMD
2026-08-06 20:07:44 | [Thread 132993704249024] | [ERROR] | [STRESS] | Simulated minor non-fatal log
2026-08-06 20:07:44 | [Thread 132993704249024] | [OPERATION] | [STRESS] | BULK_OP | META
2026-08-06 20:07:44 | [Thread 132993704249024] | [ERROR] | [STRESS] | Simulated minor non-fatal log
2026-08-06 20:07:44 | [Thread 132993721034432] | [INFO] | [STRESS] | Heartbeat check
2026-08-06 20:07:44 | [Thread 132993704249024] | [OPERATION] | [STRESS] | BULK_OP | AAPL
2026-08-06 20:07:44 | [Thread 132993704249024] | [INFO] | [STRESS] | Heartbeat check
2026-08-06 20:07:44 | [Thread 132993712641728] | [OPERATION] | [STRESS] | BULK_OP | AMD
2026-08-06 20:07:44 | [Thread 132993721034432] | [ERROR] | [STRESS] | Simulated minor non-fatal log
2026-08-06 20:07:44 | [Thread 132993721034432] | [ERROR] | [STRESS] | Simulated minor non-fatal log
2026-08-06 20:07:44 | [Thread 132993721034432] | [ERROR] | [STRESS] | Simulated minor non-fatal log
2026-08-06 20:07:44 | [Thread 132993721034432] | [ERROR] | [STRESS] | Simulated minor non-fatal log
2026-08-06 20:07:44 | [Thread 132993721034432] | [INFO] | [STRESS] | Heartbeat check
2026-08-06 20:07:44 | [Thread 132993721034432] | [ERROR] | [STRESS] | Simulated minor non-fatal log
2026-08-06 20:07:44 | [Thread 132993721034432] | [OPERATION] | [STRESS] | BULK_OP | AMD
2026-08-06 20:07:44 | [Thread 132993721034432] | [ERROR] | [STRESS] | Simulated minor non-fatal log
2026-08-06 20:07:44 | [Thread 132993712641728] | [OPERATION] | [STRESS] | BULK_OP | IBM
2026-08-06 20:07:44 | [Thread 132993712641728] | [ERROR] | [STRESS] | Simulated minor non-fatal log
2026-08-06 20:07:44 | [Thread 132993712641728] | [OPERATION] | [STRESS] | BULK_OP | TXN
2026-08-06 20:07:44 | [Thread 132993712641728] | [OPERATION] | [STRESS] | BULK_OP | QCOM
2026-08-06 20:07:44 | [Thread 132993712641728] | [OPERATION] | [STRESS] | BULK_OP | NVDA
2026-08-06 20:07:44 | [Thread 132993712641728] | [OPERATION] | [STRESS] | BULK_OP | AMD
2026-08-06 20:07:44 | [Thread 132993712641728] | [OPERATION] | [STRESS] | BULK_OP | CSCO
2026-08-06 20:07:44 | [Thread 132993712641728] | [ERROR] | [STRESS] | Simulated minor non-fatal log
2026-08-06 20:07:44 | [Thread 132993712641728] | [ERROR] | [STRESS] | Simulated minor non-fatal log
2026-08-06 20:07:44 | [Thread 132993712641728] | [ERROR] | [STRESS] | Simulated minor non-fatal log
2026-08-06 20:07:44 | [Thread 132993712641728] | [ERROR] | [STRESS] | Simulated minor non-fatal log
2026-08-06 20:07:44 | [Thread 132993712641728] | [OPERATION] | [STRESS] | BULK_OP | AAPL
2026-08-06 20:07:44 | [Thread 132993712641728] | [ERROR] | [STRESS] | Simulated minor non-fatal log
2026-08-06 20:07:44 | [Thread 132993712641728] | [ERROR] | [STRESS] | Simulated minor non-fatal log
2026-08-06 20:07:44 | [Thread 132993712641728] | [INFO] | [STRESS] | Heartbeat check
2026-08-06 20:07:44 | [Thread 132993712641728] | [INFO] | [STRESS] | Heartbeat check
2026-08-06 20:07:44 | [Thread 132993712641728] | [INFO] | [STRESS] | Heartbeat check
2026-08-06 20:07:44 | [Thread 132993712641728] | [OPERATION] | [STRESS] | BULK_OP | GOOGL
2026-08-06 20:07:44 | [Thread 132993712641728] | [OPERATION] | [STRESS] | BULK_OP | TSLA
2026-08-06 20:07:44 | [Thread 132993947506368] | [OPERATION] | [STRESS] | BULK_OP | QCOM
2026-08-06 20:07:44 | [Thread 132993947506368] | [INFO] | [STRESS] | Heartbeat check
2026-08-06 20:07:44 | [Thread 132993947506368] | [INFO] | [STRESS] | Heartbeat check
2026-08-06 20:07:44 | [Thread 132993947506368] | [INFO] | [STRESS] | Heartbeat check
2026-08-06 20:07:44 | [Thread 132993947506368] | [ERROR] | [STRESS] | Simulated minor non-fatal log
2026-08-06 20:07:44 | [Thread 132993947506368] | [ERROR] | [STRESS] | Simulated minor non-fatal log
2026-08-06 20:07:44 | [Thread 132993947506368] | [INFO] | [STRESS] | Heartbeat check
2026-08-06 20:07:44 | [Thread 132993947506368] | [ERROR] | [STRESS] | Simulated minor non-fatal log
2026-08-06 20:07:44 | [Thread 132993947506368] | [ERROR] | [STRESS] | Simulated minor non-fatal log
2026-08-06 20:07:44 | [Thread 132993947506368] | [INFO] | [STRESS] | Heartbeat check
2026-08-06 20:07:44 | [Thread 132993947506368] | [INFO] | [STRESS] | Heartbeat check
2026-08-06 20:07:44 | [Thread 132993947506368] | [INFO] | [STRESS] | Heartbeat check
2026-08-06 20:07:44 | [Thread 132993947506368] | [OPERATION] | [STRESS] | BULK_OP | ORCL
2026-08-06 20:07:44 | [Thread 132993947506368] | [OPERATION] | [STRESS] | BULK_OP | NVDA
2026-08-06 20:07:44 | [Thread 132993729427136] | [INFO] | [STRESS] | Heartbeat check
2026-08-06 20:07:44 | [Thread 132993729427136] | [OPERATION] | [STRESS] | BULK_OP | NFLX
2026-08-06 20:07:44 | [Thread 132993729427136] | [OPERATION] | [STRESS] | BULK_OP | AAPL
2026-08-06 20:07:44 | [Thread 132993729427136] | [OPERATION] | [STRESS] | BULK_OP | TXN
2026-08-06 20:07:44 | [Thread 132993729427136] | [ERROR] | [STRESS] | Simulated minor non-fatal log
2026-08-06 20:07:44 | [Thread 132993695856320] | [OPERATION] | [STRESS] | BULK_OP | GOOGL
2026-08-06 20:07:44 | [Thread 132993695856320] | [OPERATION] | [STRESS] | BULK_OP | NVDA
2026-08-06 20:07:44 | [Thread 132993695856320] | [INFO] | [STRESS] | Heartbeat check
2026-08-06 20:07:44 | [Thread 132993695856320] | [INFO] | [STRESS] | Heartbeat check
2026-08-06 20:07:44 | [Thread 132993729427136] | [ERROR] | [STRESS] | Simulated minor non-fatal log
2026-08-06 20:07:44 | [Thread 132993721034432] | [INFO] | [STRESS] | Heartbeat check
2026-08-06 20:07:44 | [Thread 132993721034432] | [ERROR] | [STRESS] | Simulated minor non-fatal log
2026-08-06 20:07:44 | [Thread 132993721034432] | [ERROR] | [STRESS] | Simulated minor non-fatal log
2026-08-06 20:07:44 | [Thread 132993721034432] | [ERROR] | [STRESS] | Simulated minor non-fatal log
2026-08-06 20:07:44 | [Thread 132993721034432] | [ERROR] | [STRESS] | Simulated minor non-fatal log
2026-08-06 20:07:44 | [Thread 132993721034432] | [INFO] | [STRESS] | Heartbeat check
2026-08-06 20:07:44 | [Thread 132993721034432] | [ERROR] | [STRESS] | Simulated minor non-fatal log
2026-08-06 20:07:44 | [Thread 132993721034432] | [OPERATION] | [STRESS] | BULK_OP | NVDA
2026-08-06 20:07:44 | [Thread 132993721034432] | [INFO] | [STRESS] | Heartbeat check
2026-08-06 20:07:44 | [Thread 132993721034432] | [INFO] | [STRESS] | Heartbeat check
2026-08-06 20:07:44 | [Thread 132993721034432] | [INFO] | [STRESS] | Heartbeat check
2026-08-06 20:07:44 | [Thread 132993721034432] | [INFO] | [STRESS] | Heartbeat check
2026-08-06 20:07:44 | [Thread 132993721034432] | [ERROR] | [STRESS] | Simulated minor non-fatal log
2026-08-06 20:07:44 | [Thread 132993721034432] | [OPERATION] | [STRESS] | BULK_OP | IBM
2026-08-06 20:07:44 | [Thread 132993721034432] | [INFO] | [STRESS] | Heartbeat check
2026-08-06 20:07:44 | [Thread 132993704249024] | [ERROR] | [STRESS] | Simulated minor non-fatal log
2026-08-06 20:07:44 | [Thread 132993704249024] | [OPERATION] | [STRESS] | BULK_OP | META
2026-08-06 20:07:44 | [Thread 132993704249024] | [INFO] | [STRESS] | Heartbeat check
2026-08-06 20:07:44 | [Thread 132993704249024] | [ERROR] | [STRESS] | Simulated minor non-fatal log
2026-08-06 20:07:44 | [Thread 132993704249024] | [OPERATION] | [STRESS] | BULK_OP | AAPL
2026-08-06 20:07:44 | [Thread 132993704249024] | [INFO] | [STRESS] | Heartbeat check
2026-08-06 20:07:44 | [Thread 132993704249024] | [ERROR] | [STRESS] | Simulated minor non-fatal log
2026-08-06 20:07:44 | [Thread 132993704249024] | [OPERATION] | [STRESS] | BULK_OP | AMZN
2026-08-06 20:07:44 | [Thread 132993704249024] | [INFO] | [STRESS] | Heartbeat check
2026-08-06 20:07:44 | [Thread 132993704249024] | [ERROR] | [STRESS] | Simulated minor non-fatal log
2026-08-06 20:07:44 | [Thread 132993704249024] | [ERROR] | [STRESS] | Simulated minor non-fatal log
2026-08-06 20:07:44 | [Thread 132993704249024] | [ERROR] | [STRESS] | Simulated minor non-fatal log
2026-08-06 20:07:44 | [Thread 132993704249024] | [OPERATION] | [STRESS] | BULK_OP | NFLX
2026-08-06 20:07:44 | [Thread 132993704249024] | [OPERATION] | [STRESS] | BULK_OP | NVDA
2026-08-06 20:07:44 | [Thread 132993687463616] | [ERROR] | [STRESS] | Simulated minor non-fatal log
2026-08-06 20:07:44 | [Thread 132993687463616] | [INFO] | [STRESS] | Heartbeat check
2026-08-06 20:07:44 | [Thread 132993687463616] | [INFO] | [STRESS] | Heartbeat check
2026-08-06 20:07:44 | [Thread 132993687463616] | [INFO] | [STRESS] | Heartbeat check
2026-08-06 20:07:44 | [Thread 132993687463616] | [OPERATION] | [STRESS] | BULK_OP | ORCL
2026-08-06 20:07:44 | [Thread 132993687463616] | [OPERATION] | [STRESS] | BULK_OP | META
2026-08-06 20:07:44 | [Thread 132993687463616] | [INFO] | [STRESS] | Heartbeat check
2026-08-06 20:07:44 | [Thread 132993687463616] | [ERROR] | [STRESS] | Simulated minor non-fatal log
2026-08-06 20:07:44 | [Thread 132993687463616] | [OPERATION] | [STRESS] | BULK_OP | TXN
2026-08-06 20:07:44 | [Thread 132993687463616] | [OPERATION] | [STRESS] | BULK_OP | IBM
2026-08-06 20:07:44 | [Thread 132993687463616] | [INFO] | [STRESS] | Heartbeat check
2026-08-06 20:07:44 | [Thread 132993687463616] | [INFO] | [STRESS] | Heartbeat check
2026-08-06 20:07:44 | [Thread 132993687463616] | [ERROR] | [STRESS] | Simulated minor non-fatal log
2026-08-06 20:07:44 | [Thread 132993704249024] | [ERROR] | [STRESS] | Simulated minor non-fatal log
2026-08-06 20:07:44 | [Thread 132993721034432] | [ERROR] | [STRESS] | Simulated minor non-fatal log
2026-08-06 20:07:44 | [Thread 132993721034432] | [INFO] | [STRESS] | Heartbeat check
2026-08-06 20:07:44 | [Thread 132993947506368] | [OPERATION] | [STRESS] | BULK_OP | AMZN
2026-08-06 20:07:44 | [Thread 132993729427136] | [OPERATION] | [STRESS] | BULK_OP | GOOGL
2026-08-06 20:07:44 | [Thread 132993704249024] | [INFO] | [STRESS] | Heartbeat check
2026-08-06 20:07:44 | [Thread 132993729427136] | [ERROR] | [STRESS] | Simulated minor non-fatal log
2026-08-06 20:07:44 | [Thread 132993687463616] | [INFO] | [STRESS] | Heartbeat check
2026-08-06 20:07:44 | [Thread 132993687463616] | [OPERATION] | [STRESS] | BULK_OP | META
2026-08-06 20:07:44 | [Thread 132993704249024] | [OPERATION] | [STRESS] | BULK_OP | NVDA
2026-08-06 20:07:44 | [Thread 132993729427136] | [OPERATION] | [STRESS] | BULK_OP | ORCL
2026-08-06 20:07:44 | [Thread 132993704249024] | [OPERATION] | [STRESS] | BULK_OP | NVDA
2026-08-06 20:07:44 | [Thread 132993704249024] | [ERROR] | [STRESS] | Simulated minor non-fatal log
2026-08-06 20:07:44 | [Thread 132993704249024] | [INFO] | [STRESS] | Heartbeat check
2026-08-06 20:07:44 | [Thread 132993687463616] | [ERROR] | [STRESS] | Simulated minor non-fatal log
2026-08-06 20:07:44 | [Thread 132993687463616] | [ERROR] | [STRESS] | Simulated minor non-fatal log
2026-08-06 20:07:44 | [Thread 132993687463616] | [OPERATION] | [STRESS] | BULK_OP | MSFT
2026-08-06 20:07:44 | [Thread 132993721034432] | [ERROR] | [STRESS] | Simulated minor non-fatal log
2026-08-06 20:07:44 | [Thread 132993729427136] | [ERROR] | [STRESS] | Simulated minor non-fatal log
2026-08-06 20:07:44 | [Thread 132993729427136] | [OPERATION] | [STRESS] | BULK_OP | IBM
2026-08-06 20:07:44 | [Thread 132993721034432] | [OPERATION] | [STRESS] | BULK_OP | QCOM
2026-08-06 20:07:44 | [Thread 132993704249024] | [ERROR] | [STRESS] | Simulated minor non-fatal log
2026-08-06 20:07:44 | [Thread 132993729427136] | [OPERATION] | [STRESS] | BULK_OP | MSFT
2026-08-06 20:07:44 | [Thread 132993704249024] | [ERROR] | [STRESS] | Simulated minor non-fatal log
2026-08-06 20:07:44 | [Thread 132993729427136] | [OPERATION] | [STRESS] | BULK_OP | META
2026-08-06 20:07:44 | [Thread 132993721034432] | [ERROR] | [STRESS] | Simulated minor non-fatal log
2026-08-06 20:07:44 | [Thread 132993947506368] | [INFO] | [STRESS] | Heartbeat check
2026-08-06 20:07:44 | [Thread 132993947506368] | [OPERATION] | [STRESS] | BULK_OP | NVDA
2026-08-06 20:07:44 | [Thread 132993721034432] | [INFO] | [STRESS] | Heartbeat check
2026-08-06 20:07:44 | [Thread 132993947506368] | [OPERATION] | [STRESS] | BULK_OP | AMD
2026-08-06 20:07:44 | [Thread 132993947506368] | [ERROR] | [STRESS] | Simulated minor non-fatal log
2026-08-06 20:07:44 | [Thread 132993947506368] | [OPERATION] | [STRESS] | BULK_OP | AMD
2026-08-06 20:07:44 | [Thread 132993947506368] | [INFO] | [STRESS] | Heartbeat check
2026-08-06 20:07:44 | [Thread 132993947506368] | [ERROR] | [STRESS] | Simulated minor non-fatal log
2026-08-06 20:07:44 | [Thread 132993947506368] | [OPERATION] | [STRESS] | BULK_OP | GOOGL
2026-08-06 20:07:44 | [Thread 132993947506368] | [OPERATION] | [STRESS] | BULK_OP | IBM
2026-08-06 20:07:44 | [Thread 132993721034432] | [ERROR] | [STRESS] | Simulated minor non-fatal log
2026-08-06 20:07:44 | [Thread 132993721034432] | [OPERATION] | [STRESS] | BULK_OP | AAPL
2026-08-06 20:07:44 | [Thread 132993695856320] | [INFO] | [STRESS] | Heartbeat check
2026-08-06 20:07:44 | [Thread 132993687463616] | [OPERATION] | [STRESS] | BULK_OP | MSFT
2026-08-06 20:07:44 | [Thread 132993687463616] | [INFO] | [STRESS] | Heartbeat check
2026-08-06 20:07:44 | [Thread 132993687463616] | [INFO] | [STRESS] | Heartbeat check
2026-08-06 20:07:44 | [Thread 132993695856320] | [OPERATION] | [STRESS] | BULK_OP | GOOGL
2026-08-06 20:07:44 | [Thread 132993695856320] | [ERROR] | [STRESS] | Simulated minor non-fatal log
2026-08-06 20:07:44 | [Thread 132993695856320] | [ERROR] | [STRESS] | Simulated minor non-fatal log
2026-08-06 20:07:44 | [Thread 132993695856320] | [OPERATION] | [STRESS] | BULK_OP | AMD
2026-08-06 20:07:44 | [Thread 132993695856320] | [INFO] | [STRESS] | Heartbeat check
2026-08-06 20:07:44 | [Thread 132993695856320] | [ERROR] | [STRESS] | Simulated minor non-fatal log
2026-08-06 20:07:44 | [Thread 132993695856320] | [OPERATION] | [STRESS] | BULK_OP | TXN
2026-08-06 20:07:44 | [Thread 132993695856320] | [OPERATION] | [STRESS] | BULK_OP | ORCL
2026-08-06 20:07:44 | [Thread 132993704249024] | [ERROR] | [STRESS] | Simulated minor non-fatal log
2026-08-06 20:07:44 | [Thread 132993704249024] | [OPERATION] | [STRESS] | BULK_OP | INTC
2026-08-06 20:07:44 | [Thread 132993704249024] | [INFO] | [STRESS] | Heartbeat check
2026-08-06 20:07:44 | [Thread 132993704249024] | [ERROR] | [STRESS] | Simulated minor non-fatal log
2026-08-06 20:07:44 | [Thread 132993704249024] | [INFO] | [STRESS] | Heartbeat check
2026-08-06 20:07:44 | [Thread 132993704249024] | [OPERATION] | [STRESS] | BULK_OP | NVDA
2026-08-06 20:07:44 | [Thread 132993947506368] | [OPERATION] | [STRESS] | BULK_OP | NVDA
2026-08-06 20:07:44 | [Thread 132993947506368] | [ERROR] | [STRESS] | Simulated minor non-fatal log
2026-08-06 20:07:44 | [Thread 132993695856320] | [OPERATION] | [STRESS] | BULK_OP | NFLX
2026-08-06 20:07:44 | [Thread 132993695856320] | [ERROR] | [STRESS] | Simulated minor non-fatal log
2026-08-06 20:07:44 | [Thread 132993695856320] | [INFO] | [STRESS] | Heartbeat check
2026-08-06 20:07:44 | [Thread 132993687463616] | [INFO] | [STRESS] | Heartbeat check
2026-08-06 20:07:44 | [Thread 132993695856320] | [OPERATION] | [STRESS] | BULK_OP | GOOGL
2026-08-06 20:07:44 | [Thread 132993687463616] | [INFO] | [STRESS] | Heartbeat check
2026-08-06 20:07:44 | [Thread 132993695856320] | [OPERATION] | [STRESS] | BULK_OP | INTC
2026-08-06 20:07:44 | [Thread 132993687463616] | [INFO] | [STRESS] | Heartbeat check
2026-08-06 20:07:44 | [Thread 132993695856320] | [OPERATION] | [STRESS] | BULK_OP | NFLX
2026-08-06 20:07:44 | [Thread 132993695856320] | [INFO] | [STRESS] | Heartbeat check
2026-08-06 20:07:44 | [Thread 132993695856320] | [ERROR] | [STRESS] | Simulated minor non-fatal log
2026-08-06 20:07:44 | [Thread 132993695856320] | [OPERATION] | [STRESS] | BULK_OP | TXN
2026-08-06 20:07:44 | [Thread 132993695856320] | [ERROR] | [STRESS] | Simulated minor non-fatal log
2026-08-06 20:07:44 | [Thread 132993695856320] | [INFO] | [STRESS] | Heartbeat check
2026-08-06 20:07:44 | [Thread 132993695856320] | [OPERATION] | [STRESS] | BULK_OP | MSFT
2026-08-06 20:07:44 | [Thread 132993695856320] | [OPERATION] | [STRESS] | BULK_OP | META
2026-08-06 20:07:44 | [Thread 132993695856320] | [ERROR] | [STRESS] | Simulated minor non-fatal log
2026-08-06 20:07:44 | [Thread 132993947506368] | [INFO] | [STRESS] | Heartbeat check
2026-08-06 20:07:44 | [Thread 132993947506368] | [INFO] | [STRESS] | Heartbeat check
2026-08-06 20:07:44 | [Thread 132993947506368] | [OPERATION] | [STRESS] | BULK_OP | META
2026-08-06 20:07:44 | [Thread 132993947506368] | [INFO] | [STRESS] | Heartbeat check
2026-08-06 20:07:44 | [Thread 132993729427136] | [INFO] | [STRESS] | Heartbeat check
2026-08-06 20:07:44 | [Thread 132993729427136] | [OPERATION] | [STRESS] | BULK_OP | CSCO
2026-08-06 20:07:44 | [Thread 132993729427136] | [ERROR] | [STRESS] | Simulated minor non-fatal log
2026-08-06 20:07:44 | [Thread 132993729427136] | [INFO] | [STRESS] | Heartbeat check
2026-08-06 20:07:44 | [Thread 132993729427136] | [INFO] | [STRESS] | Heartbeat check
2026-08-06 20:07:44 | [Thread 132993729427136] | [OPERATION] | [STRESS] | BULK_OP | TXN
2026-08-06 20:07:44 | [Thread 132993729427136] | [OPERATION] | [STRESS] | BULK_OP | AAPL
2026-08-06 20:07:44 | [Thread 132993729427136] | [OPERATION] | [STRESS] | BULK_OP | NVDA
2026-08-06 20:07:44 | [Thread 132993729427136] | [OPERATION] | [STRESS] | BULK_OP | TXN
2026-08-06 20:07:44 | [Thread 132993729427136] | [OPERATION] | [STRESS] | BULK_OP | AMD
2026-08-06 20:07:44 | [Thread 132993729427136] | [ERROR] | [STRESS] | Simulated minor non-fatal log
2026-08-06 20:07:44 | [Thread 132993729427136] | [INFO] | [STRESS] | Heartbeat check
2026-08-06 20:07:44 | [Thread 132993729427136] | [INFO] | [STRESS] | Heartbeat check
2026-08-06 20:07:44 | [Thread 132993729427136] | [OPERATION] | [STRESS] | BULK_OP | GOOGL
2026-08-06 20:07:44 | [Thread 132993947506368] | [ERROR] | [STRESS] | Simulated minor non-fatal log
2026-08-06 20:07:44 | [Thread 132993947506368] | [INFO] | [STRESS] | Heartbeat check
2026-08-06 20:07:44 | [Thread 132993947506368] | [ERROR] | [STRESS] | Simulated minor non-fatal log
2026-08-06 20:07:44 | [Thread 132993947506368] | [OPERATION] | [STRESS] | BULK_OP | IBM
2026-08-06 20:07:44 | [Thread 132993947506368] | [ERROR] | [STRESS] | Simulated minor non-fatal log
2026-08-06 20:07:44 | [Thread 132993947506368] | [ERROR] | [STRESS] | Simulated minor non-fatal log
2026-08-06 20:07:44 | [Thread 132993947506368] | [INFO] | [STRESS] | Heartbeat check
2026-08-06 20:07:44 | [Thread 132993947506368] | [INFO] | [STRESS] | Heartbeat check
2026-08-06 20:07:44 | [Thread 132993947506368] | [INFO] | [STRESS] | Heartbeat check
2026-08-06 20:07:44 | [Thread 132993947506368] | [INFO] | [STRESS] | Heartbeat check
2026-08-06 20:07:44 | [Thread 132993947506368] | [OPERATION] | [STRESS] | BULK_OP | NFLX
2026-08-06 20:07:44 | [Thread 132993947506368] | [OPERATION] | [STRESS] | BULK_OP | AMZN
2026-08-06 20:07:44 | [Thread 132993947506368] | [OPERATION] | [STRESS] | BULK_OP | ORCL
2026-08-06 20:07:44 | [Thread 132993947506368] | [OPERATION] | [STRESS] | BULK_OP | CSCO
2026-08-06 20:07:44 | [Thread 132993947506368] | [OPERATION] | [STRESS] | BULK_OP | QCOM
2026-08-06 20:07:44 | [Thread 132993947506368] | [INFO] | [STRESS] | Heartbeat check
2026-08-06 20:07:44 | [Thread 132993947506368] | [INFO] | [STRESS] | Heartbeat check
2026-08-06 20:07:44 | [Thread 132993947506368] | [OPERATION] | [STRESS] | BULK_OP | TSLA
2026-08-06 20:07:44 | [Thread 132993947506368] | [OPERATION] | [STRESS] | BULK_OP | AMD
2026-08-06 20:07:44 | [Thread 132993712641728] | [ERROR] | [STRESS] | Simulated minor non-fatal log
2026-08-06 20:07:44 | [Thread 132993712641728] | [OPERATION] | [STRESS] | BULK_OP | TSLA
2026-08-06 20:07:44 | [Thread 132993712641728] | [INFO] | [STRESS] | Heartbeat check
2026-08-06 20:07:44 | [Thread 132993712641728] | [ERROR] | [STRESS] | Simulated minor non-fatal log
2026-08-06 20:07:44 | [Thread 132993721034432] | [ERROR] | [STRESS] | Simulated minor non-fatal log
2026-08-06 20:07:44 | [Thread 132993721034432] | [OPERATION] | [STRESS] | BULK_OP | QCOM
2026-08-06 20:07:44 | [Thread 132993721034432] | [INFO] | [STRESS] | Heartbeat check
2026-08-06 20:07:44 | [Thread 132993721034432] | [ERROR] | [STRESS] | Simulated minor non-fatal log
2026-08-06 20:07:44 | [Thread 132993721034432] | [OPERATION] | [STRESS] | BULK_OP | AMD
2026-08-06 20:07:44 | [Thread 132993721034432] | [ERROR] | [STRESS] | Simulated minor non-fatal log
2026-08-06 20:07:44 | [Thread 132993712641728] | [INFO] | [STRESS] | Heartbeat check
2026-08-06 20:07:44 | [Thread 132993712641728] | [OPERATION] | [STRESS] | BULK_OP | TXN
2026-08-06 20:07:44 | [Thread 132993721034432] | [INFO] | [STRESS] | Heartbeat check
2026-08-06 20:07:44 | [Thread 132993721034432] | [OPERATION] | [STRESS] | BULK_OP | QCOM
2026-08-06 20:07:44 | [Thread 132993695856320] | [OPERATION] | [STRESS] | BULK_OP | INTC
2026-08-06 20:07:44 | [Thread 132993721034432] | [OPERATION] | [STRESS] | BULK_OP | MSFT
2026-08-06 20:07:44 | [Thread 132993721034432] | [ERROR] | [STRESS] | Simulated minor non-fatal log
2026-08-06 20:07:44 | [Thread 132993721034432] | [INFO] | [STRESS] | Heartbeat check
2026-08-06 20:07:44 | [Thread 132993721034432] | [OPERATION] | [STRESS] | BULK_OP | ORCL
2026-08-06 20:07:44 | [Thread 132993721034432] | [OPERATION] | [STRESS] | BULK_OP | MSFT
2026-08-06 20:07:44 | [Thread 132993721034432] | [ERROR] | [STRESS] | Simulated minor non-fatal log
2026-08-06 20:07:44 | [Thread 132993721034432] | [INFO] | [STRESS] | Heartbeat check
2026-08-06 20:07:44 | [Thread 132993704249024] | [OPERATION] | [STRESS] | BULK_OP | TXN
2026-08-06 20:07:44 | [Thread 132993947506368] | [INFO] | [STRESS] | Heartbeat check
2026-08-06 20:07:44 | [Thread 132993947506368] | [INFO] | [STRESS] | Heartbeat check
2026-08-06 20:07:44 | [Thread 132993947506368] | [ERROR] | [STRESS] | Simulated minor non-fatal log
2026-08-06 20:07:44 | [Thread 132993947506368] | [OPERATION] | [STRESS] | BULK_OP | TXN
2026-08-06 20:07:44 | [Thread 132993687463616] | [OPERATION] | [STRESS] | BULK_OP | QCOM
2026-08-06 20:07:44 | [Thread 132993687463616] | [OPERATION] | [STRESS] | BULK_OP | TSLA
2026-08-06 20:07:44 | [Thread 132993729427136] | [INFO] | [STRESS] | Heartbeat check
2026-08-06 20:07:44 | [Thread 132993704249024] | [INFO] | [STRESS] | Heartbeat check
2026-08-06 20:07:44 | [Thread 132993695856320] | [ERROR] | [STRESS] | Simulated minor non-fatal log
2026-08-06 20:07:44 | [Thread 132993729427136] | [ERROR] | [STRESS] | Simulated minor non-fatal log
2026-08-06 20:07:44 | [Thread 132993704249024] | [OPERATION] | [STRESS] | BULK_OP | ORCL
2026-08-06 20:07:44 | [Thread 132993695856320] | [OPERATION] | [STRESS] | BULK_OP | GOOGL
2026-08-06 20:07:44 | [Thread 132993729427136] | [INFO] | [STRESS] | Heartbeat check
2026-08-06 20:07:44 | [Thread 132993729427136] | [OPERATION] | [STRESS] | BULK_OP | ORCL
2026-08-06 20:07:44 | [Thread 132993729427136] | [INFO] | [STRESS] | Heartbeat check
2026-08-06 20:07:44 | [Thread 132993729427136] | [ERROR] | [STRESS] | Simulated minor non-fatal log
2026-08-06 20:07:44 | [Thread 132993729427136] | [INFO] | [STRESS] | Heartbeat check
2026-08-06 20:07:44 | [Thread 132993687463616] | [OPERATION] | [STRESS] | BULK_OP | AAPL
2026-08-06 20:07:44 | [Thread 132993687463616] | [INFO] | [STRESS] | Heartbeat check
2026-08-06 20:07:44 | [Thread 132993687463616] | [ERROR] | [STRESS] | Simulated minor non-fatal log
2026-08-06 20:07:44 | [Thread 132993687463616] | [ERROR] | [STRESS] | Simulated minor non-fatal log
2026-08-06 20:07:44 | [Thread 132993687463616] | [INFO] | [STRESS] | Heartbeat check
2026-08-06 20:07:44 | [Thread 132993687463616] | [OPERATION] | [STRESS] | BULK_OP | TXN
2026-08-06 20:07:44 | [Thread 132993704249024] | [OPERATION] | [STRESS] | BULK_OP | NFLX
2026-08-06 20:07:44 | [Thread 132993712641728] | [OPERATION] | [STRESS] | BULK_OP | QCOM
2026-08-06 20:07:44 | [Thread 132993712641728] | [INFO] | [STRESS] | Heartbeat check
2026-08-06 20:07:44 | [Thread 132993712641728] | [OPERATION] | [STRESS] | BULK_OP | CSCO
2026-08-06 20:07:44 | [Thread 132993721034432] | [ERROR] | [STRESS] | Simulated minor non-fatal log
2026-08-06 20:07:44 | [Thread 132993721034432] | [INFO] | [STRESS] | Heartbeat check
2026-08-06 20:07:44 | [Thread 132993721034432] | [OPERATION] | [STRESS] | BULK_OP | NVDA
2026-08-06 20:07:44 | [Thread 132993721034432] | [ERROR] | [STRESS] | Simulated minor non-fatal log
2026-08-06 20:07:44 | [Thread 132993704249024] | [ERROR] | [STRESS] | Simulated minor non-fatal log
2026-08-06 20:07:44 | [Thread 132993947506368] | [INFO] | [STRESS] | Heartbeat check
2026-08-06 20:07:44 | [Thread 132993947506368] | [OPERATION] | [STRESS] | BULK_OP | NFLX
2026-08-06 20:07:44 | [Thread 132993947506368] | [ERROR] | [STRESS] | Simulated minor non-fatal log
2026-08-06 20:07:44 | [Thread 132993704249024] | [ERROR] | [STRESS] | Simulated minor non-fatal log
2026-08-06 20:07:44 | [Thread 132993687463616] | [OPERATION] | [STRESS] | BULK_OP | QCOM
2026-08-06 20:07:44 | [Thread 132993687463616] | [INFO] | [STRESS] | Heartbeat check
2026-08-06 20:07:44 | [Thread 132993687463616] | [OPERATION] | [STRESS] | BULK_OP | INTC
2026-08-06 20:07:44 | [Thread 132993687463616] | [ERROR] | [STRESS] | Simulated minor non-fatal log
2026-08-06 20:07:44 | [Thread 132993687463616] | [INFO] | [STRESS] | Heartbeat check
2026-08-06 20:07:44 | [Thread 132993687463616] | [OPERATION] | [STRESS] | BULK_OP | INTC
2026-08-06 20:07:44 | [Thread 132993687463616] | [INFO] | [STRESS] | Heartbeat check
2026-08-06 20:07:44 | [Thread 132993687463616] | [INFO] | [STRESS] | Heartbeat check
2026-08-06 20:07:44 | [Thread 132993687463616] | [INFO] | [STRESS] | Heartbeat check
2026-08-06 20:07:44 | [Thread 132993687463616] | [INFO] | [STRESS] | Heartbeat check
2026-08-06 20:07:44 | [Thread 132993687463616] | [OPERATION] | [STRESS] | BULK_OP | TSLA
2026-08-06 20:07:44 | [Thread 132994375345856] | [INFO] | [CACHE] | CACHE_SAVED
2026-08-06 20:07:44 | [Thread 132993687463616] | [INFO] | [STRESS] | Heartbeat check
2026-08-06 20:07:44 | [Thread 132993687463616] | [ERROR] | [STRESS] | Simulated minor non-fatal log
2026-08-06 20:07:44 | [Thread 132993687463616] | [OPERATION] | [STRESS] | BULK_OP | NFLX
2026-08-06 20:07:44 | [Thread 132993687463616] | [INFO] | [STRESS] | Heartbeat check
2026-08-06 20:07:44 | [Thread 132993712641728] | [OPERATION] | [STRESS] | BULK_OP | GOOGL
2026-08-06 20:07:44 | [Thread 132993712641728] | [INFO] | [STRESS] | Heartbeat check
2026-08-06 20:07:44 | [Thread 132993695856320] | [OPERATION] | [STRESS] | BULK_OP | AAPL
2026-08-06 20:07:44 | [Thread 132993712641728] | [OPERATION] | [STRESS] | BULK_OP | IBM
2026-08-06 20:07:44 | [Thread 132993712641728] | [ERROR] | [STRESS] | Simulated minor non-fatal log
2026-08-06 20:07:44 | [Thread 132993695856320] | [ERROR] | [STRESS] | Simulated minor non-fatal log
2026-08-06 20:07:44 | [Thread 132993695856320] | [OPERATION] | [STRESS] | BULK_OP | QCOM
2026-08-06 20:07:44 | [Thread 132993695856320] | [INFO] | [STRESS] | Heartbeat check
2026-08-06 20:07:44 | [Thread 132993687463616] | [ERROR] | [STRESS] | Simulated minor non-fatal log
2026-08-06 20:07:44 | [Thread 132993687463616] | [OPERATION] | [STRESS] | BULK_OP | TSLA
2026-08-06 20:07:44 | [Thread 132993704249024] | [ERROR] | [STRESS] | Simulated minor non-fatal log
2026-08-06 20:07:44 | [Thread 132993687463616] | [INFO] | [STRESS] | Heartbeat check
2026-08-06 20:07:44 | [Thread 132993687463616] | [INFO] | [STRESS] | Heartbeat check
2026-08-06 20:07:44 | [Thread 132993695856320] | [INFO] | [STRESS] | Heartbeat check
2026-08-06 20:07:44 | [Thread 132993687463616] | [INFO] | [STRESS] | Heartbeat check
2026-08-06 20:07:44 | [Thread 132993695856320] | [INFO] | [STRESS] | Heartbeat check
2026-08-06 20:07:44 | [Thread 132993729427136] | [ERROR] | [STRESS] | Simulated minor non-fatal log
2026-08-06 20:07:44 | [Thread 132993729427136] | [ERROR] | [STRESS] | Simulated minor non-fatal log
2026-08-06 20:07:44 | [Thread 132993729427136] | [OPERATION] | [STRESS] | BULK_OP | AMD
2026-08-06 20:07:44 | [Thread 132993729427136] | [OPERATION] | [STRESS] | BULK_OP | CSCO
2026-08-06 20:07:44 | [Thread 132993729427136] | [INFO] | [STRESS] | Heartbeat check
2026-08-06 20:07:44 | [Thread 132993729427136] | [INFO] | [STRESS] | Heartbeat check
2026-08-06 20:07:44 | [Thread 132993729427136] | [INFO] | [STRESS] | Heartbeat check
2026-08-06 20:07:44 | [Thread 132993729427136] | [OPERATION] | [STRESS] | BULK_OP | NVDA
2026-08-06 20:07:44 | [Thread 132993729427136] | [OPERATION] | [STRESS] | BULK_OP | AMZN
2026-08-06 20:07:44 | [Thread 132993729427136] | [OPERATION] | [STRESS] | BULK_OP | IBM
2026-08-06 20:07:44 | [Thread 132993729427136] | [OPERATION] | [STRESS] | BULK_OP | TSLA
2026-08-06 20:07:44 | [Thread 132993729427136] | [ERROR] | [STRESS] | Simulated minor non-fatal log
2026-08-06 20:07:44 | [Thread 132993729427136] | [INFO] | [STRESS] | Heartbeat check
2026-08-06 20:07:44 | [Thread 132993729427136] | [ERROR] | [STRESS] | Simulated minor non-fatal log
2026-08-06 20:07:44 | [Thread 132993729427136] | [INFO] | [STRESS] | Heartbeat check
2026-08-06 20:07:44 | [Thread 132993729427136] | [OPERATION] | [STRESS] | BULK_OP | GOOGL
2026-08-06 20:07:44 | [Thread 132993729427136] | [OPERATION] | [STRESS] | BULK_OP | TXN
2026-08-06 20:07:44 | [Thread 132993729427136] | [OPERATION] | [STRESS] | BULK_OP | GOOGL
2026-08-06 20:07:44 | [Thread 132993729427136] | [ERROR] | [STRESS] | Simulated minor non-fatal log
2026-08-06 20:07:44 | [Thread 132993729427136] | [ERROR] | [STRESS] | Simulated minor non-fatal log
2026-08-06 20:07:44 | [Thread 132993729427136] | [INFO] | [STRESS] | Heartbeat check
2026-08-06 20:07:44 | [Thread 132993729427136] | [OPERATION] | [STRESS] | BULK_OP | MSFT
2026-08-06 20:07:44 | [Thread 132993729427136] | [OPERATION] | [STRESS] | BULK_OP | ORCL
2026-08-06 20:07:44 | [Thread 132993729427136] | [OPERATION] | [STRESS] | BULK_OP | MSFT
2026-08-06 20:07:44 | [Thread 132993729427136] | [ERROR] | [STRESS] | Simulated minor non-fatal log
2026-08-06 20:07:44 | [Thread 132993729427136] | [INFO] | [STRESS] | Heartbeat check
2026-08-06 20:07:44 | [Thread 132993729427136] | [OPERATION] | [STRESS] | BULK_OP | NFLX
2026-08-06 20:07:44 | [Thread 132993729427136] | [ERROR] | [STRESS] | Simulated minor non-fatal log
2026-08-06 20:07:44 | [Thread 132993712641728] | [ERROR] | [STRESS] | Simulated minor non-fatal log
2026-08-06 20:07:44 | [Thread 132993712641728] | [OPERATION] | [STRESS] | BULK_OP | AAPL
2026-08-06 20:07:44 | [Thread 132993712641728] | [INFO] | [STRESS] | Heartbeat check
2026-08-06 20:07:44 | [Thread 132993712641728] | [INFO] | [STRESS] | Heartbeat check
2026-08-06 20:07:44 | [Thread 132993712641728] | [ERROR] | [STRESS] | Simulated minor non-fatal log
2026-08-06 20:07:44 | [Thread 132993712641728] | [OPERATION] | [STRESS] | BULK_OP | INTC
2026-08-06 20:07:44 | [Thread 132993712641728] | [OPERATION] | [STRESS] | BULK_OP | META
2026-08-06 20:07:44 | [Thread 132993712641728] | [INFO] | [STRESS] | Heartbeat check
2026-08-06 20:07:44 | [Thread 132993947506368] | [ERROR] | [STRESS] | Simulated minor non-fatal log
2026-08-06 20:07:44 | [Thread 132993704249024] | [OPERATION] | [STRESS] | BULK_OP | TXN
2026-08-06 20:07:44 | [Thread 132993947506368] | [ERROR] | [STRESS] | Simulated minor non-fatal log
2026-08-06 20:07:44 | [Thread 132993704249024] | [OPERATION] | [STRESS] | BULK_OP | GOOGL
2026-08-06 20:07:44 | [Thread 132993704249024] | [INFO] | [STRESS] | Heartbeat check
2026-08-06 20:07:44 | [Thread 132993947506368] | [ERROR] | [STRESS] | Simulated minor non-fatal log
2026-08-06 20:07:44 | [Thread 132993947506368] | [INFO] | [STRESS] | Heartbeat check
2026-08-06 20:07:44 | [Thread 132993947506368] | [OPERATION] | [STRESS] | BULK_OP | IBM
2026-08-06 20:07:44 | [Thread 132993947506368] | [OPERATION] | [STRESS] | BULK_OP | QCOM
2026-08-06 20:07:44 | [Thread 132993687463616] | [OPERATION] | [STRESS] | BULK_OP | MSFT
2026-08-06 20:07:44 | [Thread 132993687463616] | [OPERATION] | [STRESS] | BULK_OP | NVDA
2026-08-06 20:07:44 | [Thread 132993947506368] | [OPERATION] | [STRESS] | BULK_OP | INTC
2026-08-06 20:07:44 | [Thread 132993687463616] | [INFO] | [STRESS] | Heartbeat check
2026-08-06 20:07:44 | [Thread 132993704249024] | [ERROR] | [STRESS] | Simulated minor non-fatal log
2026-08-06 20:07:44 | [Thread 132993704249024] | [ERROR] | [STRESS] | Simulated minor non-fatal log
2026-08-06 20:07:44 | [Thread 132993704249024] | [ERROR] | [STRESS] | Simulated minor non-fatal log
2026-08-06 20:07:44 | [Thread 132993704249024] | [OPERATION] | [STRESS] | BULK_OP | ORCL
2026-08-06 20:07:44 | [Thread 132993721034432] | [OPERATION] | [STRESS] | BULK_OP | TXN
2026-08-06 20:07:44 | [Thread 132993721034432] | [OPERATION] | [STRESS] | BULK_OP | CSCO
2026-08-06 20:07:44 | [Thread 132993712641728] | [OPERATION] | [STRESS] | BULK_OP | ORCL
2026-08-06 20:07:44 | [Thread 132993712641728] | [INFO] | [STRESS] | Heartbeat check
2026-08-06 20:07:44 | [Thread 132993712641728] | [INFO] | [STRESS] | Heartbeat check
2026-08-06 20:07:44 | [Thread 132993712641728] | [ERROR] | [STRESS] | Simulated minor non-fatal log
2026-08-06 20:07:44 | [Thread 132993712641728] | [INFO] | [STRESS] | Heartbeat check
2026-08-06 20:07:44 | [Thread 132993712641728] | [OPERATION] | [STRESS] | BULK_OP | IBM
2026-08-06 20:07:44 | [Thread 132993712641728] | [OPERATION] | [STRESS] | BULK_OP | QCOM
2026-08-06 20:07:44 | [Thread 132993721034432] | [OPERATION] | [STRESS] | BULK_OP | AMD
2026-08-06 20:07:44 | [Thread 132993721034432] | [INFO] | [STRESS] | Heartbeat check
2026-08-06 20:07:44 | [Thread 132993721034432] | [ERROR] | [STRESS] | Simulated minor non-fatal log
2026-08-06 20:07:44 | [Thread 132993721034432] | [OPERATION] | [STRESS] | BULK_OP | NFLX
2026-08-06 20:07:44 | [Thread 132993721034432] | [OPERATION] | [STRESS] | BULK_OP | IBM
2026-08-06 20:07:44 | [Thread 132993721034432] | [OPERATION] | [STRESS] | BULK_OP | AAPL
2026-08-06 20:07:44 | [Thread 132993695856320] | [ERROR] | [STRESS] | Simulated minor non-fatal log
2026-08-06 20:07:44 | [Thread 132993695856320] | [INFO] | [STRESS] | Heartbeat check
2026-08-06 20:07:44 | [Thread 132993704249024] | [ERROR] | [STRESS] | Simulated minor non-fatal log
2026-08-06 20:07:44 | [Thread 132993695856320] | [OPERATION] | [STRESS] | BULK_OP | AMZN
2026-08-06 20:07:44 | [Thread 132993687463616] | [INFO] | [STRESS] | Heartbeat check
2026-08-06 20:07:44 | [Thread 132993695856320] | [INFO] | [STRESS] | Heartbeat check
2026-08-06 20:07:44 | [Thread 132993695856320] | [INFO] | [STRESS] | Heartbeat check
2026-08-06 20:07:44 | [Thread 132993695856320] | [INFO] | [STRESS] | Heartbeat check
2026-08-06 20:07:44 | [Thread 132993704249024] | [INFO] | [STRESS] | Heartbeat check
2026-08-06 20:07:44 | [Thread 132993687463616] | [INFO] | [STRESS] | Heartbeat check
2026-08-06 20:07:44 | [Thread 132993687463616] | [INFO] | [STRESS] | Heartbeat check
2026-08-06 20:07:44 | [Thread 132993712641728] | [INFO] | [STRESS] | Heartbeat check
2026-08-06 20:07:44 | [Thread 132993687463616] | [ERROR] | [STRESS] | Simulated minor non-fatal log
2026-08-06 20:07:44 | [Thread 132993704249024] | [ERROR] | [STRESS] | Simulated minor non-fatal log
2026-08-06 20:07:44 | [Thread 132993712641728] | [OPERATION] | [STRESS] | BULK_OP | AMD
2026-08-06 20:07:44 | [Thread 132993712641728] | [ERROR] | [STRESS] | Simulated minor non-fatal log
2026-08-06 20:07:44 | [Thread 132993712641728] | [INFO] | [STRESS] | Heartbeat check
2026-08-06 20:07:44 | [Thread 132993712641728] | [INFO] | [STRESS] | Heartbeat check
2026-08-06 20:07:44 | [Thread 132993721034432] | [OPERATION] | [STRESS] | BULK_OP | NVDA
2026-08-06 20:07:44 | [Thread 132993721034432] | [INFO] | [STRESS] | Heartbeat check
2026-08-06 20:07:44 | [Thread 132993687463616] | [ERROR] | [STRESS] | Simulated minor non-fatal log
2026-08-06 20:07:44 | [Thread 132993721034432] | [INFO] | [STRESS] | Heartbeat check
2026-08-06 20:07:44 | [Thread 132993704249024] | [OPERATION] | [STRESS] | BULK_OP | NVDA
2026-08-06 20:07:44 | [Thread 132993704249024] | [ERROR] | [STRESS] | Simulated minor non-fatal log
2026-08-06 20:07:44 | [Thread 132993704249024] | [OPERATION] | [STRESS] | BULK_OP | GOOGL
2026-08-06 20:07:44 | [Thread 132993721034432] | [ERROR] | [STRESS] | Simulated minor non-fatal log
2026-08-06 20:07:44 | [Thread 132993947506368] | [INFO] | [STRESS] | Heartbeat check
2026-08-06 20:07:44 | [Thread 132993721034432] | [ERROR] | [STRESS] | Simulated minor non-fatal log
2026-08-06 20:07:44 | [Thread 132993721034432] | [INFO] | [STRESS] | Heartbeat check
2026-08-06 20:07:44 | [Thread 132993947506368] | [INFO] | [STRESS] | Heartbeat check
2026-08-06 20:07:44 | [Thread 132993704249024] | [ERROR] | [STRESS] | Simulated minor non-fatal log
2026-08-06 20:07:44 | [Thread 132993947506368] | [ERROR] | [STRESS] | Simulated minor non-fatal log
2026-08-06 20:07:44 | [Thread 132993721034432] | [INFO] | [STRESS] | Heartbeat check
2026-08-06 20:07:44 | [Thread 132993704249024] | [INFO] | [STRESS] | Heartbeat check
2026-08-06 20:07:44 | [Thread 132993721034432] | [OPERATION] | [STRESS] | BULK_OP | ORCL
2026-08-06 20:07:44 | [Thread 132993947506368] | [ERROR] | [STRESS] | Simulated minor non-fatal log
2026-08-06 20:07:44 | [Thread 132993947506368] | [INFO] | [STRESS] | Heartbeat check
2026-08-06 20:07:44 | [Thread 132993687463616] | [ERROR] | [STRESS] | Simulated minor non-fatal log
2026-08-06 20:07:44 | [Thread 132993695856320] | [ERROR] | [STRESS] | Simulated minor non-fatal log
2026-08-06 20:07:44 | [Thread 132993947506368] | [OPERATION] | [STRESS] | BULK_OP | META
2026-08-06 20:07:44 | [Thread 132993695856320] | [INFO] | [STRESS] | Heartbeat check
2026-08-06 20:07:44 | [Thread 132993695856320] | [OPERATION] | [STRESS] | BULK_OP | NVDA
2026-08-06 20:07:44 | [Thread 132993687463616] | [OPERATION] | [STRESS] | BULK_OP | NVDA
2026-08-06 20:07:44 | [Thread 132993687463616] | [INFO] | [STRESS] | Heartbeat check
2026-08-06 20:07:44 | [Thread 132993687463616] | [ERROR] | [STRESS] | Simulated minor non-fatal log
2026-08-06 20:07:44 | [Thread 132993687463616] | [OPERATION] | [STRESS] | BULK_OP | CSCO
2026-08-06 20:07:44 | [Thread 132993729427136] | [ERROR] | [STRESS] | Simulated minor non-fatal log
2026-08-06 20:07:44 | [Thread 132993729427136] | [OPERATION] | [STRESS] | BULK_OP | NFLX
2026-08-06 20:07:44 | [Thread 132993729427136] | [INFO] | [STRESS] | Heartbeat check
2026-08-06 20:07:44 | [Thread 132993729427136] | [ERROR] | [STRESS] | Simulated minor non-fatal log
2026-08-06 20:07:44 | [Thread 132993729427136] | [OPERATION] | [STRESS] | BULK_OP | QCOM
2026-08-06 20:07:44 | [Thread 132993729427136] | [INFO] | [STRESS] | Heartbeat check
2026-08-06 20:07:44 | [Thread 132993729427136] | [ERROR] | [STRESS] | Simulated minor non-fatal log
2026-08-06 20:07:44 | [Thread 132993729427136] | [OPERATION] | [STRESS] | BULK_OP | AAPL
2026-08-06 20:07:44 | [Thread 132993729427136] | [INFO] | [STRESS] | Heartbeat check
2026-08-06 20:07:44 | [Thread 132993729427136] | [ERROR] | [STRESS] | Simulated minor non-fatal log
2026-08-06 20:07:44 | [Thread 132993729427136] | [OPERATION] | [STRESS] | BULK_OP | INTC
2026-08-06 20:07:44 | [Thread 132993729427136] | [INFO] | [STRESS] | Heartbeat check
2026-08-06 20:07:44 | [Thread 132993729427136] | [ERROR] | [STRESS] | Simulated minor non-fatal log
2026-08-06 20:07:44 | [Thread 132993729427136] | [OPERATION] | [STRESS] | BULK_OP | MSFT
2026-08-06 20:07:44 | [Thread 132993729427136] | [INFO] | [STRESS] | Heartbeat check
2026-08-06 20:07:44 | [Thread 132993729427136] | [ERROR] | [STRESS] | Simulated minor non-fatal log
2026-08-06 20:07:44 | [Thread 132993729427136] | [OPERATION] | [STRESS] | BULK_OP | CSCO
2026-08-06 20:07:44 | [Thread 132993729427136] | [INFO] | [STRESS] | Heartbeat check
2026-08-06 20:07:44 | [Thread 132993729427136] | [ERROR] | [STRESS] | Simulated minor non-fatal log
2026-08-06 20:07:44 | [Thread 132993729427136] | [OPERATION] | [STRESS] | BULK_OP | CSCO
2026-08-06 20:07:44 | [Thread 132993729427136] | [INFO] | [STRESS] | Heartbeat check
2026-08-06 20:07:44 | [Thread 132993729427136] | [ERROR] | [STRESS] | Simulated minor non-fatal log
2026-08-06 20:07:44 | [Thread 132993729427136] | [OPERATION] | [STRESS] | BULK_OP | CSCO
2026-08-06 20:07:44 | [Thread 132993729427136] | [INFO] | [STRESS] | Heartbeat check
2026-08-06 20:07:44 | [Thread 132993729427136] | [ERROR] | [STRESS] | Simulated minor non-fatal log
2026-08-06 20:07:44 | [Thread 132993729427136] | [OPERATION] | [STRESS] | BULK_OP | META
2026-08-06 20:07:44 | [Thread 132993729427136] | [INFO] | [STRESS] | Heartbeat check
2026-08-06 20:07:44 | [Thread 132993729427136] | [ERROR] | [STRESS] | Simulated minor non-fatal log
2026-08-06 20:07:44 | [Thread 132993729427136] | [OPERATION] | [STRESS] | BULK_OP | QCOM
2026-08-06 20:07:44 | [Thread 132993729427136] | [INFO] | [STRESS] | Heartbeat check
2026-08-06 20:07:44 | [Thread 132993729427136] | [ERROR] | [STRESS] | Simulated minor non-fatal log
2026-08-06 20:07:44 | [Thread 132993729427136] | [OPERATION] | [STRESS] | BULK_OP | MSFT
2026-08-06 20:07:44 | [Thread 132993729427136] | [INFO] | [STRESS] | Heartbeat check
2026-08-06 20:07:44 | [Thread 132993729427136] | [ERROR] | [STRESS] | Simulated minor non-fatal log
2026-08-06 20:07:44 | [Thread 132993729427136] | [OPERATION] | [STRESS] | BULK_OP | INTC
2026-08-06 20:07:44 | [Thread 132993729427136] | [INFO] | [STRESS] | Heartbeat check
2026-08-06 20:07:44 | [Thread 132993729427136] | [ERROR] | [STRESS] | Simulated minor non-fatal log
2026-08-06 20:07:44 | [Thread 132993729427136] | [OPERATION] | [STRESS] | BULK_OP | AAPL
2026-08-06 20:07:44 | [Thread 132993729427136] | [INFO] | [STRESS] | Heartbeat check
2026-08-06 20:07:44 | [Thread 132993729427136] | [ERROR] | [STRESS] | Simulated minor non-fatal log
2026-08-06 20:07:44 | [Thread 132993729427136] | [OPERATION] | [STRESS] | BULK_OP | AAPL
2026-08-06 20:07:44 | [Thread 132993729427136] | [INFO] | [STRESS] | Heartbeat check
2026-08-06 20:07:44 | [Thread 132993947506368] | [INFO] | [STRESS] | Heartbeat check
2026-08-06 20:07:44 | [Thread 132993947506368] | [ERROR] | [STRESS] | Simulated minor non-fatal log
2026-08-06 20:07:44 | [Thread 132993712641728] | [ERROR] | [STRESS] | Simulated minor non-fatal log
2026-08-06 20:07:44 | [Thread 132993947506368] | [OPERATION] | [STRESS] | BULK_OP | NVDA
2026-08-06 20:07:44 | [Thread 132993712641728] | [OPERATION] | [STRESS] | BULK_OP | TSLA
2026-08-06 20:07:44 | [Thread 132993712641728] | [ERROR] | [STRESS] | Simulated minor non-fatal log
2026-08-06 20:07:44 | [Thread 132993712641728] | [INFO] | [STRESS] | Heartbeat check
2026-08-06 20:07:44 | [Thread 132993712641728] | [INFO] | [STRESS] | Heartbeat check
2026-08-06 20:07:44 | [Thread 132993712641728] | [ERROR] | [STRESS] | Simulated minor non-fatal log
2026-08-06 20:07:44 | [Thread 132993712641728] | [OPERATION] | [STRESS] | BULK_OP | MSFT
2026-08-06 20:07:44 | [Thread 132993721034432] | [OPERATION] | [STRESS] | BULK_OP | TXN
2026-08-06 20:07:44 | [Thread 132993704249024] | [INFO] | [STRESS] | Heartbeat check
2026-08-06 20:07:44 | [Thread 132993704249024] | [INFO] | [STRESS] | Heartbeat check
2026-08-06 20:07:44 | [Thread 132993704249024] | [INFO] | [STRESS] | Heartbeat check
2026-08-06 20:07:44 | [Thread 132993721034432] | [OPERATION] | [STRESS] | BULK_OP | TSLA
2026-08-06 20:07:44 | [Thread 132993721034432] | [INFO] | [STRESS] | Heartbeat check
2026-08-06 20:07:44 | [Thread 132993721034432] | [OPERATION] | [STRESS] | BULK_OP | AMD
2026-08-06 20:07:44 | [Thread 132993721034432] | [ERROR] | [STRESS] | Simulated minor non-fatal log
2026-08-06 20:07:44 | [Thread 132993721034432] | [INFO] | [STRESS] | Heartbeat check
2026-08-06 20:07:44 | [Thread 132993947506368] | [INFO] | [STRESS] | Heartbeat check
2026-08-06 20:07:44 | [Thread 132993947506368] | [ERROR] | [STRESS] | Simulated minor non-fatal log
2026-08-06 20:07:44 | [Thread 132993947506368] | [INFO] | [STRESS] | Heartbeat check
2026-08-06 20:07:44 | [Thread 132993947506368] | [INFO] | [STRESS] | Heartbeat check
2026-08-06 20:07:44 | [Thread 132993947506368] | [INFO] | [STRESS] | Heartbeat check
2026-08-06 20:07:44 | [Thread 132993947506368] | [INFO] | [STRESS] | Heartbeat check
2026-08-06 20:07:44 | [Thread 132993947506368] | [INFO] | [STRESS] | Heartbeat check
2026-08-06 20:07:44 | [Thread 132993947506368] | [OPERATION] | [STRESS] | BULK_OP | QCOM
2026-08-06 20:07:44 | [Thread 132993729427136] | [ERROR] | [STRESS] | Simulated minor non-fatal log
2026-08-06 20:07:44 | [Thread 132993729427136] | [INFO] | [STRESS] | Heartbeat check
2026-08-06 20:07:44 | [Thread 132993729427136] | [ERROR] | [STRESS] | Simulated minor non-fatal log
2026-08-06 20:07:44 | [Thread 132993729427136] | [INFO] | [STRESS] | Heartbeat check
2026-08-06 20:07:44 | [Thread 132993729427136] | [OPERATION] | [STRESS] | BULK_OP | AAPL
2026-08-06 20:07:44 | [Thread 132993729427136] | [OPERATION] | [STRESS] | BULK_OP | META
2026-08-06 20:07:44 | [Thread 132993729427136] | [OPERATION] | [STRESS] | BULK_OP | IBM
2026-08-06 20:07:44 | [Thread 132993729427136] | [INFO] | [STRESS] | Heartbeat check
2026-08-06 20:07:44 | [Thread 132993729427136] | [ERROR] | [STRESS] | Simulated minor non-fatal log
2026-08-06 20:07:44 | [Thread 132993729427136] | [INFO] | [STRESS] | Heartbeat check
2026-08-06 20:07:44 | [Thread 132993729427136] | [ERROR] | [STRESS] | Simulated minor non-fatal log
2026-08-06 20:07:44 | [Thread 132993729427136] | [ERROR] | [STRESS] | Simulated minor non-fatal log
2026-08-06 20:07:44 | [Thread 132993729427136] | [OPERATION] | [STRESS] | BULK_OP | NFLX
2026-08-06 20:07:44 | [Thread 132993729427136] | [ERROR] | [STRESS] | Simulated minor non-fatal log
2026-08-06 20:07:44 | [Thread 132993729427136] | [ERROR] | [STRESS] | Simulated minor non-fatal log
2026-08-06 20:07:44 | [Thread 132993729427136] | [OPERATION] | [STRESS] | BULK_OP | GOOGL
2026-08-06 20:07:44 | [Thread 132993729427136] | [INFO] | [STRESS] | Heartbeat check
2026-08-06 20:07:44 | [Thread 132993729427136] | [ERROR] | [STRESS] | Simulated minor non-fatal log
2026-08-06 20:07:44 | [Thread 132993729427136] | [OPERATION] | [STRESS] | BULK_OP | AAPL
2026-08-06 20:07:44 | [Thread 132993729427136] | [INFO] | [STRESS] | Heartbeat check
2026-08-06 20:07:44 | [Thread 132993729427136] | [ERROR] | [STRESS] | Simulated minor non-fatal log
2026-08-06 20:07:44 | [Thread 132993729427136] | [OPERATION] | [STRESS] | BULK_OP | INTC
2026-08-06 20:07:44 | [Thread 132993729427136] | [INFO] | [STRESS] | Heartbeat check
2026-08-06 20:07:44 | [Thread 132993729427136] | [ERROR] | [STRESS] | Simulated minor non-fatal log
2026-08-06 20:07:44 | [Thread 132993729427136] | [OPERATION] | [STRESS] | BULK_OP | AMZN
2026-08-06 20:07:44 | [Thread 132993729427136] | [INFO] | [STRESS] | Heartbeat check
2026-08-06 20:07:44 | [Thread 132993729427136] | [ERROR] | [STRESS] | Simulated minor non-fatal log
2026-08-06 20:07:44 | [Thread 132993729427136] | [OPERATION] | [STRESS] | BULK_OP | GOOGL
2026-08-06 20:07:44 | [Thread 132993729427136] | [INFO] | [STRESS] | Heartbeat check
2026-08-06 20:07:44 | [Thread 132993729427136] | [ERROR] | [STRESS] | Simulated minor non-fatal log
2026-08-06 20:07:44 | [Thread 132993729427136] | [OPERATION] | [STRESS] | BULK_OP | ORCL
2026-08-06 20:07:44 | [Thread 132993729427136] | [INFO] | [STRESS] | Heartbeat check
2026-08-06 20:07:44 | [Thread 132993729427136] | [ERROR] | [STRESS] | Simulated minor non-fatal log
2026-08-06 20:07:44 | [Thread 132993729427136] | [OPERATION] | [STRESS] | BULK_OP | INTC
2026-08-06 20:07:44 | [Thread 132993729427136] | [INFO] | [STRESS] | Heartbeat check
2026-08-06 20:07:44 | [Thread 132993729427136] | [ERROR] | [STRESS] | Simulated minor non-fatal log
2026-08-06 20:07:44 | [Thread 132993729427136] | [OPERATION] | [STRESS] | BULK_OP | CSCO
2026-08-06 20:07:44 | [Thread 132993729427136] | [INFO] | [STRESS] | Heartbeat check
2026-08-06 20:07:44 | [Thread 132993729427136] | [ERROR] | [STRESS] | Simulated minor non-fatal log
2026-08-06 20:07:44 | [Thread 132993729427136] | [OPERATION] | [STRESS] | BULK_OP | AMZN
2026-08-06 20:07:44 | [Thread 132993729427136] | [INFO] | [STRESS] | Heartbeat check
2026-08-06 20:07:44 | [Thread 132993729427136] | [ERROR] | [STRESS] | Simulated minor non-fatal log
2026-08-06 20:07:44 | [Thread 132993729427136] | [OPERATION] | [STRESS] | BULK_OP | NFLX
2026-08-06 20:07:44 | [Thread 132993729427136] | [INFO] | [STRESS] | Heartbeat check
2026-08-06 20:07:44 | [Thread 132993729427136] | [ERROR] | [STRESS] | Simulated minor non-fatal log
2026-08-06 20:07:44 | [Thread 132993729427136] | [OPERATION] | [STRESS] | BULK_OP | NVDA
2026-08-06 20:07:44 | [Thread 132993729427136] | [INFO] | [STRESS] | Heartbeat check
2026-08-06 20:07:44 | [Thread 132993729427136] | [ERROR] | [STRESS] | Simulated minor non-fatal log
2026-08-06 20:07:44 | [Thread 132993729427136] | [OPERATION] | [STRESS] | BULK_OP | MSFT
2026-08-06 20:07:44 | [Thread 132993729427136] | [INFO] | [STRESS] | Heartbeat check
2026-08-06 20:07:44 | [Thread 132993729427136] | [ERROR] | [STRESS] | Simulated minor non-fatal log
2026-08-06 20:07:44 | [Thread 132993729427136] | [OPERATION] | [STRESS] | BULK_OP | NVDA
2026-08-06 20:07:44 | [Thread 132993729427136] | [INFO] | [STRESS] | Heartbeat check
2026-08-06 20:07:44 | [Thread 132993729427136] | [ERROR] | [STRESS] | Simulated minor non-fatal log
2026-08-06 20:07:44 | [Thread 132993729427136] | [OPERATION] | [STRESS] | BULK_OP | GOOGL
2026-08-06 20:07:44 | [Thread 132994375345856] | [INFO] | [CACHE] | CACHE_SAVED
2026-08-06 20:07:44 | [Thread 132993712641728] | [ERROR] | [STRESS] | Simulated minor non-fatal log
2026-08-06 20:07:44 | [Thread 132993712641728] | [OPERATION] | [STRESS] | BULK_OP | IBM
2026-08-06 20:07:44 | [Thread 132993712641728] | [INFO] | [STRESS] | Heartbeat check
2026-08-06 20:07:44 | [Thread 132993712641728] | [ERROR] | [STRESS] | Simulated minor non-fatal log
2026-08-06 20:07:44 | [Thread 132993712641728] | [OPERATION] | [STRESS] | BULK_OP | AMD
2026-08-06 20:07:44 | [Thread 132993712641728] | [INFO] | [STRESS] | Heartbeat check
2026-08-06 20:07:44 | [Thread 132993712641728] | [ERROR] | [STRESS] | Simulated minor non-fatal log
2026-08-06 20:07:44 | [Thread 132993712641728] | [OPERATION] | [STRESS] | BULK_OP | AAPL
2026-08-06 20:07:44 | [Thread 132993695856320] | [ERROR] | [STRESS] | Simulated minor non-fatal log
2026-08-06 20:07:44 | [Thread 132993947506368] | [INFO] | [STRESS] | Heartbeat check
2026-08-06 20:07:44 | [Thread 132993695856320] | [OPERATION] | [STRESS] | BULK_OP | TXN
2026-08-06 20:07:44 | [Thread 132993695856320] | [INFO] | [STRESS] | Heartbeat check
2026-08-06 20:07:44 | [Thread 132993695856320] | [ERROR] | [STRESS] | Simulated minor non-fatal log
2026-08-06 20:07:44 | [Thread 132993695856320] | [OPERATION] | [STRESS] | BULK_OP | MSFT
2026-08-06 20:07:44 | [Thread 132993695856320] | [INFO] | [STRESS] | Heartbeat check
2026-08-06 20:07:44 | [Thread 132993695856320] | [ERROR] | [STRESS] | Simulated minor non-fatal log
2026-08-06 20:07:44 | [Thread 132993947506368] | [ERROR] | [STRESS] | Simulated minor non-fatal log
2026-08-06 20:07:44 | [Thread 132993687463616] | [INFO] | [STRESS] | Heartbeat check
2026-08-06 20:07:44 | [Thread 132993712641728] | [ERROR] | [STRESS] | Simulated minor non-fatal log
2026-08-06 20:07:44 | [Thread 132993704249024] | [OPERATION] | [STRESS] | BULK_OP | TXN
2026-08-06 20:07:44 | [Thread 132993704249024] | [OPERATION] | [STRESS] | BULK_OP | TSLA
2026-08-06 20:07:44 | [Thread 132993687463616] | [INFO] | [STRESS] | Heartbeat check
2026-08-06 20:07:44 | [Thread 132993704249024] | [OPERATION] | [STRESS] | BULK_OP | AAPL
2026-08-06 20:07:44 | [Thread 132993687463616] | [ERROR] | [STRESS] | Simulated minor non-fatal log
2026-08-06 20:07:44 | [Thread 132993687463616] | [ERROR] | [STRESS] | Simulated minor non-fatal log
2026-08-06 20:07:44 | [Thread 132993947506368] | [OPERATION] | [STRESS] | BULK_OP | AMZN
2026-08-06 20:07:44 | [Thread 132993721034432] | [ERROR] | [STRESS] | Simulated minor non-fatal log
2026-08-06 20:07:44 | [Thread 132993721034432] | [ERROR] | [STRESS] | Simulated minor non-fatal log
2026-08-06 20:07:44 | [Thread 132993721034432] | [ERROR] | [STRESS] | Simulated minor non-fatal log
2026-08-06 20:07:44 | [Thread 132993687463616] | [ERROR] | [STRESS] | Simulated minor non-fatal log
2026-08-06 20:07:44 | [Thread 132993947506368] | [INFO] | [STRESS] | Heartbeat check
2026-08-06 20:07:44 | [Thread 132993947506368] | [INFO] | [STRESS] | Heartbeat check
2026-08-06 20:07:44 | [Thread 132993721034432] | [ERROR] | [STRESS] | Simulated minor non-fatal log
2026-08-06 20:07:44 | [Thread 132993687463616] | [OPERATION] | [STRESS] | BULK_OP | AAPL
2026-08-06 20:07:44 | [Thread 132993695856320] | [INFO] | [STRESS] | Heartbeat check
2026-08-06 20:07:44 | [Thread 132993712641728] | [ERROR] | [STRESS] | Simulated minor non-fatal log
2026-08-06 20:07:44 | [Thread 132993712641728] | [INFO] | [STRESS] | Heartbeat check
2026-08-06 20:07:44 | [Thread 132993712641728] | [OPERATION] | [STRESS] | BULK_OP | ORCL
2026-08-06 20:07:44 | [Thread 132993695856320] | [ERROR] | [STRESS] | Simulated minor non-fatal log
2026-08-06 20:07:44 | [Thread 132993712641728] | [INFO] | [STRESS] | Heartbeat check
2026-08-06 20:07:44 | [Thread 132993695856320] | [INFO] | [STRESS] | Heartbeat check
2026-08-06 20:07:44 | [Thread 132993695856320] | [OPERATION] | [STRESS] | BULK_OP | MSFT
2026-08-06 20:07:44 | [Thread 132993695856320] | [INFO] | [STRESS] | Heartbeat check
2026-08-06 20:07:44 | [Thread 132993947506368] | [OPERATION] | [STRESS] | BULK_OP | NVDA
2026-08-06 20:07:44 | [Thread 132993712641728] | [ERROR] | [STRESS] | Simulated minor non-fatal log
2026-08-06 20:07:44 | [Thread 132993712641728] | [OPERATION] | [STRESS] | BULK_OP | QCOM
2026-08-06 20:07:44 | [Thread 132993712641728] | [OPERATION] | [STRESS] | BULK_OP | AMD
2026-08-06 20:07:44 | [Thread 132993712641728] | [ERROR] | [STRESS] | Simulated minor non-fatal log
2026-08-06 20:07:44 | [Thread 132993729427136] | [ERROR] | [STRESS] | Simulated minor non-fatal log
2026-08-06 20:07:44 | [Thread 132993687463616] | [INFO] | [STRESS] | Heartbeat check
2026-08-06 20:07:44 | [Thread 132993721034432] | [OPERATION] | [STRESS] | BULK_OP | MSFT
2026-08-06 20:07:44 | [Thread 132993721034432] | [OPERATION] | [STRESS] | BULK_OP | META
2026-08-06 20:07:44 | [Thread 132993947506368] | [ERROR] | [STRESS] | Simulated minor non-fatal log
2026-08-06 20:07:44 | [Thread 132993947506368] | [ERROR] | [STRESS] | Simulated minor non-fatal log
2026-08-06 20:07:44 | [Thread 132993947506368] | [ERROR] | [STRESS] | Simulated minor non-fatal log
2026-08-06 20:07:44 | [Thread 132993947506368] | [OPERATION] | [STRESS] | BULK_OP | AAPL
2026-08-06 20:07:44 | [Thread 132993712641728] | [INFO] | [STRESS] | Heartbeat check
2026-08-06 20:07:44 | [Thread 132993721034432] | [INFO] | [STRESS] | Heartbeat check
2026-08-06 20:07:44 | [Thread 132993721034432] | [INFO] | [STRESS] | Heartbeat check
2026-08-06 20:07:44 | [Thread 132993721034432] | [ERROR] | [STRESS] | Simulated minor non-fatal log
2026-08-06 20:07:44 | [Thread 132993712641728] | [ERROR] | [STRESS] | Simulated minor non-fatal log
2026-08-06 20:07:44 | [Thread 132993712641728] | [OPERATION] | [STRESS] | BULK_OP | MSFT
2026-08-06 20:07:44 | [Thread 132993712641728] | [INFO] | [STRESS] | Heartbeat check
2026-08-06 20:07:44 | [Thread 132993687463616] | [ERROR] | [STRESS] | Simulated minor non-fatal log
2026-08-06 20:07:44 | [Thread 132993704249024] | [INFO] | [STRESS] | Heartbeat check
2026-08-06 20:07:44 | [Thread 132993947506368] | [OPERATION] | [STRESS] | BULK_OP | QCOM
2026-08-06 20:07:44 | [Thread 132993947506368] | [INFO] | [STRESS] | Heartbeat check
2026-08-06 20:07:44 | [Thread 132993947506368] | [OPERATION] | [STRESS] | BULK_OP | CSCO
2026-08-06 20:07:44 | [Thread 132993695856320] | [INFO] | [STRESS] | Heartbeat check
2026-08-06 20:07:44 | [Thread 132993695856320] | [INFO] | [STRESS] | Heartbeat check
2026-08-06 20:07:44 | [Thread 132993712641728] | [ERROR] | [STRESS] | Simulated minor non-fatal log
2026-08-06 20:07:44 | [Thread 132993695856320] | [INFO] | [STRESS] | Heartbeat check
2026-08-06 20:07:44 | [Thread 132993947506368] | [ERROR] | [STRESS] | Simulated minor non-fatal log
2026-08-06 20:07:44 | [Thread 132993947506368] | [OPERATION] | [STRESS] | BULK_OP | ORCL
2026-08-06 20:07:44 | [Thread 132993721034432] | [OPERATION] | [STRESS] | BULK_OP | NFLX
2026-08-06 20:07:44 | [Thread 132993947506368] | [ERROR] | [STRESS] | Simulated minor non-fatal log
2026-08-06 20:07:44 | [Thread 132993721034432] | [ERROR] | [STRESS] | Simulated minor non-fatal log
2026-08-06 20:07:44 | [Thread 132993712641728] | [ERROR] | [STRESS] | Simulated minor non-fatal log
2026-08-06 20:07:44 | [Thread 132993712641728] | [INFO] | [STRESS] | Heartbeat check
2026-08-06 20:07:44 | [Thread 132993704249024] | [ERROR] | [STRESS] | Simulated minor non-fatal log
2026-08-06 20:07:44 | [Thread 132993712641728] | [INFO] | [STRESS] | Heartbeat check
2026-08-06 20:07:44 | [Thread 132993947506368] | [INFO] | [STRESS] | Heartbeat check
2026-08-06 20:07:44 | [Thread 132993704249024] | [ERROR] | [STRESS] | Simulated minor non-fatal log
2026-08-06 20:07:44 | [Thread 132993947506368] | [ERROR] | [STRESS] | Simulated minor non-fatal log
2026-08-06 20:07:44 | [Thread 132993947506368] | [INFO] | [STRESS] | Heartbeat check
2026-08-06 20:07:44 | [Thread 132993704249024] | [INFO] | [STRESS] | Heartbeat check
2026-08-06 20:07:44 | [Thread 132993721034432] | [INFO] | [STRESS] | Heartbeat check
2026-08-06 20:07:44 | [Thread 132993712641728] | [ERROR] | [STRESS] | Simulated minor non-fatal log
2026-08-06 20:07:44 | [Thread 132993721034432] | [OPERATION] | [STRESS] | BULK_OP | MSFT
2026-08-06 20:07:44 | [Thread 132993721034432] | [ERROR] | [STRESS] | Simulated minor non-fatal log
2026-08-06 20:07:44 | [Thread 132993721034432] | [OPERATION] | [STRESS] | BULK_OP | AAPL
2026-08-06 20:07:44 | [Thread 132993712641728] | [ERROR] | [STRESS] | Simulated minor non-fatal log
2026-08-06 20:07:44 | [Thread 132993712641728] | [INFO] | [STRESS] | Heartbeat check
2026-08-06 20:07:44 | [Thread 132993721034432] | [OPERATION] | [STRESS] | BULK_OP | IBM
2026-08-06 20:07:44 | [Thread 132993947506368] | [OPERATION] | [STRESS] | BULK_OP | AAPL
2026-08-06 20:07:44 | [Thread 132993695856320] | [OPERATION] | [STRESS] | BULK_OP | INTC
2026-08-06 20:07:44 | [Thread 132993712641728] | [OPERATION] | [STRESS] | BULK_OP | GOOGL
2026-08-06 20:07:44 | [Thread 132993712641728] | [ERROR] | [STRESS] | Simulated minor non-fatal log
2026-08-06 20:07:44 | [Thread 132993704249024] | [OPERATION] | [STRESS] | BULK_OP | QCOM
2026-08-06 20:07:44 | [Thread 132993947506368] | [ERROR] | [STRESS] | Simulated minor non-fatal log
2026-08-06 20:07:44 | [Thread 132993695856320] | [ERROR] | [STRESS] | Simulated minor non-fatal log
2026-08-06 20:07:44 | [Thread 132993947506368] | [OPERATION] | [STRESS] | BULK_OP | ORCL
2026-08-06 20:07:44 | [Thread 132993947506368] | [INFO] | [STRESS] | Heartbeat check
2026-08-06 20:07:44 | [Thread 132993695856320] | [OPERATION] | [STRESS] | BULK_OP | INTC
2026-08-06 20:07:44 | [Thread 132993947506368] | [INFO] | [STRESS] | Heartbeat check
2026-08-06 20:07:44 | [Thread 132993712641728] | [INFO] | [STRESS] | Heartbeat check
2026-08-06 20:07:44 | [Thread 132993729427136] | [ERROR] | [STRESS] | Simulated minor non-fatal log
2026-08-06 20:07:44 | [Thread 132993712641728] | [INFO] | [STRESS] | Heartbeat check
2026-08-06 20:07:44 | [Thread 132993695856320] | [OPERATION] | [STRESS] | BULK_OP | TXN
2026-08-06 20:07:44 | [Thread 132993695856320] | [OPERATION] | [STRESS] | BULK_OP | IBM
2026-08-06 20:07:44 | [Thread 132993695856320] | [OPERATION] | [STRESS] | BULK_OP | AAPL
2026-08-06 20:07:44 | [Thread 132993695856320] | [INFO] | [STRESS] | Heartbeat check
2026-08-06 20:07:44 | [Thread 132993695856320] | [OPERATION] | [STRESS] | BULK_OP | TXN
2026-08-06 20:07:44 | [Thread 132993695856320] | [INFO] | [STRESS] | Heartbeat check
2026-08-06 20:07:44 | [Thread 132993695856320] | [ERROR] | [STRESS] | Simulated minor non-fatal log
2026-08-06 20:07:44 | [Thread 132993695856320] | [ERROR] | [STRESS] | Simulated minor non-fatal log
2026-08-06 20:07:44 | [Thread 132993695856320] | [ERROR] | [STRESS] | Simulated minor non-fatal log
2026-08-06 20:07:44 | [Thread 132993695856320] | [OPERATION] | [STRESS] | BULK_OP | AMD
2026-08-06 20:07:44 | [Thread 132993704249024] | [INFO] | [STRESS] | Heartbeat check
2026-08-06 20:07:44 | [Thread 132993712641728] | [ERROR] | [STRESS] | Simulated minor non-fatal log
2026-08-06 20:07:44 | [Thread 132993712641728] | [OPERATION] | [STRESS] | BULK_OP | AAPL
2026-08-06 20:07:44 | [Thread 132993712641728] | [INFO] | [STRESS] | Heartbeat check
2026-08-06 20:07:44 | [Thread 132993712641728] | [OPERATION] | [STRESS] | BULK_OP | TSLA
2026-08-06 20:07:44 | [Thread 132993712641728] | [ERROR] | [STRESS] | Simulated minor non-fatal log
2026-08-06 20:07:44 | [Thread 132993712641728] | [INFO] | [STRESS] | Heartbeat check
2026-08-06 20:07:44 | [Thread 132993712641728] | [OPERATION] | [STRESS] | BULK_OP | NVDA
2026-08-06 20:07:44 | [Thread 132993712641728] | [OPERATION] | [STRESS] | BULK_OP | AAPL
2026-08-06 20:07:44 | [Thread 132993712641728] | [OPERATION] | [STRESS] | BULK_OP | AMD
2026-08-06 20:07:44 | [Thread 132993712641728] | [ERROR] | [STRESS] | Simulated minor non-fatal log
2026-08-06 20:07:44 | [Thread 132993712641728] | [OPERATION] | [STRESS] | BULK_OP | TSLA
2026-08-06 20:07:44 | [Thread 132993721034432] | [ERROR] | [STRESS] | Simulated minor non-fatal log
2026-08-06 20:07:44 | [Thread 132993721034432] | [ERROR] | [STRESS] | Simulated minor non-fatal log
2026-08-06 20:07:44 | [Thread 132993721034432] | [ERROR] | [STRESS] | Simulated minor non-fatal log
2026-08-06 20:07:44 | [Thread 132993721034432] | [INFO] | [STRESS] | Heartbeat check
2026-08-06 20:07:44 | [Thread 132993721034432] | [OPERATION] | [STRESS] | BULK_OP | TXN
2026-08-06 20:07:44 | [Thread 132993721034432] | [OPERATION] | [STRESS] | BULK_OP | IBM
2026-08-06 20:07:44 | [Thread 132993721034432] | [OPERATION] | [STRESS] | BULK_OP | ORCL
2026-08-06 20:07:44 | [Thread 132993729427136] | [OPERATION] | [STRESS] | BULK_OP | META
2026-08-06 20:07:44 | [Thread 132993729427136] | [INFO] | [STRESS] | Heartbeat check
2026-08-06 20:07:44 | [Thread 132993729427136] | [ERROR] | [STRESS] | Simulated minor non-fatal log
2026-08-06 20:07:44 | [Thread 132993704249024] | [OPERATION] | [STRESS] | BULK_OP | NFLX
2026-08-06 20:07:44 | [Thread 132993704249024] | [INFO] | [STRESS] | Heartbeat check
2026-08-06 20:07:44 | [Thread 132993704249024] | [ERROR] | [STRESS] | Simulated minor non-fatal log
2026-08-06 20:07:44 | [Thread 132993712641728] | [ERROR] | [STRESS] | Simulated minor non-fatal log
2026-08-06 20:07:44 | [Thread 132993704249024] | [OPERATION] | [STRESS] | BULK_OP | AMZN
2026-08-06 20:07:44 | [Thread 132993704249024] | [INFO] | [STRESS] | Heartbeat check
2026-08-06 20:07:44 | [Thread 132993704249024] | [ERROR] | [STRESS] | Simulated minor non-fatal log
2026-08-06 20:07:44 | [Thread 132993712641728] | [OPERATION] | [STRESS] | BULK_OP | META
2026-08-06 20:07:44 | [Thread 132993704249024] | [OPERATION] | [STRESS] | BULK_OP | TSLA
2026-08-06 20:07:44 | [Thread 132993712641728] | [INFO] | [STRESS] | Heartbeat check
2026-08-06 20:07:44 | [Thread 132993704249024] | [INFO] | [STRESS] | Heartbeat check
2026-08-06 20:07:44 | [Thread 132993712641728] | [ERROR] | [STRESS] | Simulated minor non-fatal log
2026-08-06 20:07:44 | [Thread 132993704249024] | [ERROR] | [STRESS] | Simulated minor non-fatal log
2026-08-06 20:07:44 | [Thread 132993704249024] | [OPERATION] | [STRESS] | BULK_OP | NVDA
2026-08-06 20:07:44 | [Thread 132993704249024] | [INFO] | [STRESS] | Heartbeat check
2026-08-06 20:07:44 | [Thread 132993947506368] | [INFO] | [STRESS] | Heartbeat check
2026-08-06 20:07:44 | [Thread 132994375345856] | [INFO] | [CACHE] | CACHE_SAVED
2026-08-06 20:07:44 | [Thread 132993729427136] | [ERROR] | [STRESS] | Simulated minor non-fatal log
2026-08-06 20:07:44 | [Thread 132993729427136] | [INFO] | [STRESS] | Heartbeat check
2026-08-06 20:07:44 | [Thread 132993721034432] | [ERROR] | [STRESS] | Simulated minor non-fatal log
2026-08-06 20:07:44 | [Thread 132993721034432] | [OPERATION] | [STRESS] | BULK_OP | GOOGL
2026-08-06 20:07:44 | [Thread 132993947506368] | [ERROR] | [STRESS] | Simulated minor non-fatal log
2026-08-06 20:07:44 | [Thread 132993721034432] | [OPERATION] | [STRESS] | BULK_OP | GOOGL
2026-08-06 20:07:44 | [Thread 132993721034432] | [ERROR] | [STRESS] | Simulated minor non-fatal log
2026-08-06 20:07:44 | [Thread 132993721034432] | [INFO] | [STRESS] | Heartbeat check
2026-08-06 20:07:44 | [Thread 132993721034432] | [OPERATION] | [STRESS] | BULK_OP | AMZN
2026-08-06 20:07:44 | [Thread 132993721034432] | [OPERATION] | [STRESS] | BULK_OP | NFLX
2026-08-06 20:07:44 | [Thread 132993721034432] | [ERROR] | [STRESS] | Simulated minor non-fatal log
2026-08-06 20:07:44 | [Thread 132993712641728] | [OPERATION] | [STRESS] | BULK_OP | AAPL
2026-08-06 20:07:44 | [Thread 132993729427136] | [ERROR] | [STRESS] | Simulated minor non-fatal log
2026-08-06 20:07:44 | [Thread 132993729427136] | [OPERATION] | [STRESS] | BULK_OP | MSFT
2026-08-06 20:07:44 | [Thread 132993729427136] | [INFO] | [STRESS] | Heartbeat check
2026-08-06 20:07:44 | [Thread 132993729427136] | [INFO] | [STRESS] | Heartbeat check
2026-08-06 20:07:44 | [Thread 132993687463616] | [ERROR] | [STRESS] | Simulated minor non-fatal log
2026-08-06 20:07:44 | [Thread 132993687463616] | [OPERATION] | [STRESS] | BULK_OP | INTC
2026-08-06 20:07:44 | [Thread 132993687463616] | [INFO] | [STRESS] | Heartbeat check
2026-08-06 20:07:44 | [Thread 132993687463616] | [ERROR] | [STRESS] | Simulated minor non-fatal log
2026-08-06 20:07:44 | [Thread 132993687463616] | [OPERATION] | [STRESS] | BULK_OP | AAPL
2026-08-06 20:07:44 | [Thread 132993687463616] | [INFO] | [STRESS] | Heartbeat check
2026-08-06 20:07:44 | [Thread 132993687463616] | [ERROR] | [STRESS] | Simulated minor non-fatal log
2026-08-06 20:07:44 | [Thread 132993687463616] | [OPERATION] | [STRESS] | BULK_OP | NFLX
2026-08-06 20:07:44 | [Thread 132993687463616] | [INFO] | [STRESS] | Heartbeat check
2026-08-06 20:07:44 | [Thread 132993687463616] | [ERROR] | [STRESS] | Simulated minor non-fatal log
2026-08-06 20:07:44 | [Thread 132993687463616] | [OPERATION] | [STRESS] | BULK_OP | NVDA
2026-08-06 20:07:44 | [Thread 132993687463616] | [INFO] | [STRESS] | Heartbeat check
2026-08-06 20:07:44 | [Thread 132993687463616] | [ERROR] | [STRESS] | Simulated minor non-fatal log
2026-08-06 20:07:44 | [Thread 132993687463616] | [OPERATION] | [STRESS] | BULK_OP | INTC
2026-08-06 20:07:44 | [Thread 132993687463616] | [INFO] | [STRESS] | Heartbeat check
2026-08-06 20:07:44 | [Thread 132993687463616] | [ERROR] | [STRESS] | Simulated minor non-fatal log
2026-08-06 20:07:44 | [Thread 132993687463616] | [OPERATION] | [STRESS] | BULK_OP | AMD
2026-08-06 20:07:44 | [Thread 132993687463616] | [INFO] | [STRESS] | Heartbeat check
2026-08-06 20:07:44 | [Thread 132993687463616] | [ERROR] | [STRESS] | Simulated minor non-fatal log
2026-08-06 20:07:44 | [Thread 132993687463616] | [OPERATION] | [STRESS] | BULK_OP | META
2026-08-06 20:07:44 | [Thread 132993687463616] | [INFO] | [STRESS] | Heartbeat check
2026-08-06 20:07:44 | [Thread 132993687463616] | [ERROR] | [STRESS] | Simulated minor non-fatal log
2026-08-06 20:07:44 | [Thread 132993687463616] | [OPERATION] | [STRESS] | BULK_OP | META
2026-08-06 20:07:44 | [Thread 132993687463616] | [INFO] | [STRESS] | Heartbeat check
2026-08-06 20:07:44 | [Thread 132993687463616] | [ERROR] | [STRESS] | Simulated minor non-fatal log
2026-08-06 20:07:44 | [Thread 132993687463616] | [OPERATION] | [STRESS] | BULK_OP | NFLX
2026-08-06 20:07:44 | [Thread 132993687463616] | [INFO] | [STRESS] | Heartbeat check
2026-08-06 20:07:44 | [Thread 132993687463616] | [ERROR] | [STRESS] | Simulated minor non-fatal log
2026-08-06 20:07:44 | [Thread 132993687463616] | [ERROR] | [STRESS] | Simulated minor non-fatal log
2026-08-06 20:07:44 | [Thread 132993687463616] | [ERROR] | [STRESS] | Simulated minor non-fatal log
2026-08-06 20:07:44 | [Thread 132993687463616] | [ERROR] | [STRESS] | Simulated minor non-fatal log
2026-08-06 20:07:44 | [Thread 132993687463616] | [ERROR] | [STRESS] | Simulated minor non-fatal log
2026-08-06 20:07:44 | [Thread 132993687463616] | [OPERATION] | [STRESS] | BULK_OP | QCOM
2026-08-06 20:07:44 | [Thread 132993687463616] | [OPERATION] | [STRESS] | BULK_OP | TXN
2026-08-06 20:07:44 | [Thread 132993687463616] | [INFO] | [STRESS] | Heartbeat check
2026-08-06 20:07:44 | [Thread 132993712641728] | [INFO] | [STRESS] | Heartbeat check
2026-08-06 20:07:44 | [Thread 132993712641728] | [ERROR] | [STRESS] | Simulated minor non-fatal log
2026-08-06 20:07:44 | [Thread 132993712641728] | [OPERATION] | [STRESS] | BULK_OP | AAPL
2026-08-06 20:07:44 | [Thread 132993712641728] | [OPERATION] | [STRESS] | BULK_OP | NFLX
2026-08-06 20:07:44 | [Thread 132993712641728] | [OPERATION] | [STRESS] | BULK_OP | ORCL
2026-08-06 20:07:44 | [Thread 132993695856320] | [ERROR] | [STRESS] | Simulated minor non-fatal log
2026-08-06 20:07:44 | [Thread 132993695856320] | [OPERATION] | [STRESS] | BULK_OP | AMD
2026-08-06 20:07:44 | [Thread 132993695856320] | [ERROR] | [STRESS] | Simulated minor non-fatal log
2026-08-06 20:07:44 | [Thread 132993695856320] | [ERROR] | [STRESS] | Simulated minor non-fatal log
2026-08-06 20:07:44 | [Thread 132993695856320] | [ERROR] | [STRESS] | Simulated minor non-fatal log
2026-08-06 20:07:44 | [Thread 132993695856320] | [ERROR] | [STRESS] | Simulated minor non-fatal log
2026-08-06 20:07:44 | [Thread 132993695856320] | [INFO] | [STRESS] | Heartbeat check
2026-08-06 20:07:44 | [Thread 132993695856320] | [OPERATION] | [STRESS] | BULK_OP | CSCO
2026-08-06 20:07:44 | [Thread 132993695856320] | [OPERATION] | [STRESS] | BULK_OP | META
2026-08-06 20:07:44 | [Thread 132993695856320] | [OPERATION] | [STRESS] | BULK_OP | NVDA
2026-08-06 20:07:44 | [Thread 132993695856320] | [OPERATION] | [STRESS] | BULK_OP | TSLA
2026-08-06 20:07:44 | [Thread 132993729427136] | [ERROR] | [STRESS] | Simulated minor non-fatal log
2026-08-06 20:07:44 | [Thread 132993729427136] | [OPERATION] | [STRESS] | BULK_OP | AAPL
2026-08-06 20:07:44 | [Thread 132993712641728] | [ERROR] | [STRESS] | Simulated minor non-fatal log
2026-08-06 20:07:44 | [Thread 132993712641728] | [OPERATION] | [STRESS] | BULK_OP | NVDA
2026-08-06 20:07:44 | [Thread 132993712641728] | [ERROR] | [STRESS] | Simulated minor non-fatal log
2026-08-06 20:07:44 | [Thread 132993712641728] | [INFO] | [STRESS] | Heartbeat check
2026-08-06 20:07:44 | [Thread 132993712641728] | [INFO] | [STRESS] | Heartbeat check
2026-08-06 20:07:44 | [Thread 132993712641728] | [INFO] | [STRESS] | Heartbeat check
2026-08-06 20:07:44 | [Thread 132993712641728] | [OPERATION] | [STRESS] | BULK_OP | TXN
2026-08-06 20:07:44 | [Thread 132993712641728] | [ERROR] | [STRESS] | Simulated minor non-fatal log
2026-08-06 20:07:44 | [Thread 132993712641728] | [ERROR] | [STRESS] | Simulated minor non-fatal log
2026-08-06 20:07:44 | [Thread 132993712641728] | [OPERATION] | [STRESS] | BULK_OP | GOOGL
2026-08-06 20:07:44 | [Thread 132993712641728] | [INFO] | [STRESS] | Heartbeat check
2026-08-06 20:07:44 | [Thread 132993712641728] | [OPERATION] | [STRESS] | BULK_OP | ORCL
2026-08-06 20:07:44 | [Thread 132993712641728] | [OPERATION] | [STRESS] | BULK_OP | MSFT
2026-08-06 20:07:44 | [Thread 132993712641728] | [OPERATION] | [STRESS] | BULK_OP | ORCL
2026-08-06 20:07:44 | [Thread 132993712641728] | [OPERATION] | [STRESS] | BULK_OP | INTC
2026-08-06 20:07:44 | [Thread 132993712641728] | [OPERATION] | [STRESS] | BULK_OP | NFLX
2026-08-06 20:07:44 | [Thread 132993712641728] | [ERROR] | [STRESS] | Simulated minor non-fatal log
2026-08-06 20:07:44 | [Thread 132993712641728] | [INFO] | [STRESS] | Heartbeat check
2026-08-06 20:07:44 | [Thread 132993712641728] | [OPERATION] | [STRESS] | BULK_OP | IBM
2026-08-06 20:07:44 | [Thread 132993712641728] | [ERROR] | [STRESS] | Simulated minor non-fatal log
2026-08-06 20:07:44 | [Thread 132993712641728] | [INFO] | [STRESS] | Heartbeat check
2026-08-06 20:07:44 | [Thread 132993712641728] | [OPERATION] | [STRESS] | BULK_OP | INTC
2026-08-06 20:07:44 | [Thread 132993712641728] | [ERROR] | [STRESS] | Simulated minor non-fatal log
2026-08-06 20:07:44 | [Thread 132993712641728] | [INFO] | [STRESS] | Heartbeat check
2026-08-06 20:07:44 | [Thread 132993712641728] | [ERROR] | [STRESS] | Simulated minor non-fatal log
2026-08-06 20:07:44 | [Thread 132993712641728] | [OPERATION] | [STRESS] | BULK_OP | MSFT
2026-08-06 20:07:44 | [Thread 132993712641728] | [ERROR] | [STRESS] | Simulated minor non-fatal log
2026-08-06 20:07:44 | [Thread 132993712641728] | [INFO] | [STRESS] | Heartbeat check
2026-08-06 20:07:44 | [Thread 132993712641728] | [OPERATION] | [STRESS] | BULK_OP | TSLA
2026-08-06 20:07:44 | [Thread 132993695856320] | [OPERATION] | [STRESS] | BULK_OP | GOOGL
2026-08-06 20:07:44 | [Thread 132993695856320] | [ERROR] | [STRESS] | Simulated minor non-fatal log
2026-08-06 20:07:44 | [Thread 132993695856320] | [OPERATION] | [STRESS] | BULK_OP | MSFT
2026-08-06 20:07:44 | [Thread 132993695856320] | [OPERATION] | [STRESS] | BULK_OP | IBM
2026-08-06 20:07:44 | [Thread 132993695856320] | [OPERATION] | [STRESS] | BULK_OP | NVDA
2026-08-06 20:07:44 | [Thread 132993695856320] | [ERROR] | [STRESS] | Simulated minor non-fatal log
2026-08-06 20:07:44 | [Thread 132993695856320] | [ERROR] | [STRESS] | Simulated minor non-fatal log
2026-08-06 20:07:44 | [Thread 132993695856320] | [ERROR] | [STRESS] | Simulated minor non-fatal log
2026-08-06 20:07:44 | [Thread 132993704249024] | [ERROR] | [STRESS] | Simulated minor non-fatal log
2026-08-06 20:07:44 | [Thread 132993704249024] | [OPERATION] | [STRESS] | BULK_OP | MSFT
2026-08-06 20:07:44 | [Thread 132993704249024] | [INFO] | [STRESS] | Heartbeat check
2026-08-06 20:07:44 | [Thread 132993704249024] | [ERROR] | [STRESS] | Simulated minor non-fatal log
2026-08-06 20:07:44 | [Thread 132993704249024] | [OPERATION] | [STRESS] | BULK_OP | META
2026-08-06 20:07:44 | [Thread 132993704249024] | [INFO] | [STRESS] | Heartbeat check
2026-08-06 20:07:44 | [Thread 132993704249024] | [ERROR] | [STRESS] | Simulated minor non-fatal log
2026-08-06 20:07:44 | [Thread 132993704249024] | [OPERATION] | [STRESS] | BULK_OP | NVDA
2026-08-06 20:07:44 | [Thread 132993704249024] | [INFO] | [STRESS] | Heartbeat check
2026-08-06 20:07:44 | [Thread 132993704249024] | [ERROR] | [STRESS] | Simulated minor non-fatal log
2026-08-06 20:07:44 | [Thread 132993704249024] | [OPERATION] | [STRESS] | BULK_OP | TSLA
2026-08-06 20:07:44 | [Thread 132993704249024] | [OPERATION] | [STRESS] | BULK_OP | META
2026-08-06 20:07:44 | [Thread 132993704249024] | [ERROR] | [STRESS] | Simulated minor non-fatal log
2026-08-06 20:07:44 | [Thread 132993704249024] | [OPERATION] | [STRESS] | BULK_OP | QCOM
2026-08-06 20:07:44 | [Thread 132993704249024] | [ERROR] | [STRESS] | Simulated minor non-fatal log
2026-08-06 20:07:44 | [Thread 132993704249024] | [INFO] | [STRESS] | Heartbeat check
2026-08-06 20:07:44 | [Thread 132993704249024] | [INFO] | [STRESS] | Heartbeat check
2026-08-06 20:07:44 | [Thread 132993704249024] | [INFO] | [STRESS] | Heartbeat check
2026-08-06 20:07:44 | [Thread 132993704249024] | [ERROR] | [STRESS] | Simulated minor non-fatal log
2026-08-06 20:07:44 | [Thread 132993704249024] | [OPERATION] | [STRESS] | BULK_OP | CSCO
2026-08-06 20:07:44 | [Thread 132993704249024] | [OPERATION] | [STRESS] | BULK_OP | MSFT
2026-08-06 20:07:44 | [Thread 132994375345856] | [INFO] | [CACHE] | CACHE_SAVED
2026-08-06 20:07:44 | [Thread 132993695856320] | [OPERATION] | [STRESS] | BULK_OP | AAPL
2026-08-06 20:07:44 | [Thread 132993695856320] | [OPERATION] | [STRESS] | BULK_OP | AMD
2026-08-06 20:07:44 | [Thread 132993695856320] | [OPERATION] | [STRESS] | BULK_OP | AMZN
2026-08-06 20:07:44 | [Thread 132993695856320] | [OPERATION] | [STRESS] | BULK_OP | AAPL
2026-08-06 20:07:44 | [Thread 132993695856320] | [OPERATION] | [STRESS] | BULK_OP | TSLA
2026-08-06 20:07:44 | [Thread 132993695856320] | [ERROR] | [STRESS] | Simulated minor non-fatal log
2026-08-06 20:07:44 | [Thread 132993695856320] | [INFO] | [STRESS] | Heartbeat check
2026-08-06 20:07:44 | [Thread 132993695856320] | [INFO] | [STRESS] | Heartbeat check
2026-08-06 20:07:44 | [Thread 132993695856320] | [OPERATION] | [STRESS] | BULK_OP | CSCO
2026-08-06 20:07:44 | [Thread 132993695856320] | [OPERATION] | [STRESS] | BULK_OP | CSCO
2026-08-06 20:07:44 | [Thread 132993695856320] | [ERROR] | [STRESS] | Simulated minor non-fatal log
2026-08-06 20:07:44 | [Thread 132993695856320] | [OPERATION] | [STRESS] | BULK_OP | META
2026-08-06 20:07:44 | [Thread 132993695856320] | [OPERATION] | [STRESS] | BULK_OP | TXN
2026-08-06 20:07:44 | [Thread 132993695856320] | [OPERATION] | [STRESS] | BULK_OP | AAPL
2026-08-06 20:07:44 | [Thread 132993695856320] | [ERROR] | [STRESS] | Simulated minor non-fatal log
2026-08-06 20:07:44 | [Thread 132993695856320] | [INFO] | [STRESS] | Heartbeat check
2026-08-06 20:07:44 | [Thread 132993695856320] | [OPERATION] | [STRESS] | BULK_OP | TXN
2026-08-06 20:07:44 | [Thread 132993695856320] | [OPERATION] | [STRESS] | BULK_OP | ORCL
2026-08-06 20:07:44 | [Thread 132993695856320] | [ERROR] | [STRESS] | Simulated minor non-fatal log
2026-08-06 20:07:44 | [Thread 132993721034432] | [OPERATION] | [STRESS] | BULK_OP | AMZN
2026-08-06 20:07:44 | [Thread 132993721034432] | [INFO] | [STRESS] | Heartbeat check
2026-08-06 20:07:44 | [Thread 132993721034432] | [ERROR] | [STRESS] | Simulated minor non-fatal log
2026-08-06 20:07:44 | [Thread 132993721034432] | [INFO] | [STRESS] | Heartbeat check
2026-08-06 20:07:44 | [Thread 132993721034432] | [OPERATION] | [STRESS] | BULK_OP | INTC
2026-08-06 20:07:44 | [Thread 132993721034432] | [OPERATION] | [STRESS] | BULK_OP | NVDA
2026-08-06 20:07:44 | [Thread 132993721034432] | [ERROR] | [STRESS] | Simulated minor non-fatal log
2026-08-06 20:07:44 | [Thread 132993721034432] | [ERROR] | [STRESS] | Simulated minor non-fatal log
2026-08-06 20:07:44 | [Thread 132993721034432] | [OPERATION] | [STRESS] | BULK_OP | ORCL
2026-08-06 20:07:44 | [Thread 132993721034432] | [OPERATION] | [STRESS] | BULK_OP | INTC
2026-08-06 20:07:44 | [Thread 132993721034432] | [OPERATION] | [STRESS] | BULK_OP | QCOM
2026-08-06 20:07:44 | [Thread 132993721034432] | [ERROR] | [STRESS] | Simulated minor non-fatal log
2026-08-06 20:07:44 | [Thread 132993721034432] | [ERROR] | [STRESS] | Simulated minor non-fatal log
2026-08-06 20:07:44 | [Thread 132993721034432] | [ERROR] | [STRESS] | Simulated minor non-fatal log
2026-08-06 20:07:44 | [Thread 132993721034432] | [INFO] | [STRESS] | Heartbeat check
2026-08-06 20:07:44 | [Thread 132993721034432] | [INFO] | [STRESS] | Heartbeat check
2026-08-06 20:07:44 | [Thread 132993721034432] | [OPERATION] | [STRESS] | BULK_OP | NFLX
2026-08-06 20:07:44 | [Thread 132993721034432] | [OPERATION] | [STRESS] | BULK_OP | INTC
2026-08-06 20:07:44 | [Thread 132993721034432] | [OPERATION] | [STRESS] | BULK_OP | GOOGL
2026-08-06 20:07:44 | [Thread 132993721034432] | [ERROR] | [STRESS] | Simulated minor non-fatal log
2026-08-06 20:07:44 | [Thread 132993729427136] | [ERROR] | [STRESS] | Simulated minor non-fatal log
2026-08-06 20:07:44 | [Thread 132993729427136] | [OPERATION] | [STRESS] | BULK_OP | AMD
2026-08-06 20:07:44 | [Thread 132993729427136] | [INFO] | [STRESS] | Heartbeat check
2026-08-06 20:07:44 | [Thread 132993729427136] | [ERROR] | [STRESS] | Simulated minor non-fatal log
2026-08-06 20:07:44 | [Thread 132993729427136] | [INFO] | [STRESS] | Heartbeat check
2026-08-06 20:07:44 | [Thread 132993729427136] | [INFO] | [STRESS] | Heartbeat check
2026-08-06 20:07:44 | [Thread 132993729427136] | [INFO] | [STRESS] | Heartbeat check
2026-08-06 20:07:44 | [Thread 132993729427136] | [INFO] | [STRESS] | Heartbeat check
2026-08-06 20:07:44 | [Thread 132993729427136] | [OPERATION] | [STRESS] | BULK_OP | AAPL
2026-08-06 20:07:44 | [Thread 132993729427136] | [OPERATION] | [STRESS] | BULK_OP | AMD
2026-08-06 20:07:44 | [Thread 132993729427136] | [ERROR] | [STRESS] | Simulated minor non-fatal log
2026-08-06 20:07:44 | [Thread 132993729427136] | [ERROR] | [STRESS] | Simulated minor non-fatal log
2026-08-06 20:07:44 | [Thread 132993729427136] | [ERROR] | [STRESS] | Simulated minor non-fatal log
2026-08-06 20:07:44 | [Thread 132993729427136] | [OPERATION] | [STRESS] | BULK_OP | INTC
2026-08-06 20:07:44 | [Thread 132993729427136] | [INFO] | [STRESS] | Heartbeat check
2026-08-06 20:07:44 | [Thread 132993729427136] | [INFO] | [STRESS] | Heartbeat check
2026-08-06 20:07:44 | [Thread 132993729427136] | [OPERATION] | [STRESS] | BULK_OP | INTC
2026-08-06 20:07:44 | [Thread 132993729427136] | [OPERATION] | [STRESS] | BULK_OP | CSCO
2026-08-06 20:07:44 | [Thread 132993729427136] | [OPERATION] | [STRESS] | BULK_OP | QCOM
2026-08-06 20:07:44 | [Thread 132993729427136] | [ERROR] | [STRESS] | Simulated minor non-fatal log
2026-08-06 20:07:44 | [Thread 132993729427136] | [ERROR] | [STRESS] | Simulated minor non-fatal log
2026-08-06 20:07:44 | [Thread 132993729427136] | [INFO] | [STRESS] | Heartbeat check
2026-08-06 20:07:44 | [Thread 132993729427136] | [INFO] | [STRESS] | Heartbeat check
2026-08-06 20:07:44 | [Thread 132993729427136] | [OPERATION] | [STRESS] | BULK_OP | NVDA
2026-08-06 20:07:44 | [Thread 132993729427136] | [OPERATION] | [STRESS] | BULK_OP | META
2026-08-06 20:07:44 | [Thread 132994375345856] | [INFO] | [CACHE] | CACHE_SAVED
2026-08-06 20:07:44 | [Thread 132993947506368] | [ERROR] | [STRESS] | Simulated minor non-fatal log
2026-08-06 20:07:44 | [Thread 132993947506368] | [ERROR] | [STRESS] | Simulated minor non-fatal log
2026-08-06 20:07:44 | [Thread 132993947506368] | [ERROR] | [STRESS] | Simulated minor non-fatal log
2026-08-06 20:07:44 | [Thread 132993947506368] | [ERROR] | [STRESS] | Simulated minor non-fatal log
2026-08-06 20:07:44 | [Thread 132993947506368] | [ERROR] | [STRESS] | Simulated minor non-fatal log
2026-08-06 20:07:44 | [Thread 132993947506368] | [ERROR] | [STRESS] | Simulated minor non-fatal log
2026-08-06 20:07:44 | [Thread 132993947506368] | [ERROR] | [STRESS] | Simulated minor non-fatal log
2026-08-06 20:07:44 | [Thread 132993947506368] | [ERROR] | [STRESS] | Simulated minor non-fatal log
2026-08-06 20:07:44 | [Thread 132993947506368] | [ERROR] | [STRESS] | Simulated minor non-fatal log
2026-08-06 20:07:44 | [Thread 132993947506368] | [INFO] | [STRESS] | Heartbeat check
2026-08-06 20:07:44 | [Thread 132993947506368] | [INFO] | [STRESS] | Heartbeat check
2026-08-06 20:07:44 | [Thread 132993947506368] | [OPERATION] | [STRESS] | BULK_OP | META
2026-08-06 20:07:44 | [Thread 132993947506368] | [OPERATION] | [STRESS] | BULK_OP | AMD
2026-08-06 20:07:44 | [Thread 132993947506368] | [OPERATION] | [STRESS] | BULK_OP | AMZN
2026-08-06 20:07:44 | [Thread 132993947506368] | [OPERATION] | [STRESS] | BULK_OP | AMZN
2026-08-06 20:07:44 | [Thread 132993947506368] | [OPERATION] | [STRESS] | BULK_OP | CSCO
2026-08-06 20:07:44 | [Thread 132993947506368] | [OPERATION] | [STRESS] | BULK_OP | IBM
2026-08-06 20:07:44 | [Thread 132993687463616] | [OPERATION] | [STRESS] | BULK_OP | META
2026-08-06 20:07:44 | [Thread 132993687463616] | [OPERATION] | [STRESS] | BULK_OP | GOOGL
2026-08-06 20:07:44 | [Thread 132993687463616] | [ERROR] | [STRESS] | Simulated minor non-fatal log
2026-08-06 20:07:44 | [Thread 132993687463616] | [ERROR] | [STRESS] | Simulated minor non-fatal log
2026-08-06 20:07:44 | [Thread 132993687463616] | [ERROR] | [STRESS] | Simulated minor non-fatal log
2026-08-06 20:07:44 | [Thread 132993687463616] | [ERROR] | [STRESS] | Simulated minor non-fatal log
2026-08-06 20:07:44 | [Thread 132993687463616] | [OPERATION] | [STRESS] | BULK_OP | TXN
2026-08-06 20:07:44 | [Thread 132993687463616] | [INFO] | [STRESS] | Heartbeat check
2026-08-06 20:07:44 | [Thread 132993687463616] | [OPERATION] | [STRESS] | BULK_OP | META
2026-08-06 20:07:44 | [Thread 132993687463616] | [OPERATION] | [STRESS] | BULK_OP | INTC
2026-08-06 20:07:44 | [Thread 132993687463616] | [ERROR] | [STRESS] | Simulated minor non-fatal log
2026-08-06 20:07:44 | [Thread 132993687463616] | [OPERATION] | [STRESS] | BULK_OP | INTC
2026-08-06 20:07:44 | [Thread 132993687463616] | [ERROR] | [STRESS] | Simulated minor non-fatal log
2026-08-06 20:07:44 | [Thread 132993687463616] | [INFO] | [STRESS] | Heartbeat check
2026-08-06 20:07:44 | [Thread 132993687463616] | [INFO] | [STRESS] | Heartbeat check
2026-08-06 20:07:44 | [Thread 132993687463616] | [OPERATION] | [STRESS] | BULK_OP | ORCL
2026-08-06 20:07:44 | [Thread 132993712641728] | [OPERATION] | [STRESS] | BULK_OP | AMZN
2026-08-06 20:07:44 | [Thread 132993712641728] | [INFO] | [STRESS] | Heartbeat check
2026-08-06 20:07:44 | [Thread 132993712641728] | [INFO] | [STRESS] | Heartbeat check
2026-08-06 20:07:44 | [Thread 132993712641728] | [ERROR] | [STRESS] | Simulated minor non-fatal log
2026-08-06 20:07:44 | [Thread 132993712641728] | [INFO] | [STRESS] | Heartbeat check
2026-08-06 20:07:44 | [Thread 132993712641728] | [INFO] | [STRESS] | Heartbeat check
2026-08-06 20:07:44 | [Thread 132993712641728] | [INFO] | [STRESS] | Heartbeat check
2026-08-06 20:07:44 | [Thread 132993712641728] | [INFO] | [STRESS] | Heartbeat check
2026-08-06 20:07:44 | [Thread 132993712641728] | [INFO] | [STRESS] | Heartbeat check
2026-08-06 20:07:44 | [Thread 132993712641728] | [INFO] | [STRESS] | Heartbeat check
2026-08-06 20:07:44 | [Thread 132993947506368] | [OPERATION] | [STRESS] | BULK_OP | AMZN
2026-08-06 20:07:44 | [Thread 132993947506368] | [OPERATION] | [STRESS] | BULK_OP | AAPL
2026-08-06 20:07:44 | [Thread 132993704249024] | [INFO] | [STRESS] | Heartbeat check
2026-08-06 20:07:44 | [Thread 132993704249024] | [ERROR] | [STRESS] | Simulated minor non-fatal log
2026-08-06 20:07:44 | [Thread 132993704249024] | [OPERATION] | [STRESS] | BULK_OP | META
2026-08-06 20:07:44 | [Thread 132993704249024] | [INFO] | [STRESS] | Heartbeat check
2026-08-06 20:07:44 | [Thread 132993704249024] | [ERROR] | [STRESS] | Simulated minor non-fatal log
2026-08-06 20:07:44 | [Thread 132993704249024] | [OPERATION] | [STRESS] | BULK_OP | NVDA
2026-08-06 20:07:44 | [Thread 132993704249024] | [INFO] | [STRESS] | Heartbeat check
2026-08-06 20:07:44 | [Thread 132993704249024] | [ERROR] | [STRESS] | Simulated minor non-fatal log
2026-08-06 20:07:44 | [Thread 132993704249024] | [OPERATION] | [STRESS] | BULK_OP | GOOGL
2026-08-06 20:07:44 | [Thread 132993704249024] | [INFO] | [STRESS] | Heartbeat check
2026-08-06 20:07:44 | [Thread 132993695856320] | [ERROR] | [STRESS] | Simulated minor non-fatal log
2026-08-06 20:07:44 | [Thread 132993695856320] | [OPERATION] | [STRESS] | BULK_OP | TXN
2026-08-06 20:07:44 | [Thread 132993695856320] | [INFO] | [STRESS] | Heartbeat check
2026-08-06 20:07:44 | [Thread 132993695856320] | [ERROR] | [STRESS] | Simulated minor non-fatal log
2026-08-06 20:07:44 | [Thread 132993704249024] | [ERROR] | [STRESS] | Simulated minor non-fatal log
2026-08-06 20:07:44 | [Thread 132993704249024] | [OPERATION] | [STRESS] | BULK_OP | META
2026-08-06 20:07:44 | [Thread 132993704249024] | [INFO] | [STRESS] | Heartbeat check
2026-08-06 20:07:44 | [Thread 132993704249024] | [ERROR] | [STRESS] | Simulated minor non-fatal log
2026-08-06 20:07:44 | [Thread 132993704249024] | [OPERATION] | [STRESS] | BULK_OP | MSFT
2026-08-06 20:07:44 | [Thread 132993704249024] | [INFO] | [STRESS] | Heartbeat check
2026-08-06 20:07:44 | [Thread 132993704249024] | [ERROR] | [STRESS] | Simulated minor non-fatal log
2026-08-06 20:07:44 | [Thread 132993704249024] | [OPERATION] | [STRESS] | BULK_OP | CSCO
2026-08-06 20:07:44 | [Thread 132993704249024] | [INFO] | [STRESS] | Heartbeat check
2026-08-06 20:07:44 | [Thread 132993704249024] | [ERROR] | [STRESS] | Simulated minor non-fatal log
2026-08-06 20:07:44 | [Thread 132993704249024] | [OPERATION] | [STRESS] | BULK_OP | IBM
2026-08-06 20:07:44 | [Thread 132993704249024] | [INFO] | [STRESS] | Heartbeat check
2026-08-06 20:07:44 | [Thread 132993704249024] | [ERROR] | [STRESS] | Simulated minor non-fatal log
2026-08-06 20:07:44 | [Thread 132993704249024] | [OPERATION] | [STRESS] | BULK_OP | IBM
2026-08-06 20:07:44 | [Thread 132993704249024] | [INFO] | [STRESS] | Heartbeat check
2026-08-06 20:07:44 | [Thread 132993704249024] | [ERROR] | [STRESS] | Simulated minor non-fatal log
2026-08-06 20:07:44 | [Thread 132993704249024] | [OPERATION] | [STRESS] | BULK_OP | TSLA
2026-08-06 20:07:44 | [Thread 132993704249024] | [INFO] | [STRESS] | Heartbeat check
2026-08-06 20:07:44 | [Thread 132993704249024] | [ERROR] | [STRESS] | Simulated minor non-fatal log
2026-08-06 20:07:44 | [Thread 132993704249024] | [OPERATION] | [STRESS] | BULK_OP | TSLA
2026-08-06 20:07:44 | [Thread 132993704249024] | [INFO] | [STRESS] | Heartbeat check
2026-08-06 20:07:44 | [Thread 132993704249024] | [ERROR] | [STRESS] | Simulated minor non-fatal log
2026-08-06 20:07:44 | [Thread 132993704249024] | [OPERATION] | [STRESS] | BULK_OP | AAPL
2026-08-06 20:07:44 | [Thread 132993704249024] | [INFO] | [STRESS] | Heartbeat check
2026-08-06 20:07:44 | [Thread 132993704249024] | [ERROR] | [STRESS] | Simulated minor non-fatal log
2026-08-06 20:07:44 | [Thread 132993704249024] | [OPERATION] | [STRESS] | BULK_OP | AMD
2026-08-06 20:07:44 | [Thread 132993704249024] | [INFO] | [STRESS] | Heartbeat check
2026-08-06 20:07:44 | [Thread 132993704249024] | [ERROR] | [STRESS] | Simulated minor non-fatal log
2026-08-06 20:07:44 | [Thread 132993704249024] | [OPERATION] | [STRESS] | BULK_OP | META
2026-08-06 20:07:44 | [Thread 132993704249024] | [ERROR] | [STRESS] | Simulated minor non-fatal log
2026-08-06 20:07:44 | [Thread 132993704249024] | [OPERATION] | [STRESS] | BULK_OP | AMD
2026-08-06 20:07:44 | [Thread 132993704249024] | [OPERATION] | [STRESS] | BULK_OP | META
2026-08-06 20:07:44 | [Thread 132993704249024] | [INFO] | [STRESS] | Heartbeat check
2026-08-06 20:07:44 | [Thread 132993695856320] | [OPERATION] | [STRESS] | BULK_OP | QCOM
2026-08-06 20:07:44 | [Thread 132993695856320] | [INFO] | [STRESS] | Heartbeat check
2026-08-06 20:07:44 | [Thread 132993695856320] | [ERROR] | [STRESS] | Simulated minor non-fatal log
2026-08-06 20:07:44 | [Thread 132993695856320] | [OPERATION] | [STRESS] | BULK_OP | ORCL
2026-08-06 20:07:44 | [Thread 132993695856320] | [INFO] | [STRESS] | Heartbeat check
2026-08-06 20:07:44 | [Thread 132993695856320] | [ERROR] | [STRESS] | Simulated minor non-fatal log
2026-08-06 20:07:44 | [Thread 132993695856320] | [OPERATION] | [STRESS] | BULK_OP | AMD
2026-08-06 20:07:44 | [Thread 132993695856320] | [OPERATION] | [STRESS] | BULK_OP | AMZN
2026-08-06 20:07:44 | [Thread 132993695856320] | [ERROR] | [STRESS] | Simulated minor non-fatal log
2026-08-06 20:07:44 | [Thread 132993695856320] | [ERROR] | [STRESS] | Simulated minor non-fatal log
2026-08-06 20:07:44 | [Thread 132993695856320] | [ERROR] | [STRESS] | Simulated minor non-fatal log
2026-08-06 20:07:44 | [Thread 132993695856320] | [ERROR] | [STRESS] | Simulated minor non-fatal log
2026-08-06 20:07:44 | [Thread 132993695856320] | [INFO] | [STRESS] | Heartbeat check
2026-08-06 20:07:44 | [Thread 132993695856320] | [OPERATION] | [STRESS] | BULK_OP | QCOM
2026-08-06 20:07:44 | [Thread 132993695856320] | [OPERATION] | [STRESS] | BULK_OP | IBM
2026-08-06 20:07:44 | [Thread 132993695856320] | [OPERATION] | [STRESS] | BULK_OP | AMZN
2026-08-06 20:07:44 | [Thread 132993695856320] | [ERROR] | [STRESS] | Simulated minor non-fatal log
2026-08-06 20:07:44 | [Thread 132993947506368] | [ERROR] | [STRESS] | Simulated minor non-fatal log
2026-08-06 20:07:44 | [Thread 132993947506368] | [OPERATION] | [STRESS] | BULK_OP | AAPL
2026-08-06 20:07:44 | [Thread 132993947506368] | [INFO] | [STRESS] | Heartbeat check
2026-08-06 20:07:44 | [Thread 132993947506368] | [ERROR] | [STRESS] | Simulated minor non-fatal log
2026-08-06 20:07:44 | [Thread 132993947506368] | [OPERATION] | [STRESS] | BULK_OP | QCOM
2026-08-06 20:07:44 | [Thread 132993947506368] | [INFO] | [STRESS] | Heartbeat check
2026-08-06 20:07:44 | [Thread 132993947506368] | [OPERATION] | [STRESS] | BULK_OP | INTC
2026-08-06 20:07:44 | [Thread 132993947506368] | [INFO] | [STRESS] | Heartbeat check
2026-08-06 20:07:44 | [Thread 132993947506368] | [INFO] | [STRESS] | Heartbeat check
2026-08-06 20:07:44 | [Thread 132993947506368] | [OPERATION] | [STRESS] | BULK_OP | QCOM
2026-08-06 20:07:44 | [Thread 132993947506368] | [ERROR] | [STRESS] | Simulated minor non-fatal log
2026-08-06 20:07:44 | [Thread 132993947506368] | [ERROR] | [STRESS] | Simulated minor non-fatal log
2026-08-06 20:07:44 | [Thread 132993947506368] | [ERROR] | [STRESS] | Simulated minor non-fatal log
2026-08-06 20:07:44 | [Thread 132993947506368] | [ERROR] | [STRESS] | Simulated minor non-fatal log
2026-08-06 20:07:44 | [Thread 132993947506368] | [INFO] | [STRESS] | Heartbeat check
2026-08-06 20:07:44 | [Thread 132993947506368] | [ERROR] | [STRESS] | Simulated minor non-fatal log
2026-08-06 20:07:44 | [Thread 132993947506368] | [OPERATION] | [STRESS] | BULK_OP | ORCL
2026-08-06 20:07:44 | [Thread 132993947506368] | [OPERATION] | [STRESS] | BULK_OP | AAPL
2026-08-06 20:07:44 | [Thread 132993947506368] | [OPERATION] | [STRESS] | BULK_OP | AMZN
2026-08-06 20:07:44 | [Thread 132993947506368] | [INFO] | [STRESS] | Heartbeat check
2026-08-06 20:07:44 | [Thread 132993947506368] | [OPERATION] | [STRESS] | BULK_OP | MSFT
2026-08-06 20:07:44 | [Thread 132993947506368] | [INFO] | [STRESS] | Heartbeat check
2026-08-06 20:07:44 | [Thread 132993947506368] | [ERROR] | [STRESS] | Simulated minor non-fatal log
2026-08-06 20:07:44 | [Thread 132993947506368] | [OPERATION] | [STRESS] | BULK_OP | META
2026-08-06 20:07:44 | [Thread 132993947506368] | [OPERATION] | [STRESS] | BULK_OP | INTC
2026-08-06 20:07:44 | [Thread 132993729427136] | [OPERATION] | [STRESS] | BULK_OP | QCOM
2026-08-06 20:07:44 | [Thread 132993729427136] | [OPERATION] | [STRESS] | BULK_OP | IBM
2026-08-06 20:07:44 | [Thread 132993729427136] | [INFO] | [STRESS] | Heartbeat check
2026-08-06 20:07:44 | [Thread 132993704249024] | [INFO] | [STRESS] | Heartbeat check
2026-08-06 20:07:44 | [Thread 132993704249024] | [ERROR] | [STRESS] | Simulated minor non-fatal log
2026-08-06 20:07:44 | [Thread 132993704249024] | [OPERATION] | [STRESS] | BULK_OP | NFLX
2026-08-06 20:07:44 | [Thread 132993704249024] | [ERROR] | [STRESS] | Simulated minor non-fatal log
2026-08-06 20:07:44 | [Thread 132993704249024] | [INFO] | [STRESS] | Heartbeat check
2026-08-06 20:07:44 | [Thread 132993704249024] | [INFO] | [STRESS] | Heartbeat check
2026-08-06 20:07:44 | [Thread 132993704249024] | [INFO] | [STRESS] | Heartbeat check
2026-08-06 20:07:44 | [Thread 132993704249024] | [OPERATION] | [STRESS] | BULK_OP | GOOGL
2026-08-06 20:07:44 | [Thread 132993704249024] | [OPERATION] | [STRESS] | BULK_OP | TSLA
2026-08-06 20:07:44 | [Thread 132993704249024] | [OPERATION] | [STRESS] | BULK_OP | GOOGL
2026-08-06 20:07:44 | [Thread 132993704249024] | [OPERATION] | [STRESS] | BULK_OP | META
2026-08-06 20:07:44 | [Thread 132993704249024] | [OPERATION] | [STRESS] | BULK_OP | NVDA
2026-08-06 20:07:44 | [Thread 132993704249024] | [ERROR] | [STRESS] | Simulated minor non-fatal log
2026-08-06 20:07:44 | [Thread 132993704249024] | [ERROR] | [STRESS] | Simulated minor non-fatal log
2026-08-06 20:07:44 | [Thread 132993721034432] | [OPERATION] | [STRESS] | BULK_OP | TXN
2026-08-06 20:07:44 | [Thread 132993721034432] | [INFO] | [STRESS] | Heartbeat check
2026-08-06 20:07:44 | [Thread 132993721034432] | [ERROR] | [STRESS] | Simulated minor non-fatal log
2026-08-06 20:07:44 | [Thread 132993721034432] | [OPERATION] | [STRESS] | BULK_OP | AAPL
2026-08-06 20:07:44 | [Thread 132993721034432] | [INFO] | [STRESS] | Heartbeat check
2026-08-06 20:07:44 | [Thread 132993721034432] | [ERROR] | [STRESS] | Simulated minor non-fatal log
2026-08-06 20:07:44 | [Thread 132993721034432] | [OPERATION] | [STRESS] | BULK_OP | NFLX
2026-08-06 20:07:44 | [Thread 132993721034432] | [INFO] | [STRESS] | Heartbeat check
2026-08-06 20:07:44 | [Thread 132993721034432] | [ERROR] | [STRESS] | Simulated minor non-fatal log
2026-08-06 20:07:44 | [Thread 132993721034432] | [OPERATION] | [STRESS] | BULK_OP | ORCL
2026-08-06 20:07:44 | [Thread 132993721034432] | [INFO] | [STRESS] | Heartbeat check
2026-08-06 20:07:44 | [Thread 132993721034432] | [ERROR] | [STRESS] | Simulated minor non-fatal log
2026-08-06 20:07:44 | [Thread 132993721034432] | [OPERATION] | [STRESS] | BULK_OP | MSFT
2026-08-06 20:07:44 | [Thread 132993721034432] | [INFO] | [STRESS] | Heartbeat check
2026-08-06 20:07:44 | [Thread 132993721034432] | [ERROR] | [STRESS] | Simulated minor non-fatal log
2026-08-06 20:07:44 | [Thread 132993721034432] | [OPERATION] | [STRESS] | BULK_OP | META
2026-08-06 20:07:44 | [Thread 132993721034432] | [INFO] | [STRESS] | Heartbeat check
2026-08-06 20:07:44 | [Thread 132993721034432] | [ERROR] | [STRESS] | Simulated minor non-fatal log
2026-08-06 20:07:44 | [Thread 132993721034432] | [OPERATION] | [STRESS] | BULK_OP | META
2026-08-06 20:07:44 | [Thread 132993721034432] | [INFO] | [STRESS] | Heartbeat check
2026-08-06 20:07:44 | [Thread 132993721034432] | [ERROR] | [STRESS] | Simulated minor non-fatal log
2026-08-06 20:07:44 | [Thread 132993721034432] | [OPERATION] | [STRESS] | BULK_OP | INTC
2026-08-06 20:07:44 | [Thread 132993721034432] | [INFO] | [STRESS] | Heartbeat check
2026-08-06 20:07:44 | [Thread 132993721034432] | [ERROR] | [STRESS] | Simulated minor non-fatal log
2026-08-06 20:07:44 | [Thread 132993721034432] | [OPERATION] | [STRESS] | BULK_OP | QCOM
2026-08-06 20:07:44 | [Thread 132993721034432] | [INFO] | [STRESS] | Heartbeat check
2026-08-06 20:07:44 | [Thread 132993721034432] | [ERROR] | [STRESS] | Simulated minor non-fatal log
2026-08-06 20:07:44 | [Thread 132993721034432] | [OPERATION] | [STRESS] | BULK_OP | NFLX
2026-08-06 20:07:44 | [Thread 132993721034432] | [INFO] | [STRESS] | Heartbeat check
2026-08-06 20:07:44 | [Thread 132993721034432] | [ERROR] | [STRESS] | Simulated minor non-fatal log
2026-08-06 20:07:44 | [Thread 132993721034432] | [OPERATION] | [STRESS] | BULK_OP | NVDA
2026-08-06 20:07:44 | [Thread 132993721034432] | [INFO] | [STRESS] | Heartbeat check
2026-08-06 20:07:44 | [Thread 132993721034432] | [ERROR] | [STRESS] | Simulated minor non-fatal log
2026-08-06 20:07:44 | [Thread 132993721034432] | [OPERATION] | [STRESS] | BULK_OP | INTC
2026-08-06 20:07:44 | [Thread 132993721034432] | [INFO] | [STRESS] | Heartbeat check
2026-08-06 20:07:44 | [Thread 132993721034432] | [ERROR] | [STRESS] | Simulated minor non-fatal log
2026-08-06 20:07:44 | [Thread 132993721034432] | [OPERATION] | [STRESS] | BULK_OP | NFLX
2026-08-06 20:07:44 | [Thread 132993721034432] | [INFO] | [STRESS] | Heartbeat check
2026-08-06 20:07:44 | [Thread 132993721034432] | [ERROR] | [STRESS] | Simulated minor non-fatal log
2026-08-06 20:07:44 | [Thread 132993721034432] | [OPERATION] | [STRESS] | BULK_OP | AMZN
2026-08-06 20:07:44 | [Thread 132993721034432] | [INFO] | [STRESS] | Heartbeat check
2026-08-06 20:07:44 | [Thread 132993721034432] | [ERROR] | [STRESS] | Simulated minor non-fatal log
2026-08-06 20:07:44 | [Thread 132993721034432] | [OPERATION] | [STRESS] | BULK_OP | NFLX
2026-08-06 20:07:44 | [Thread 132993721034432] | [INFO] | [STRESS] | Heartbeat check
2026-08-06 20:07:44 | [Thread 132993721034432] | [ERROR] | [STRESS] | Simulated minor non-fatal log
2026-08-06 20:07:44 | [Thread 132993721034432] | [OPERATION] | [STRESS] | BULK_OP | NVDA
2026-08-06 20:07:44 | [Thread 132993721034432] | [INFO] | [STRESS] | Heartbeat check
2026-08-06 20:07:44 | [Thread 132993721034432] | [ERROR] | [STRESS] | Simulated minor non-fatal log
2026-08-06 20:07:44 | [Thread 132993721034432] | [OPERATION] | [STRESS] | BULK_OP | TSLA
2026-08-06 20:07:44 | [Thread 132993721034432] | [INFO] | [STRESS] | Heartbeat check
2026-08-06 20:07:44 | [Thread 132993721034432] | [ERROR] | [STRESS] | Simulated minor non-fatal log
2026-08-06 20:07:44 | [Thread 132993721034432] | [OPERATION] | [STRESS] | BULK_OP | AMD
2026-08-06 20:07:44 | [Thread 132993721034432] | [INFO] | [STRESS] | Heartbeat check
2026-08-06 20:07:44 | [Thread 132993704249024] | [ERROR] | [STRESS] | Simulated minor non-fatal log
2026-08-06 20:07:44 | [Thread 132993704249024] | [OPERATION] | [STRESS] | BULK_OP | AMZN
2026-08-06 20:07:44 | [Thread 132993704249024] | [INFO] | [STRESS] | Heartbeat check
2026-08-06 20:07:44 | [Thread 132993704249024] | [ERROR] | [STRESS] | Simulated minor non-fatal log
2026-08-06 20:07:44 | [Thread 132993721034432] | [ERROR] | [STRESS] | Simulated minor non-fatal log
2026-08-06 20:07:44 | [Thread 132993721034432] | [OPERATION] | [STRESS] | BULK_OP | NVDA
2026-08-06 20:07:44 | [Thread 132993687463616] | [ERROR] | [STRESS] | Simulated minor non-fatal log
2026-08-06 20:07:44 | [Thread 132993712641728] | [INFO] | [STRESS] | Heartbeat check
2026-08-06 20:07:44 | [Thread 132993712641728] | [ERROR] | [STRESS] | Simulated minor non-fatal log
2026-08-06 20:07:44 | [Thread 132993712641728] | [OPERATION] | [STRESS] | BULK_OP | NVDA
2026-08-06 20:07:44 | [Thread 132993712641728] | [INFO] | [STRESS] | Heartbeat check
2026-08-06 20:07:44 | [Thread 132993712641728] | [ERROR] | [STRESS] | Simulated minor non-fatal log
2026-08-06 20:07:44 | [Thread 132993712641728] | [OPERATION] | [STRESS] | BULK_OP | ORCL
2026-08-06 20:07:44 | [Thread 132993695856320] | [INFO] | [STRESS] | Heartbeat check
2026-08-06 20:07:44 | [Thread 132993712641728] | [ERROR] | [STRESS] | Simulated minor non-fatal log
2026-08-06 20:07:44 | [Thread 132993947506368] | [INFO] | [STRESS] | Heartbeat check
2026-08-06 20:07:44 | [Thread 132993704249024] | [INFO] | [STRESS] | Heartbeat check
2026-08-06 20:07:44 | [Thread 132993704249024] | [OPERATION] | [STRESS] | BULK_OP | AAPL
2026-08-06 20:07:44 | [Thread 132993947506368] | [ERROR] | [STRESS] | Simulated minor non-fatal log
2026-08-06 20:07:44 | [Thread 132993704249024] | [INFO] | [STRESS] | Heartbeat check
2026-08-06 20:07:44 | [Thread 132993704249024] | [ERROR] | [STRESS] | Simulated minor non-fatal log
2026-08-06 20:07:44 | [Thread 132993712641728] | [ERROR] | [STRESS] | Simulated minor non-fatal log
2026-08-06 20:07:44 | [Thread 132993721034432] | [OPERATION] | [STRESS] | BULK_OP | TXN
2026-08-06 20:07:44 | [Thread 132993721034432] | [ERROR] | [STRESS] | Simulated minor non-fatal log
2026-08-06 20:07:44 | [Thread 132993721034432] | [INFO] | [STRESS] | Heartbeat check
2026-08-06 20:07:44 | [Thread 132993712641728] | [OPERATION] | [STRESS] | BULK_OP | NFLX
2026-08-06 20:07:44 | [Thread 132993721034432] | [ERROR] | [STRESS] | Simulated minor non-fatal log
2026-08-06 20:07:44 | [Thread 132993712641728] | [INFO] | [STRESS] | Heartbeat check
2026-08-06 20:07:44 | [Thread 132993721034432] | [ERROR] | [STRESS] | Simulated minor non-fatal log
2026-08-06 20:07:44 | [Thread 132993712641728] | [ERROR] | [STRESS] | Simulated minor non-fatal log
2026-08-06 20:07:44 | [Thread 132993712641728] | [OPERATION] | [STRESS] | BULK_OP | TXN
2026-08-06 20:07:44 | [Thread 132993712641728] | [ERROR] | [STRESS] | Simulated minor non-fatal log
2026-08-06 20:07:44 | [Thread 132993721034432] | [OPERATION] | [STRESS] | BULK_OP | TSLA
2026-08-06 20:07:44 | [Thread 132993721034432] | [ERROR] | [STRESS] | Simulated minor non-fatal log
2026-08-06 20:07:44 | [Thread 132993712641728] | [INFO] | [STRESS] | Heartbeat check
2026-08-06 20:07:44 | [Thread 132993704249024] | [ERROR] | [STRESS] | Simulated minor non-fatal log
2026-08-06 20:07:44 | [Thread 132993712641728] | [OPERATION] | [STRESS] | BULK_OP | NVDA
2026-08-06 20:07:44 | [Thread 132993695856320] | [INFO] | [STRESS] | Heartbeat check
2026-08-06 20:07:44 | [Thread 132993947506368] | [OPERATION] | [STRESS] | BULK_OP | NVDA
2026-08-06 20:07:44 | [Thread 132993695856320] | [ERROR] | [STRESS] | Simulated minor non-fatal log
2026-08-06 20:07:44 | [Thread 132993695856320] | [OPERATION] | [STRESS] | BULK_OP | AMD
2026-08-06 20:07:44 | [Thread 132993947506368] | [INFO] | [STRESS] | Heartbeat check
2026-08-06 20:07:44 | [Thread 132993695856320] | [OPERATION] | [STRESS] | BULK_OP | NVDA
2026-08-06 20:07:44 | [Thread 132993947506368] | [INFO] | [STRESS] | Heartbeat check
2026-08-06 20:07:44 | [Thread 132993695856320] | [OPERATION] | [STRESS] | BULK_OP | IBM
2026-08-06 20:07:44 | [Thread 132993947506368] | [INFO] | [STRESS] | Heartbeat check
2026-08-06 20:07:44 | [Thread 132993947506368] | [ERROR] | [STRESS] | Simulated minor non-fatal log
2026-08-06 20:07:44 | [Thread 132993947506368] | [OPERATION] | [STRESS] | BULK_OP | INTC
2026-08-06 20:07:44 | [Thread 132993695856320] | [OPERATION] | [STRESS] | BULK_OP | NFLX
2026-08-06 20:07:44 | [Thread 132993687463616] | [OPERATION] | [STRESS] | BULK_OP | AMZN
2026-08-06 20:07:44 | [Thread 132993729427136] | [ERROR] | [STRESS] | Simulated minor non-fatal log
2026-08-06 20:07:44 | [Thread 132993695856320] | [INFO] | [STRESS] | Heartbeat check
2026-08-06 20:07:44 | [Thread 132993729427136] | [OPERATION] | [STRESS] | BULK_OP | GOOGL
2026-08-06 20:07:44 | [Thread 132993729427136] | [ERROR] | [STRESS] | Simulated minor non-fatal log
2026-08-06 20:07:44 | [Thread 132993695856320] | [OPERATION] | [STRESS] | BULK_OP | AAPL
2026-08-06 20:07:44 | [Thread 132993729427136] | [OPERATION] | [STRESS] | BULK_OP | IBM
2026-08-06 20:07:44 | [Thread 132993729427136] | [ERROR] | [STRESS] | Simulated minor non-fatal log
2026-08-06 20:07:44 | [Thread 132993729427136] | [ERROR] | [STRESS] | Simulated minor non-fatal log
2026-08-06 20:07:44 | [Thread 132993729427136] | [ERROR] | [STRESS] | Simulated minor non-fatal log
2026-08-06 20:07:44 | [Thread 132993729427136] | [ERROR] | [STRESS] | Simulated minor non-fatal log
2026-08-06 20:07:44 | [Thread 132993729427136] | [ERROR] | [STRESS] | Simulated minor non-fatal log
2026-08-06 20:07:44 | [Thread 132993729427136] | [ERROR] | [STRESS] | Simulated minor non-fatal log
2026-08-06 20:07:44 | [Thread 132993729427136] | [ERROR] | [STRESS] | Simulated minor non-fatal log
2026-08-06 20:07:44 | [Thread 132993729427136] | [ERROR] | [STRESS] | Simulated minor non-fatal log
2026-08-06 20:07:44 | [Thread 132993729427136] | [INFO] | [STRESS] | Heartbeat check
2026-08-06 20:07:44 | [Thread 132993712641728] | [OPERATION] | [STRESS] | BULK_OP | TSLA
2026-08-06 20:07:44 | [Thread 132993704249024] | [ERROR] | [STRESS] | Simulated minor non-fatal log
2026-08-06 20:07:44 | [Thread 132993704249024] | [OPERATION] | [STRESS] | BULK_OP | MSFT
2026-08-06 20:07:44 | [Thread 132993704249024] | [INFO] | [STRESS] | Heartbeat check
2026-08-06 20:07:44 | [Thread 132993704249024] | [ERROR] | [STRESS] | Simulated minor non-fatal log
2026-08-06 20:07:44 | [Thread 132993729427136] | [OPERATION] | [STRESS] | BULK_OP | AMD
2026-08-06 20:07:44 | [Thread 132993704249024] | [INFO] | [STRESS] | Heartbeat check
2026-08-06 20:07:44 | [Thread 132993947506368] | [OPERATION] | [STRESS] | BULK_OP | INTC
2026-08-06 20:07:44 | [Thread 132993947506368] | [ERROR] | [STRESS] | Simulated minor non-fatal log
2026-08-06 20:07:44 | [Thread 132993947506368] | [OPERATION] | [STRESS] | BULK_OP | NVDA
2026-08-06 20:07:44 | [Thread 132993947506368] | [INFO] | [STRESS] | Heartbeat check
2026-08-06 20:07:44 | [Thread 132993947506368] | [ERROR] | [STRESS] | Simulated minor non-fatal log
2026-08-06 20:07:44 | [Thread 132993947506368] | [OPERATION] | [STRESS] | BULK_OP | TXN
2026-08-06 20:07:44 | [Thread 132993947506368] | [INFO] | [STRESS] | Heartbeat check
2026-08-06 20:07:44 | [Thread 132993947506368] | [ERROR] | [STRESS] | Simulated minor non-fatal log
2026-08-06 20:07:44 | [Thread 132993947506368] | [OPERATION] | [STRESS] | BULK_OP | TSLA
2026-08-06 20:07:44 | [Thread 132993947506368] | [INFO] | [STRESS] | Heartbeat check
2026-08-06 20:07:44 | [Thread 132993947506368] | [ERROR] | [STRESS] | Simulated minor non-fatal log
2026-08-06 20:07:44 | [Thread 132993947506368] | [OPERATION] | [STRESS] | BULK_OP | INTC
2026-08-06 20:07:44 | [Thread 132993947506368] | [INFO] | [STRESS] | Heartbeat check
2026-08-06 20:07:44 | [Thread 132993947506368] | [ERROR] | [STRESS] | Simulated minor non-fatal log
2026-08-06 20:07:44 | [Thread 132993947506368] | [OPERATION] | [STRESS] | BULK_OP | INTC
2026-08-06 20:07:44 | [Thread 132993947506368] | [INFO] | [STRESS] | Heartbeat check
2026-08-06 20:07:44 | [Thread 132993947506368] | [ERROR] | [STRESS] | Simulated minor non-fatal log
2026-08-06 20:07:44 | [Thread 132993947506368] | [OPERATION] | [STRESS] | BULK_OP | AAPL
2026-08-06 20:07:44 | [Thread 132993947506368] | [INFO] | [STRESS] | Heartbeat check
2026-08-06 20:07:44 | [Thread 132993947506368] | [ERROR] | [STRESS] | Simulated minor non-fatal log
2026-08-06 20:07:44 | [Thread 132993947506368] | [OPERATION] | [STRESS] | BULK_OP | AMZN
2026-08-06 20:07:44 | [Thread 132993947506368] | [INFO] | [STRESS] | Heartbeat check
2026-08-06 20:07:44 | [Thread 132993947506368] | [ERROR] | [STRESS] | Simulated minor non-fatal log
2026-08-06 20:07:44 | [Thread 132993947506368] | [OPERATION] | [STRESS] | BULK_OP | TXN
2026-08-06 20:07:44 | [Thread 132993947506368] | [INFO] | [STRESS] | Heartbeat check
2026-08-06 20:07:44 | [Thread 132993947506368] | [ERROR] | [STRESS] | Simulated minor non-fatal log
2026-08-06 20:07:44 | [Thread 132993947506368] | [OPERATION] | [STRESS] | BULK_OP | TXN
2026-08-06 20:07:44 | [Thread 132993947506368] | [ERROR] | [STRESS] | Simulated minor non-fatal log
2026-08-06 20:07:44 | [Thread 132993947506368] | [ERROR] | [STRESS] | Simulated minor non-fatal log
2026-08-06 20:07:44 | [Thread 132993947506368] | [OPERATION] | [STRESS] | BULK_OP | ORCL
2026-08-06 20:07:44 | [Thread 132993947506368] | [OPERATION] | [STRESS] | BULK_OP | NFLX
2026-08-06 20:07:44 | [Thread 132993947506368] | [OPERATION] | [STRESS] | BULK_OP | AAPL
2026-08-06 20:07:44 | [Thread 132993729427136] | [INFO] | [STRESS] | Heartbeat check
2026-08-06 20:07:44 | [Thread 132993704249024] | [OPERATION] | [STRESS] | BULK_OP | TSLA
2026-08-06 20:07:44 | [Thread 132993712641728] | [ERROR] | [STRESS] | Simulated minor non-fatal log
2026-08-06 20:07:44 | [Thread 132993712641728] | [INFO] | [STRESS] | Heartbeat check
2026-08-06 20:07:44 | [Thread 132993704249024] | [OPERATION] | [STRESS] | BULK_OP | GOOGL
2026-08-06 20:07:44 | [Thread 132993704249024] | [ERROR] | [STRESS] | Simulated minor non-fatal log
2026-08-06 20:07:44 | [Thread 132993712641728] | [OPERATION] | [STRESS] | BULK_OP | AMD
2026-08-06 20:07:44 | [Thread 132993712641728] | [INFO] | [STRESS] | Heartbeat check
2026-08-06 20:07:44 | [Thread 132993704249024] | [OPERATION] | [STRESS] | BULK_OP | NVDA
2026-08-06 20:07:44 | [Thread 132993712641728] | [INFO] | [STRESS] | Heartbeat check
2026-08-06 20:07:44 | [Thread 132993704249024] | [OPERATION] | [STRESS] | BULK_OP | ORCL
2026-08-06 20:07:44 | [Thread 132993704249024] | [ERROR] | [STRESS] | Simulated minor non-fatal log
2026-08-06 20:07:44 | [Thread 132993704249024] | [OPERATION] | [STRESS] | BULK_OP | NFLX
2026-08-06 20:07:44 | [Thread 132993721034432] | [OPERATION] | [STRESS] | BULK_OP | IBM
2026-08-06 20:07:44 | [Thread 132993721034432] | [INFO] | [STRESS] | Heartbeat check
2026-08-06 20:07:44 | [Thread 132993729427136] | [ERROR] | [STRESS] | Simulated minor non-fatal log
2026-08-06 20:07:44 | [Thread 132993729427136] | [INFO] | [STRESS] | Heartbeat check
2026-08-06 20:07:44 | [Thread 132993947506368] | [INFO] | [STRESS] | Heartbeat check
2026-08-06 20:07:44 | [Thread 132993712641728] | [ERROR] | [STRESS] | Simulated minor non-fatal log
2026-08-06 20:07:44 | [Thread 132993712641728] | [OPERATION] | [STRESS] | BULK_OP | QCOM
2026-08-06 20:07:44 | [Thread 132993721034432] | [INFO] | [STRESS] | Heartbeat check
2026-08-06 20:07:44 | [Thread 132993721034432] | [OPERATION] | [STRESS] | BULK_OP | AMZN
2026-08-06 20:07:44 | [Thread 132993721034432] | [INFO] | [STRESS] | Heartbeat check
2026-08-06 20:07:44 | [Thread 132993721034432] | [ERROR] | [STRESS] | Simulated minor non-fatal log
2026-08-06 20:07:44 | [Thread 132993721034432] | [INFO] | [STRESS] | Heartbeat check
2026-08-06 20:07:44 | [Thread 132993721034432] | [OPERATION] | [STRESS] | BULK_OP | TSLA
2026-08-06 20:07:44 | [Thread 132993721034432] | [ERROR] | [STRESS] | Simulated minor non-fatal log
2026-08-06 20:07:44 | [Thread 132993721034432] | [ERROR] | [STRESS] | Simulated minor non-fatal log
2026-08-06 20:07:44 | [Thread 132993712641728] | [OPERATION] | [STRESS] | BULK_OP | AMD
2026-08-06 20:07:44 | [Thread 132993712641728] | [OPERATION] | [STRESS] | BULK_OP | TSLA
2026-08-06 20:07:44 | [Thread 132993687463616] | [OPERATION] | [STRESS] | BULK_OP | MSFT
2026-08-06 20:07:44 | [Thread 132993687463616] | [OPERATION] | [STRESS] | BULK_OP | QCOM
2026-08-06 20:07:44 | [Thread 132993687463616] | [OPERATION] | [STRESS] | BULK_OP | AMZN
2026-08-06 20:07:44 | [Thread 132993687463616] | [ERROR] | [STRESS] | Simulated minor non-fatal log
2026-08-06 20:07:44 | [Thread 132993687463616] | [INFO] | [STRESS] | Heartbeat check
2026-08-06 20:07:44 | [Thread 132993687463616] | [OPERATION] | [STRESS] | BULK_OP | META
2026-08-06 20:07:44 | [Thread 132993687463616] | [OPERATION] | [STRESS] | BULK_OP | AAPL
2026-08-06 20:07:44 | [Thread 132993687463616] | [INFO] | [STRESS] | Heartbeat check
2026-08-06 20:07:44 | [Thread 132993687463616] | [INFO] | [STRESS] | Heartbeat check
2026-08-06 20:07:44 | [Thread 132993687463616] | [INFO] | [STRESS] | Heartbeat check
2026-08-06 20:07:44 | [Thread 132993687463616] | [INFO] | [STRESS] | Heartbeat check
2026-08-06 20:07:44 | [Thread 132993687463616] | [INFO] | [STRESS] | Heartbeat check
2026-08-06 20:07:44 | [Thread 132993687463616] | [OPERATION] | [STRESS] | BULK_OP | IBM
2026-08-06 20:07:44 | [Thread 132993687463616] | [OPERATION] | [STRESS] | BULK_OP | IBM
2026-08-06 20:07:44 | [Thread 132993704249024] | [ERROR] | [STRESS] | Simulated minor non-fatal log
2026-08-06 20:07:44 | [Thread 132993729427136] | [ERROR] | [STRESS] | Simulated minor non-fatal log
2026-08-06 20:07:44 | [Thread 132993729427136] | [INFO] | [STRESS] | Heartbeat check
2026-08-06 20:07:44 | [Thread 132993712641728] | [ERROR] | [STRESS] | Simulated minor non-fatal log
2026-08-06 20:07:44 | [Thread 132993729427136] | [OPERATION] | [STRESS] | BULK_OP | MSFT
2026-08-06 20:07:44 | [Thread 132993729427136] | [OPERATION] | [STRESS] | BULK_OP | TSLA
2026-08-06 20:07:44 | [Thread 132993729427136] | [OPERATION] | [STRESS] | BULK_OP | AMD
2026-08-06 20:07:44 | [Thread 132993729427136] | [ERROR] | [STRESS] | Simulated minor non-fatal log
2026-08-06 20:07:44 | [Thread 132993695856320] | [ERROR] | [STRESS] | Simulated minor non-fatal log
2026-08-06 20:07:44 | [Thread 132993695856320] | [ERROR] | [STRESS] | Simulated minor non-fatal log
2026-08-06 20:07:44 | [Thread 132993695856320] | [ERROR] | [STRESS] | Simulated minor non-fatal log
2026-08-06 20:07:44 | [Thread 132993695856320] | [INFO] | [STRESS] | Heartbeat check
2026-08-06 20:07:44 | [Thread 132993695856320] | [INFO] | [STRESS] | Heartbeat check
2026-08-06 20:07:44 | [Thread 132993695856320] | [OPERATION] | [STRESS] | BULK_OP | ORCL
2026-08-06 20:07:44 | [Thread 132993695856320] | [INFO] | [STRESS] | Heartbeat check
2026-08-06 20:07:44 | [Thread 132993695856320] | [OPERATION] | [STRESS] | BULK_OP | NFLX
2026-08-06 20:07:44 | [Thread 132993695856320] | [INFO] | [STRESS] | Heartbeat check
2026-08-06 20:07:44 | [Thread 132993712641728] | [OPERATION] | [STRESS] | BULK_OP | META
2026-08-06 20:07:44 | [Thread 132993712641728] | [ERROR] | [STRESS] | Simulated minor non-fatal log
2026-08-06 20:07:44 | [Thread 132993687463616] | [INFO] | [STRESS] | Heartbeat check
2026-08-06 20:07:44 | [Thread 132993687463616] | [INFO] | [STRESS] | Heartbeat check
2026-08-06 20:07:44 | [Thread 132993687463616] | [OPERATION] | [STRESS] | BULK_OP | AMD
2026-08-06 20:07:44 | [Thread 132993687463616] | [OPERATION] | [STRESS] | BULK_OP | META
2026-08-06 20:07:44 | [Thread 132993687463616] | [ERROR] | [STRESS] | Simulated minor non-fatal log
2026-08-06 20:07:44 | [Thread 132993687463616] | [ERROR] | [STRESS] | Simulated minor non-fatal log
2026-08-06 20:07:44 | [Thread 132993687463616] | [ERROR] | [STRESS] | Simulated minor non-fatal log
2026-08-06 20:07:44 | [Thread 132993687463616] | [ERROR] | [STRESS] | Simulated minor non-fatal log
2026-08-06 20:07:44 | [Thread 132993729427136] | [ERROR] | [STRESS] | Simulated minor non-fatal log
2026-08-06 20:07:44 | [Thread 132993947506368] | [ERROR] | [STRESS] | Simulated minor non-fatal log
2026-08-06 20:07:44 | [Thread 132993947506368] | [INFO] | [STRESS] | Heartbeat check
2026-08-06 20:07:44 | [Thread 132993947506368] | [INFO] | [STRESS] | Heartbeat check
2026-08-06 20:07:44 | [Thread 132993704249024] | [OPERATION] | [STRESS] | BULK_OP | META
2026-08-06 20:07:44 | [Thread 132993704249024] | [INFO] | [STRESS] | Heartbeat check
2026-08-06 20:07:44 | [Thread 132993704249024] | [ERROR] | [STRESS] | Simulated minor non-fatal log
2026-08-06 20:07:44 | [Thread 132993704249024] | [ERROR] | [STRESS] | Simulated minor non-fatal log
2026-08-06 20:07:44 | [Thread 132993704249024] | [ERROR] | [STRESS] | Simulated minor non-fatal log
2026-08-06 20:07:44 | [Thread 132993704249024] | [ERROR] | [STRESS] | Simulated minor non-fatal log
2026-08-06 20:07:44 | [Thread 132993704249024] | [ERROR] | [STRESS] | Simulated minor non-fatal log
2026-08-06 20:07:44 | [Thread 132993704249024] | [ERROR] | [STRESS] | Simulated minor non-fatal log
2026-08-06 20:07:44 | [Thread 132993704249024] | [OPERATION] | [STRESS] | BULK_OP | ORCL
2026-08-06 20:07:44 | [Thread 132993704249024] | [ERROR] | [STRESS] | Simulated minor non-fatal log
2026-08-06 20:07:44 | [Thread 132993704249024] | [ERROR] | [STRESS] | Simulated minor non-fatal log
2026-08-06 20:07:44 | [Thread 132993704249024] | [OPERATION] | [STRESS] | BULK_OP | IBM
2026-08-06 20:07:44 | [Thread 132993712641728] | [INFO] | [STRESS] | Heartbeat check
2026-08-06 20:07:44 | [Thread 132993712641728] | [INFO] | [STRESS] | Heartbeat check
2026-08-06 20:07:44 | [Thread 132993712641728] | [ERROR] | [STRESS] | Simulated minor non-fatal log
2026-08-06 20:07:44 | [Thread 132993712641728] | [OPERATION] | [STRESS] | BULK_OP | AAPL
2026-08-06 20:07:44 | [Thread 132993704249024] | [OPERATION] | [STRESS] | BULK_OP | NVDA
2026-08-06 20:07:44 | [Thread 132993704249024] | [INFO] | [STRESS] | Heartbeat check
2026-08-06 20:07:44 | [Thread 132993704249024] | [ERROR] | [STRESS] | Simulated minor non-fatal log
2026-08-06 20:07:44 | [Thread 132993704249024] | [OPERATION] | [STRESS] | BULK_OP | IBM
2026-08-06 20:07:44 | [Thread 132993704249024] | [INFO] | [STRESS] | Heartbeat check
2026-08-06 20:07:44 | [Thread 132993704249024] | [ERROR] | [STRESS] | Simulated minor non-fatal log
2026-08-06 20:07:44 | [Thread 132993704249024] | [OPERATION] | [STRESS] | BULK_OP | NVDA
2026-08-06 20:07:44 | [Thread 132993704249024] | [INFO] | [STRESS] | Heartbeat check
2026-08-06 20:07:44 | [Thread 132993704249024] | [ERROR] | [STRESS] | Simulated minor non-fatal log
2026-08-06 20:07:44 | [Thread 132993704249024] | [OPERATION] | [STRESS] | BULK_OP | QCOM
2026-08-06 20:07:44 | [Thread 132993704249024] | [INFO] | [STRESS] | Heartbeat check
2026-08-06 20:07:44 | [Thread 132993947506368] | [ERROR] | [STRESS] | Simulated minor non-fatal log
2026-08-06 20:07:44 | [Thread 132993947506368] | [OPERATION] | [STRESS] | BULK_OP | ORCL
2026-08-06 20:07:44 | [Thread 132993947506368] | [INFO] | [STRESS] | Heartbeat check
2026-08-06 20:07:44 | [Thread 132993947506368] | [ERROR] | [STRESS] | Simulated minor non-fatal log
2026-08-06 20:07:44 | [Thread 132993947506368] | [OPERATION] | [STRESS] | BULK_OP | IBM
2026-08-06 20:07:44 | [Thread 132993947506368] | [INFO] | [STRESS] | Heartbeat check
2026-08-06 20:07:44 | [Thread 132993947506368] | [ERROR] | [STRESS] | Simulated minor non-fatal log
2026-08-06 20:07:44 | [Thread 132993947506368] | [OPERATION] | [STRESS] | BULK_OP | GOOGL
2026-08-06 20:07:44 | [Thread 132993947506368] | [INFO] | [STRESS] | Heartbeat check
2026-08-06 20:07:44 | [Thread 132993947506368] | [ERROR] | [STRESS] | Simulated minor non-fatal log
2026-08-06 20:07:44 | [Thread 132993947506368] | [OPERATION] | [STRESS] | BULK_OP | QCOM
2026-08-06 20:07:44 | [Thread 132993947506368] | [INFO] | [STRESS] | Heartbeat check
2026-08-06 20:07:44 | [Thread 132993947506368] | [ERROR] | [STRESS] | Simulated minor non-fatal log
2026-08-06 20:07:44 | [Thread 132993947506368] | [OPERATION] | [STRESS] | BULK_OP | META
2026-08-06 20:07:44 | [Thread 132993947506368] | [INFO] | [STRESS] | Heartbeat check
2026-08-06 20:07:44 | [Thread 132993947506368] | [ERROR] | [STRESS] | Simulated minor non-fatal log
2026-08-06 20:07:44 | [Thread 132993947506368] | [OPERATION] | [STRESS] | BULK_OP | QCOM
2026-08-06 20:07:44 | [Thread 132993947506368] | [INFO] | [STRESS] | Heartbeat check
2026-08-06 20:07:44 | [Thread 132993947506368] | [ERROR] | [STRESS] | Simulated minor non-fatal log
2026-08-06 20:07:44 | [Thread 132993947506368] | [OPERATION] | [STRESS] | BULK_OP | AMZN
2026-08-06 20:07:44 | [Thread 132993947506368] | [INFO] | [STRESS] | Heartbeat check
2026-08-06 20:07:44 | [Thread 132993947506368] | [ERROR] | [STRESS] | Simulated minor non-fatal log
2026-08-06 20:07:44 | [Thread 132993947506368] | [OPERATION] | [STRESS] | BULK_OP | TSLA
2026-08-06 20:07:44 | [Thread 132993947506368] | [INFO] | [STRESS] | Heartbeat check
2026-08-06 20:07:44 | [Thread 132993947506368] | [ERROR] | [STRESS] | Simulated minor non-fatal log
2026-08-06 20:07:44 | [Thread 132993947506368] | [OPERATION] | [STRESS] | BULK_OP | AAPL
2026-08-06 20:07:44 | [Thread 132993947506368] | [INFO] | [STRESS] | Heartbeat check
2026-08-06 20:07:44 | [Thread 132993947506368] | [ERROR] | [STRESS] | Simulated minor non-fatal log
2026-08-06 20:07:44 | [Thread 132993947506368] | [OPERATION] | [STRESS] | BULK_OP | QCOM
2026-08-06 20:07:44 | [Thread 132993947506368] | [INFO] | [STRESS] | Heartbeat check
2026-08-06 20:07:44 | [Thread 132993947506368] | [ERROR] | [STRESS] | Simulated minor non-fatal log
2026-08-06 20:07:44 | [Thread 132993947506368] | [OPERATION] | [STRESS] | BULK_OP | TSLA
2026-08-06 20:07:44 | [Thread 132993947506368] | [ERROR] | [STRESS] | Simulated minor non-fatal log
2026-08-06 20:07:44 | [Thread 132993947506368] | [INFO] | [STRESS] | Heartbeat check
2026-08-06 20:07:44 | [Thread 132993947506368] | [INFO] | [STRESS] | Heartbeat check
2026-08-06 20:07:44 | [Thread 132993947506368] | [INFO] | [STRESS] | Heartbeat check
2026-08-06 20:07:44 | [Thread 132993947506368] | [OPERATION] | [STRESS] | BULK_OP | INTC
2026-08-06 20:07:44 | [Thread 132993947506368] | [ERROR] | [STRESS] | Simulated minor non-fatal log
2026-08-06 20:07:44 | [Thread 132993947506368] | [ERROR] | [STRESS] | Simulated minor non-fatal log
2026-08-06 20:07:44 | [Thread 132993947506368] | [ERROR] | [STRESS] | Simulated minor non-fatal log
2026-08-06 20:07:44 | [Thread 132993947506368] | [ERROR] | [STRESS] | Simulated minor non-fatal log
2026-08-06 20:07:44 | [Thread 132993947506368] | [INFO] | [STRESS] | Heartbeat check
2026-08-06 20:07:44 | [Thread 132993947506368] | [INFO] | [STRESS] | Heartbeat check
2026-08-06 20:07:44 | [Thread 132993947506368] | [INFO] | [STRESS] | Heartbeat check
2026-08-06 20:07:44 | [Thread 132993947506368] | [OPERATION] | [STRESS] | BULK_OP | AAPL
2026-08-06 20:07:44 | [Thread 132993947506368] | [OPERATION] | [STRESS] | BULK_OP | GOOGL
2026-08-06 20:07:44 | [Thread 132993947506368] | [OPERATION] | [STRESS] | BULK_OP | META
2026-08-06 20:07:44 | [Thread 132993947506368] | [OPERATION] | [STRESS] | BULK_OP | AAPL
2026-08-06 20:07:44 | [Thread 132993947506368] | [OPERATION] | [STRESS] | BULK_OP | NVDA
2026-08-06 20:07:44 | [Thread 132993947506368] | [OPERATION] | [STRESS] | BULK_OP | IBM
2026-08-06 20:07:44 | [Thread 132993947506368] | [ERROR] | [STRESS] | Simulated minor non-fatal log
2026-08-06 20:07:44 | [Thread 132993695856320] | [OPERATION] | [STRESS] | BULK_OP | AMZN
2026-08-06 20:07:44 | [Thread 132993695856320] | [INFO] | [STRESS] | Heartbeat check
2026-08-06 20:07:44 | [Thread 132993695856320] | [ERROR] | [STRESS] | Simulated minor non-fatal log
2026-08-06 20:07:44 | [Thread 132993695856320] | [OPERATION] | [STRESS] | BULK_OP | IBM
2026-08-06 20:07:44 | [Thread 132993695856320] | [INFO] | [STRESS] | Heartbeat check
2026-08-06 20:07:44 | [Thread 132993704249024] | [ERROR] | [STRESS] | Simulated minor non-fatal log
2026-08-06 20:07:44 | [Thread 132993704249024] | [OPERATION] | [STRESS] | BULK_OP | QCOM
2026-08-06 20:07:44 | [Thread 132993687463616] | [INFO] | [STRESS] | Heartbeat check
2026-08-06 20:07:44 | [Thread 132993721034432] | [ERROR] | [STRESS] | Simulated minor non-fatal log
2026-08-06 20:07:44 | [Thread 132994375345856] | [INFO] | [CACHE] | CACHE_SAVED
2026-08-06 20:07:44 | [Thread 132993712641728] | [ERROR] | [STRESS] | Simulated minor non-fatal log
2026-08-06 20:07:44 | [Thread 132993712641728] | [OPERATION] | [STRESS] | BULK_OP | IBM
2026-08-06 20:07:44 | [Thread 132993721034432] | [ERROR] | [STRESS] | Simulated minor non-fatal log
2026-08-06 20:07:44 | [Thread 132993712641728] | [INFO] | [STRESS] | Heartbeat check
2026-08-06 20:07:44 | [Thread 132993712641728] | [OPERATION] | [STRESS] | BULK_OP | INTC
2026-08-06 20:07:44 | [Thread 132993695856320] | [ERROR] | [STRESS] | Simulated minor non-fatal log
2026-08-06 20:07:44 | [Thread 132993712641728] | [INFO] | [STRESS] | Heartbeat check
2026-08-06 20:07:44 | [Thread 132993695856320] | [ERROR] | [STRESS] | Simulated minor non-fatal log
2026-08-06 20:07:44 | [Thread 132993712641728] | [OPERATION] | [STRESS] | BULK_OP | NFLX
2026-08-06 20:07:44 | [Thread 132993695856320] | [INFO] | [STRESS] | Heartbeat check
2026-08-06 20:07:44 | [Thread 132993695856320] | [OPERATION] | [STRESS] | BULK_OP | MSFT
2026-08-06 20:07:44 | [Thread 132993712641728] | [ERROR] | [STRESS] | Simulated minor non-fatal log
2026-08-06 20:07:44 | [Thread 132993695856320] | [INFO] | [STRESS] | Heartbeat check
2026-08-06 20:07:44 | [Thread 132993704249024] | [OPERATION] | [STRESS] | BULK_OP | MSFT
2026-08-06 20:07:44 | [Thread 132993704249024] | [ERROR] | [STRESS] | Simulated minor non-fatal log
2026-08-06 20:07:44 | [Thread 132993704249024] | [OPERATION] | [STRESS] | BULK_OP | CSCO
2026-08-06 20:07:44 | [Thread 132993695856320] | [OPERATION] | [STRESS] | BULK_OP | INTC
2026-08-06 20:07:44 | [Thread 132993687463616] | [ERROR] | [STRESS] | Simulated minor non-fatal log
2026-08-06 20:07:44 | [Thread 132993729427136] | [ERROR] | [STRESS] | Simulated minor non-fatal log
2026-08-06 20:07:44 | [Thread 132993695856320] | [INFO] | [STRESS] | Heartbeat check
2026-08-06 20:07:44 | [Thread 132993695856320] | [ERROR] | [STRESS] | Simulated minor non-fatal log
2026-08-06 20:07:44 | [Thread 132993704249024] | [OPERATION] | [STRESS] | BULK_OP | GOOGL
2026-08-06 20:07:44 | [Thread 132993704249024] | [INFO] | [STRESS] | Heartbeat check
2026-08-06 20:07:44 | [Thread 132993704249024] | [ERROR] | [STRESS] | Simulated minor non-fatal log
2026-08-06 20:07:44 | [Thread 132993704249024] | [OPERATION] | [STRESS] | BULK_OP | AAPL
2026-08-06 20:07:44 | [Thread 132993704249024] | [INFO] | [STRESS] | Heartbeat check
2026-08-06 20:07:44 | [Thread 132993704249024] | [ERROR] | [STRESS] | Simulated minor non-fatal log
2026-08-06 20:07:44 | [Thread 132993704249024] | [OPERATION] | [STRESS] | BULK_OP | IBM
2026-08-06 20:07:44 | [Thread 132993704249024] | [INFO] | [STRESS] | Heartbeat check
2026-08-06 20:07:44 | [Thread 132993704249024] | [ERROR] | [STRESS] | Simulated minor non-fatal log
2026-08-06 20:07:44 | [Thread 132993704249024] | [OPERATION] | [STRESS] | BULK_OP | MSFT
2026-08-06 20:07:44 | [Thread 132993704249024] | [INFO] | [STRESS] | Heartbeat check
2026-08-06 20:07:44 | [Thread 132993704249024] | [ERROR] | [STRESS] | Simulated minor non-fatal log
2026-08-06 20:07:44 | [Thread 132993704249024] | [OPERATION] | [STRESS] | BULK_OP | AMD
2026-08-06 20:07:44 | [Thread 132993704249024] | [INFO] | [STRESS] | Heartbeat check
2026-08-06 20:07:44 | [Thread 132993704249024] | [ERROR] | [STRESS] | Simulated minor non-fatal log
2026-08-06 20:07:44 | [Thread 132993704249024] | [OPERATION] | [STRESS] | BULK_OP | AAPL
2026-08-06 20:07:44 | [Thread 132993704249024] | [INFO] | [STRESS] | Heartbeat check
2026-08-06 20:07:44 | [Thread 132993704249024] | [ERROR] | [STRESS] | Simulated minor non-fatal log
2026-08-06 20:07:44 | [Thread 132993704249024] | [OPERATION] | [STRESS] | BULK_OP | GOOGL
2026-08-06 20:07:44 | [Thread 132993704249024] | [INFO] | [STRESS] | Heartbeat check
2026-08-06 20:07:44 | [Thread 132993704249024] | [ERROR] | [STRESS] | Simulated minor non-fatal log
2026-08-06 20:07:44 | [Thread 132993704249024] | [OPERATION] | [STRESS] | BULK_OP | MSFT
2026-08-06 20:07:44 | [Thread 132993704249024] | [INFO] | [STRESS] | Heartbeat check
2026-08-06 20:07:44 | [Thread 132993704249024] | [ERROR] | [STRESS] | Simulated minor non-fatal log
2026-08-06 20:07:44 | [Thread 132993704249024] | [OPERATION] | [STRESS] | BULK_OP | NVDA
2026-08-06 20:07:44 | [Thread 132993704249024] | [INFO] | [STRESS] | Heartbeat check
2026-08-06 20:07:44 | [Thread 132993704249024] | [ERROR] | [STRESS] | Simulated minor non-fatal log
2026-08-06 20:07:44 | [Thread 132993704249024] | [OPERATION] | [STRESS] | BULK_OP | TXN
2026-08-06 20:07:44 | [Thread 132993704249024] | [INFO] | [STRESS] | Heartbeat check
2026-08-06 20:07:44 | [Thread 132993704249024] | [ERROR] | [STRESS] | Simulated minor non-fatal log
2026-08-06 20:07:44 | [Thread 132993704249024] | [OPERATION] | [STRESS] | BULK_OP | NVDA
2026-08-06 20:07:44 | [Thread 132993704249024] | [INFO] | [STRESS] | Heartbeat check
2026-08-06 20:07:44 | [Thread 132993704249024] | [ERROR] | [STRESS] | Simulated minor non-fatal log
2026-08-06 20:07:44 | [Thread 132993704249024] | [OPERATION] | [STRESS] | BULK_OP | CSCO
2026-08-06 20:07:44 | [Thread 132993704249024] | [INFO] | [STRESS] | Heartbeat check
2026-08-06 20:07:44 | [Thread 132993704249024] | [ERROR] | [STRESS] | Simulated minor non-fatal log
2026-08-06 20:07:44 | [Thread 132993704249024] | [OPERATION] | [STRESS] | BULK_OP | AMD
2026-08-06 20:07:44 | [Thread 132993704249024] | [INFO] | [STRESS] | Heartbeat check
2026-08-06 20:07:44 | [Thread 132993704249024] | [ERROR] | [STRESS] | Simulated minor non-fatal log
2026-08-06 20:07:44 | [Thread 132993704249024] | [OPERATION] | [STRESS] | BULK_OP | TSLA
2026-08-06 20:07:44 | [Thread 132993704249024] | [INFO] | [STRESS] | Heartbeat check
2026-08-06 20:07:44 | [Thread 132993704249024] | [ERROR] | [STRESS] | Simulated minor non-fatal log
2026-08-06 20:07:44 | [Thread 132993704249024] | [OPERATION] | [STRESS] | BULK_OP | META
2026-08-06 20:07:44 | [Thread 132993704249024] | [OPERATION] | [STRESS] | BULK_OP | AMD
2026-08-06 20:07:44 | [Thread 132993704249024] | [ERROR] | [STRESS] | Simulated minor non-fatal log
2026-08-06 20:07:44 | [Thread 132993704249024] | [INFO] | [STRESS] | Heartbeat check
2026-08-06 20:07:44 | [Thread 132993704249024] | [INFO] | [STRESS] | Heartbeat check
2026-08-06 20:07:44 | [Thread 132993704249024] | [INFO] | [STRESS] | Heartbeat check
2026-08-06 20:07:44 | [Thread 132993712641728] | [ERROR] | [STRESS] | Simulated minor non-fatal log
2026-08-06 20:07:44 | [Thread 132993712641728] | [ERROR] | [STRESS] | Simulated minor non-fatal log
2026-08-06 20:07:44 | [Thread 132993712641728] | [ERROR] | [STRESS] | Simulated minor non-fatal log
2026-08-06 20:07:44 | [Thread 132993712641728] | [OPERATION] | [STRESS] | BULK_OP | AMD
2026-08-06 20:07:44 | [Thread 132993712641728] | [OPERATION] | [STRESS] | BULK_OP | MSFT
2026-08-06 20:07:44 | [Thread 132993712641728] | [OPERATION] | [STRESS] | BULK_OP | IBM
2026-08-06 20:07:44 | [Thread 132993712641728] | [ERROR] | [STRESS] | Simulated minor non-fatal log
2026-08-06 20:07:44 | [Thread 132993712641728] | [INFO] | [STRESS] | Heartbeat check
2026-08-06 20:07:44 | [Thread 132993712641728] | [INFO] | [STRESS] | Heartbeat check
2026-08-06 20:07:44 | [Thread 132993687463616] | [OPERATION] | [STRESS] | BULK_OP | GOOGL
2026-08-06 20:07:44 | [Thread 132993687463616] | [ERROR] | [STRESS] | Simulated minor non-fatal log
2026-08-06 20:07:44 | [Thread 132993729427136] | [OPERATION] | [STRESS] | BULK_OP | AMD
2026-08-06 20:07:44 | [Thread 132993729427136] | [INFO] | [STRESS] | Heartbeat check
2026-08-06 20:07:44 | [Thread 132993729427136] | [OPERATION] | [STRESS] | BULK_OP | INTC
2026-08-06 20:07:44 | [Thread 132993729427136] | [ERROR] | [STRESS] | Simulated minor non-fatal log
2026-08-06 20:07:44 | [Thread 132993729427136] | [INFO] | [STRESS] | Heartbeat check
2026-08-06 20:07:44 | [Thread 132993721034432] | [OPERATION] | [STRESS] | BULK_OP | NVDA
2026-08-06 20:07:44 | [Thread 132993721034432] | [INFO] | [STRESS] | Heartbeat check
2026-08-06 20:07:44 | [Thread 132993721034432] | [ERROR] | [STRESS] | Simulated minor non-fatal log
2026-08-06 20:07:44 | [Thread 132993721034432] | [OPERATION] | [STRESS] | BULK_OP | INTC
2026-08-06 20:07:44 | [Thread 132993721034432] | [OPERATION] | [STRESS] | BULK_OP | CSCO
2026-08-06 20:07:44 | [Thread 132993721034432] | [INFO] | [STRESS] | Heartbeat check
2026-08-06 20:07:44 | [Thread 132993721034432] | [ERROR] | [STRESS] | Simulated minor non-fatal log
2026-08-06 20:07:44 | [Thread 132993721034432] | [OPERATION] | [STRESS] | BULK_OP | NFLX
2026-08-06 20:07:44 | [Thread 132993721034432] | [INFO] | [STRESS] | Heartbeat check
2026-08-06 20:07:44 | [Thread 132993721034432] | [ERROR] | [STRESS] | Simulated minor non-fatal log
2026-08-06 20:07:44 | [Thread 132993721034432] | [ERROR] | [STRESS] | Simulated minor non-fatal log
2026-08-06 20:07:44 | [Thread 132993721034432] | [ERROR] | [STRESS] | Simulated minor non-fatal log
2026-08-06 20:07:44 | [Thread 132993721034432] | [ERROR] | [STRESS] | Simulated minor non-fatal log
2026-08-06 20:07:44 | [Thread 132993721034432] | [OPERATION] | [STRESS] | BULK_OP | AMD
2026-08-06 20:07:44 | [Thread 132993721034432] | [INFO] | [STRESS] | Heartbeat check
2026-08-06 20:07:44 | [Thread 132993721034432] | [INFO] | [STRESS] | Heartbeat check
2026-08-06 20:07:44 | [Thread 132993721034432] | [OPERATION] | [STRESS] | BULK_OP | GOOGL
2026-08-06 20:07:44 | [Thread 132993721034432] | [OPERATION] | [STRESS] | BULK_OP | NFLX
2026-08-06 20:07:44 | [Thread 132993721034432] | [OPERATION] | [STRESS] | BULK_OP | AMD
2026-08-06 20:07:44 | [Thread 132993704249024] | [ERROR] | [STRESS] | Simulated minor non-fatal log
2026-08-06 20:07:44 | [Thread 132993704249024] | [OPERATION] | [STRESS] | BULK_OP | GOOGL
2026-08-06 20:07:44 | [Thread 132993704249024] | [INFO] | [STRESS] | Heartbeat check
2026-08-06 20:07:44 | [Thread 132993704249024] | [ERROR] | [STRESS] | Simulated minor non-fatal log
2026-08-06 20:07:44 | [Thread 132993704249024] | [OPERATION] | [STRESS] | BULK_OP | MSFT
2026-08-06 20:07:44 | [Thread 132993704249024] | [INFO] | [STRESS] | Heartbeat check
2026-08-06 20:07:44 | [Thread 132993704249024] | [ERROR] | [STRESS] | Simulated minor non-fatal log
2026-08-06 20:07:44 | [Thread 132993704249024] | [OPERATION] | [STRESS] | BULK_OP | INTC
2026-08-06 20:07:44 | [Thread 132993704249024] | [INFO] | [STRESS] | Heartbeat check
2026-08-06 20:07:44 | [Thread 132993704249024] | [ERROR] | [STRESS] | Simulated minor non-fatal log
2026-08-06 20:07:44 | [Thread 132993704249024] | [INFO] | [STRESS] | Heartbeat check
2026-08-06 20:07:44 | [Thread 132993704249024] | [OPERATION] | [STRESS] | BULK_OP | IBM
2026-08-06 20:07:44 | [Thread 132993704249024] | [ERROR] | [STRESS] | Simulated minor non-fatal log
2026-08-06 20:07:44 | [Thread 132993704249024] | [INFO] | [STRESS] | Heartbeat check
2026-08-06 20:07:44 | [Thread 132993704249024] | [OPERATION] | [STRESS] | BULK_OP | QCOM
2026-08-06 20:07:44 | [Thread 132993687463616] | [OPERATION] | [STRESS] | BULK_OP | CSCO
2026-08-06 20:07:44 | [Thread 132993687463616] | [ERROR] | [STRESS] | Simulated minor non-fatal log
2026-08-06 20:07:44 | [Thread 132993687463616] | [OPERATION] | [STRESS] | BULK_OP | AMZN
2026-08-06 20:07:44 | [Thread 132993687463616] | [OPERATION] | [STRESS] | BULK_OP | NFLX
2026-08-06 20:07:44 | [Thread 132993687463616] | [INFO] | [STRESS] | Heartbeat check
2026-08-06 20:07:44 | [Thread 132993687463616] | [OPERATION] | [STRESS] | BULK_OP | GOOGL
2026-08-06 20:07:44 | [Thread 132993687463616] | [ERROR] | [STRESS] | Simulated minor non-fatal log
2026-08-06 20:07:44 | [Thread 132993687463616] | [INFO] | [STRESS] | Heartbeat check
2026-08-06 20:07:44 | [Thread 132993687463616] | [OPERATION] | [STRESS] | BULK_OP | TSLA
2026-08-06 20:07:44 | [Thread 132993687463616] | [INFO] | [STRESS] | Heartbeat check
2026-08-06 20:07:44 | [Thread 132993687463616] | [OPERATION] | [STRESS] | BULK_OP | IBM
2026-08-06 20:07:44 | [Thread 132993687463616] | [INFO] | [STRESS] | Heartbeat check
2026-08-06 20:07:44 | [Thread 132993687463616] | [ERROR] | [STRESS] | Simulated minor non-fatal log
2026-08-06 20:07:44 | [Thread 132993687463616] | [INFO] | [STRESS] | Heartbeat check
2026-08-06 20:07:44 | [Thread 132993687463616] | [INFO] | [STRESS] | Heartbeat check
2026-08-06 20:07:44 | [Thread 132993687463616] | [INFO] | [STRESS] | Heartbeat check
2026-08-06 20:07:44 | [Thread 132993687463616] | [INFO] | [STRESS] | Heartbeat check
2026-08-06 20:07:44 | [Thread 132993687463616] | [OPERATION] | [STRESS] | BULK_OP | IBM
2026-08-06 20:07:44 | [Thread 132993687463616] | [ERROR] | [STRESS] | Simulated minor non-fatal log
2026-08-06 20:07:44 | [Thread 132993687463616] | [INFO] | [STRESS] | Heartbeat check
2026-08-06 20:07:44 | [Thread 132993687463616] | [OPERATION] | [STRESS] | BULK_OP | AAPL
2026-08-06 20:07:44 | [Thread 132993687463616] | [OPERATION] | [STRESS] | BULK_OP | MSFT
2026-08-06 20:07:44 | [Thread 132993687463616] | [ERROR] | [STRESS] | Simulated minor non-fatal log
2026-08-06 20:07:44 | [Thread 132993687463616] | [ERROR] | [STRESS] | Simulated minor non-fatal log
2026-08-06 20:07:44 | [Thread 132993687463616] | [INFO] | [STRESS] | Heartbeat check
2026-08-06 20:07:44 | [Thread 132993687463616] | [OPERATION] | [STRESS] | BULK_OP | NFLX
2026-08-06 20:07:44 | [Thread 132993687463616] | [OPERATION] | [STRESS] | BULK_OP | IBM
2026-08-06 20:07:44 | [Thread 132993729427136] | [OPERATION] | [STRESS] | BULK_OP | AMD
2026-08-06 20:07:44 | [Thread 132993729427136] | [OPERATION] | [STRESS] | BULK_OP | AMD
2026-08-06 20:07:44 | [Thread 132993729427136] | [OPERATION] | [STRESS] | BULK_OP | IBM
2026-08-06 20:07:44 | [Thread 132993729427136] | [OPERATION] | [STRESS] | BULK_OP | TSLA
2026-08-06 20:07:44 | [Thread 132993729427136] | [OPERATION] | [STRESS] | BULK_OP | TSLA
2026-08-06 20:07:44 | [Thread 132993729427136] | [INFO] | [STRESS] | Heartbeat check
2026-08-06 20:07:44 | [Thread 132993729427136] | [OPERATION] | [STRESS] | BULK_OP | AAPL
2026-08-06 20:07:44 | [Thread 132993729427136] | [OPERATION] | [STRESS] | BULK_OP | IBM
2026-08-06 20:07:44 | [Thread 132993704249024] | [OPERATION] | [STRESS] | BULK_OP | CSCO
2026-08-06 20:07:44 | [Thread 132993704249024] | [INFO] | [STRESS] | Heartbeat check
2026-08-06 20:07:44 | [Thread 132993704249024] | [ERROR] | [STRESS] | Simulated minor non-fatal log
2026-08-06 20:07:44 | [Thread 132993704249024] | [OPERATION] | [STRESS] | BULK_OP | QCOM
2026-08-06 20:07:44 | [Thread 132993704249024] | [INFO] | [STRESS] | Heartbeat check
2026-08-06 20:07:44 | [Thread 132993712641728] | [INFO] | [STRESS] | Heartbeat check
2026-08-06 20:07:44 | [Thread 132993712641728] | [OPERATION] | [STRESS] | BULK_OP | QCOM
2026-08-06 20:07:44 | [Thread 132993712641728] | [OPERATION] | [STRESS] | BULK_OP | AMD
2026-08-06 20:07:44 | [Thread 132993712641728] | [ERROR] | [STRESS] | Simulated minor non-fatal log
2026-08-06 20:07:44 | [Thread 132993712641728] | [ERROR] | [STRESS] | Simulated minor non-fatal log
2026-08-06 20:07:44 | [Thread 132993704249024] | [ERROR] | [STRESS] | Simulated minor non-fatal log
2026-08-06 20:07:44 | [Thread 132993695856320] | [ERROR] | [STRESS] | Simulated minor non-fatal log
2026-08-06 20:07:44 | [Thread 132993695856320] | [ERROR] | [STRESS] | Simulated minor non-fatal log
2026-08-06 20:07:44 | [Thread 132993729427136] | [INFO] | [STRESS] | Heartbeat check
2026-08-06 20:07:44 | [Thread 132993729427136] | [ERROR] | [STRESS] | Simulated minor non-fatal log
2026-08-06 20:07:44 | [Thread 132993729427136] | [OPERATION] | [STRESS] | BULK_OP | AAPL
2026-08-06 20:07:44 | [Thread 132993729427136] | [OPERATION] | [STRESS] | BULK_OP | ORCL
2026-08-06 20:07:44 | [Thread 132993729427136] | [OPERATION] | [STRESS] | BULK_OP | AMD
2026-08-06 20:07:44 | [Thread 132993729427136] | [ERROR] | [STRESS] | Simulated minor non-fatal log
2026-08-06 20:07:44 | [Thread 132993729427136] | [OPERATION] | [STRESS] | BULK_OP | CSCO
2026-08-06 20:07:44 | [Thread 132993729427136] | [ERROR] | [STRESS] | Simulated minor non-fatal log
2026-08-06 20:07:44 | [Thread 132993729427136] | [ERROR] | [STRESS] | Simulated minor non-fatal log
2026-08-06 20:07:44 | [Thread 132993712641728] | [ERROR] | [STRESS] | Simulated minor non-fatal log
2026-08-06 20:07:44 | [Thread 132993704249024] | [ERROR] | [STRESS] | Simulated minor non-fatal log
2026-08-06 20:07:44 | [Thread 132993712641728] | [INFO] | [STRESS] | Heartbeat check
2026-08-06 20:07:44 | [Thread 132993712641728] | [OPERATION] | [STRESS] | BULK_OP | AAPL
2026-08-06 20:07:44 | [Thread 132993712641728] | [ERROR] | [STRESS] | Simulated minor non-fatal log
2026-08-06 20:07:44 | [Thread 132993695856320] | [INFO] | [STRESS] | Heartbeat check
2026-08-06 20:07:44 | [Thread 132993695856320] | [INFO] | [STRESS] | Heartbeat check
2026-08-06 20:07:44 | [Thread 132993695856320] | [OPERATION] | [STRESS] | BULK_OP | AAPL
2026-08-06 20:07:44 | [Thread 132993695856320] | [ERROR] | [STRESS] | Simulated minor non-fatal log
2026-08-06 20:07:44 | [Thread 132993695856320] | [ERROR] | [STRESS] | Simulated minor non-fatal log
2026-08-06 20:07:44 | [Thread 132993695856320] | [INFO] | [STRESS] | Heartbeat check
2026-08-06 20:07:44 | [Thread 132993695856320] | [OPERATION] | [STRESS] | BULK_OP | TXN
2026-08-06 20:07:44 | [Thread 132993695856320] | [ERROR] | [STRESS] | Simulated minor non-fatal log
2026-08-06 20:07:44 | [Thread 132993695856320] | [ERROR] | [STRESS] | Simulated minor non-fatal log
2026-08-06 20:07:44 | [Thread 132993695856320] | [INFO] | [STRESS] | Heartbeat check
2026-08-06 20:07:44 | [Thread 132993729427136] | [ERROR] | [STRESS] | Simulated minor non-fatal log
2026-08-06 20:07:44 | [Thread 132993695856320] | [ERROR] | [STRESS] | Simulated minor non-fatal log
2026-08-06 20:07:44 | [Thread 132993712641728] | [INFO] | [STRESS] | Heartbeat check
2026-08-06 20:07:44 | [Thread 132993712641728] | [OPERATION] | [STRESS] | BULK_OP | AMD
2026-08-06 20:07:44 | [Thread 132993712641728] | [ERROR] | [STRESS] | Simulated minor non-fatal log
2026-08-06 20:07:44 | [Thread 132993695856320] | [INFO] | [STRESS] | Heartbeat check
2026-08-06 20:07:44 | [Thread 132993695856320] | [ERROR] | [STRESS] | Simulated minor non-fatal log
2026-08-06 20:07:44 | [Thread 132993695856320] | [OPERATION] | [STRESS] | BULK_OP | QCOM
2026-08-06 20:07:44 | [Thread 132993721034432] | [OPERATION] | [STRESS] | BULK_OP | NFLX
2026-08-06 20:07:44 | [Thread 132993721034432] | [INFO] | [STRESS] | Heartbeat check
2026-08-06 20:07:44 | [Thread 132993721034432] | [ERROR] | [STRESS] | Simulated minor non-fatal log
2026-08-06 20:07:44 | [Thread 132993721034432] | [OPERATION] | [STRESS] | BULK_OP | CSCO
2026-08-06 20:07:44 | [Thread 132993721034432] | [INFO] | [STRESS] | Heartbeat check
2026-08-06 20:07:44 | [Thread 132993721034432] | [ERROR] | [STRESS] | Simulated minor non-fatal log
2026-08-06 20:07:44 | [Thread 132993721034432] | [OPERATION] | [STRESS] | BULK_OP | GOOGL
2026-08-06 20:07:44 | [Thread 132993721034432] | [INFO] | [STRESS] | Heartbeat check
2026-08-06 20:07:44 | [Thread 132993721034432] | [ERROR] | [STRESS] | Simulated minor non-fatal log
2026-08-06 20:07:44 | [Thread 132993721034432] | [INFO] | [STRESS] | Heartbeat check
2026-08-06 20:07:44 | [Thread 132993721034432] | [OPERATION] | [STRESS] | BULK_OP | AMZN
2026-08-06 20:07:44 | [Thread 132993721034432] | [OPERATION] | [STRESS] | BULK_OP | GOOGL
2026-08-06 20:07:44 | [Thread 132993721034432] | [OPERATION] | [STRESS] | BULK_OP | META
2026-08-06 20:07:44 | [Thread 132993721034432] | [OPERATION] | [STRESS] | BULK_OP | ORCL
2026-08-06 20:07:44 | [Thread 132993721034432] | [ERROR] | [STRESS] | Simulated minor non-fatal log
2026-08-06 20:07:44 | [Thread 132993721034432] | [ERROR] | [STRESS] | Simulated minor non-fatal log
2026-08-06 20:07:44 | [Thread 132993721034432] | [INFO] | [STRESS] | Heartbeat check
2026-08-06 20:07:44 | [Thread 132993721034432] | [ERROR] | [STRESS] | Simulated minor non-fatal log
2026-08-06 20:07:44 | [Thread 132993721034432] | [OPERATION] | [STRESS] | BULK_OP | INTC
2026-08-06 20:07:44 | [Thread 132993704249024] | [ERROR] | [STRESS] | Simulated minor non-fatal log
2026-08-06 20:07:44 | [Thread 132993704249024] | [OPERATION] | [STRESS] | BULK_OP | AMD
2026-08-06 20:07:44 | [Thread 132993704249024] | [INFO] | [STRESS] | Heartbeat check
2026-08-06 20:07:44 | [Thread 132993704249024] | [ERROR] | [STRESS] | Simulated minor non-fatal log
2026-08-06 20:07:44 | [Thread 132993704249024] | [OPERATION] | [STRESS] | BULK_OP | IBM
2026-08-06 20:07:44 | [Thread 132993704249024] | [INFO] | [STRESS] | Heartbeat check
2026-08-06 20:07:44 | [Thread 132993704249024] | [INFO] | [STRESS] | Heartbeat check
2026-08-06 20:07:44 | [Thread 132993695856320] | [INFO] | [STRESS] | Heartbeat check
2026-08-06 20:07:44 | [Thread 132993695856320] | [ERROR] | [STRESS] | Simulated minor non-fatal log
2026-08-06 20:07:44 | [Thread 132993695856320] | [OPERATION] | [STRESS] | BULK_OP | IBM
2026-08-06 20:07:44 | [Thread 132993695856320] | [INFO] | [STRESS] | Heartbeat check
2026-08-06 20:07:44 | [Thread 132993695856320] | [ERROR] | [STRESS] | Simulated minor non-fatal log
2026-08-06 20:07:44 | [Thread 132993695856320] | [OPERATION] | [STRESS] | BULK_OP | AMD
2026-08-06 20:07:44 | [Thread 132993695856320] | [INFO] | [STRESS] | Heartbeat check
2026-08-06 20:07:44 | [Thread 132993695856320] | [OPERATION] | [STRESS] | BULK_OP | IBM
2026-08-06 20:07:44 | [Thread 132993695856320] | [ERROR] | [STRESS] | Simulated minor non-fatal log
2026-08-06 20:07:44 | [Thread 132993695856320] | [INFO] | [STRESS] | Heartbeat check
2026-08-06 20:07:44 | [Thread 132993695856320] | [OPERATION] | [STRESS] | BULK_OP | NFLX
2026-08-06 20:07:44 | [Thread 132993695856320] | [INFO] | [STRESS] | Heartbeat check
2026-08-06 20:07:44 | [Thread 132993695856320] | [ERROR] | [STRESS] | Simulated minor non-fatal log
2026-08-06 20:07:44 | [Thread 132993695856320] | [ERROR] | [STRESS] | Simulated minor non-fatal log
2026-08-06 20:07:44 | [Thread 132993695856320] | [ERROR] | [STRESS] | Simulated minor non-fatal log
2026-08-06 20:07:44 | [Thread 132993695856320] | [ERROR] | [STRESS] | Simulated minor non-fatal log
2026-08-06 20:07:44 | [Thread 132993695856320] | [ERROR] | [STRESS] | Simulated minor non-fatal log
2026-08-06 20:07:44 | [Thread 132993695856320] | [INFO] | [STRESS] | Heartbeat check
2026-08-06 20:07:44 | [Thread 132993695856320] | [INFO] | [STRESS] | Heartbeat check
2026-08-06 20:07:44 | [Thread 132993695856320] | [INFO] | [STRESS] | Heartbeat check
2026-08-06 20:07:44 | [Thread 132993695856320] | [OPERATION] | [STRESS] | BULK_OP | META
2026-08-06 20:07:44 | [Thread 132993695856320] | [OPERATION] | [STRESS] | BULK_OP | AMZN
2026-08-06 20:07:44 | [Thread 132993695856320] | [INFO] | [STRESS] | Heartbeat check
2026-08-06 20:07:44 | [Thread 132993695856320] | [INFO] | [STRESS] | Heartbeat check
2026-08-06 20:07:44 | [Thread 132993695856320] | [OPERATION] | [STRESS] | BULK_OP | AAPL
2026-08-06 20:07:44 | [Thread 132993695856320] | [OPERATION] | [STRESS] | BULK_OP | ORCL
2026-08-06 20:07:44 | [Thread 132993695856320] | [ERROR] | [STRESS] | Simulated minor non-fatal log
2026-08-06 20:07:44 | [Thread 132993695856320] | [INFO] | [STRESS] | Heartbeat check
2026-08-06 20:07:44 | [Thread 132993695856320] | [ERROR] | [STRESS] | Simulated minor non-fatal log
2026-08-06 20:07:44 | [Thread 132993712641728] | [INFO] | [STRESS] | Heartbeat check
2026-08-06 20:07:44 | [Thread 132993729427136] | [INFO] | [STRESS] | Heartbeat check
2026-08-06 20:07:44 | [Thread 132993704249024] | [OPERATION] | [STRESS] | BULK_OP | ORCL
2026-08-06 20:07:44 | [Thread 132993687463616] | [OPERATION] | [STRESS] | BULK_OP | AAPL
2026-08-06 20:07:44 | [Thread 132993712641728] | [ERROR] | [STRESS] | Simulated minor non-fatal log
2026-08-06 20:07:44 | [Thread 132993687463616] | [INFO] | [STRESS] | Heartbeat check
2026-08-06 20:07:44 | [Thread 132993687463616] | [ERROR] | [STRESS] | Simulated minor non-fatal log
2026-08-06 20:07:44 | [Thread 132993712641728] | [OPERATION] | [STRESS] | BULK_OP | GOOGL
2026-08-06 20:07:44 | [Thread 132994375345856] | [INFO] | [CACHE] | CACHE_SAVED
2026-08-06 20:07:44 | [Thread 132993687463616] | [INFO] | [STRESS] | Heartbeat check
2026-08-06 20:07:44 | [Thread 132993704249024] | [INFO] | [STRESS] | Heartbeat check
2026-08-06 20:07:44 | [Thread 132993729427136] | [ERROR] | [STRESS] | Simulated minor non-fatal log
2026-08-06 20:07:44 | [Thread 132993729427136] | [OPERATION] | [STRESS] | BULK_OP | ORCL
2026-08-06 20:07:44 | [Thread 132993687463616] | [OPERATION] | [STRESS] | BULK_OP | MSFT
2026-08-06 20:07:44 | [Thread 132993687463616] | [INFO] | [STRESS] | Heartbeat check
2026-08-06 20:07:44 | [Thread 132993687463616] | [ERROR] | [STRESS] | Simulated minor non-fatal log
2026-08-06 20:07:44 | [Thread 132993687463616] | [OPERATION] | [STRESS] | BULK_OP | INTC
2026-08-06 20:07:44 | [Thread 132993687463616] | [INFO] | [STRESS] | Heartbeat check
2026-08-06 20:07:44 | [Thread 132993712641728] | [ERROR] | [STRESS] | Simulated minor non-fatal log
2026-08-06 20:07:44 | [Thread 132993712641728] | [OPERATION] | [STRESS] | BULK_OP | CSCO
2026-08-06 20:07:44 | [Thread 132993712641728] | [INFO] | [STRESS] | Heartbeat check
2026-08-06 20:07:44 | [Thread 132993704249024] | [OPERATION] | [STRESS] | BULK_OP | TSLA
2026-08-06 20:07:44 | [Thread 132993704249024] | [INFO] | [STRESS] | Heartbeat check
2026-08-06 20:07:44 | [Thread 132993704249024] | [OPERATION] | [STRESS] | BULK_OP | CSCO
2026-08-06 20:07:44 | [Thread 132993687463616] | [INFO] | [STRESS] | Heartbeat check
2026-08-06 20:07:44 | [Thread 132993687463616] | [OPERATION] | [STRESS] | BULK_OP | IBM
2026-08-06 20:07:44 | [Thread 132993687463616] | [ERROR] | [STRESS] | Simulated minor non-fatal log
2026-08-06 20:07:44 | [Thread 132993687463616] | [ERROR] | [STRESS] | Simulated minor non-fatal log
2026-08-06 20:07:44 | [Thread 132993712641728] | [ERROR] | [STRESS] | Simulated minor non-fatal log
2026-08-06 20:07:44 | [Thread 132993712641728] | [OPERATION] | [STRESS] | BULK_OP | NVDA
2026-08-06 20:07:44 | [Thread 132993712641728] | [INFO] | [STRESS] | Heartbeat check
2026-08-06 20:07:44 | [Thread 132993704249024] | [OPERATION] | [STRESS] | BULK_OP | AAPL
2026-08-06 20:07:44 | [Thread 132993704249024] | [ERROR] | [STRESS] | Simulated minor non-fatal log
2026-08-06 20:07:44 | [Thread 132993704249024] | [OPERATION] | [STRESS] | BULK_OP | QCOM
2026-08-06 20:07:44 | [Thread 132993704249024] | [INFO] | [STRESS] | Heartbeat check
2026-08-06 20:07:44 | [Thread 132993704249024] | [ERROR] | [STRESS] | Simulated minor non-fatal log
2026-08-06 20:07:44 | [Thread 132993704249024] | [ERROR] | [STRESS] | Simulated minor non-fatal log
2026-08-06 20:07:44 | [Thread 132993729427136] | [ERROR] | [STRESS] | Simulated minor non-fatal log
2026-08-06 20:07:44 | [Thread 132993704249024] | [ERROR] | [STRESS] | Simulated minor non-fatal log
2026-08-06 20:07:44 | [Thread 132993687463616] | [OPERATION] | [STRESS] | BULK_OP | CSCO
2026-08-06 20:07:44 | [Thread 132993687463616] | [OPERATION] | [STRESS] | BULK_OP | QCOM
2026-08-06 20:07:44 | [Thread 132993687463616] | [OPERATION] | [STRESS] | BULK_OP | AMD
2026-08-06 20:07:44 | [Thread 132993712641728] | [ERROR] | [STRESS] | Simulated minor non-fatal log
2026-08-06 20:07:44 | [Thread 132993712641728] | [OPERATION] | [STRESS] | BULK_OP | TXN
2026-08-06 20:07:44 | [Thread 132993687463616] | [INFO] | [STRESS] | Heartbeat check
2026-08-06 20:07:44 | [Thread 132993687463616] | [INFO] | [STRESS] | Heartbeat check
2026-08-06 20:07:44 | [Thread 132993687463616] | [OPERATION] | [STRESS] | BULK_OP | QCOM
2026-08-06 20:07:44 | [Thread 132993687463616] | [OPERATION] | [STRESS] | BULK_OP | AAPL
2026-08-06 20:07:44 | [Thread 132993687463616] | [ERROR] | [STRESS] | Simulated minor non-fatal log
2026-08-06 20:07:44 | [Thread 132993687463616] | [INFO] | [STRESS] | Heartbeat check
2026-08-06 20:07:44 | [Thread 132993687463616] | [OPERATION] | [STRESS] | BULK_OP | TSLA
2026-08-06 20:07:44 | [Thread 132993687463616] | [OPERATION] | [STRESS] | BULK_OP | TXN
2026-08-06 20:07:44 | [Thread 132993687463616] | [ERROR] | [STRESS] | Simulated minor non-fatal log
2026-08-06 20:07:44 | [Thread 132993687463616] | [INFO] | [STRESS] | Heartbeat check
2026-08-06 20:07:44 | [Thread 132993704249024] | [INFO] | [STRESS] | Heartbeat check
2026-08-06 20:07:44 | [Thread 132993704249024] | [ERROR] | [STRESS] | Simulated minor non-fatal log
2026-08-06 20:07:44 | [Thread 132993704249024] | [INFO] | [STRESS] | Heartbeat check
2026-08-06 20:07:44 | [Thread 132993687463616] | [OPERATION] | [STRESS] | BULK_OP | IBM
2026-08-06 20:07:44 | [Thread 132993687463616] | [INFO] | [STRESS] | Heartbeat check
2026-08-06 20:07:44 | [Thread 132993687463616] | [INFO] | [STRESS] | Heartbeat check
2026-08-06 20:07:44 | [Thread 132993687463616] | [OPERATION] | [STRESS] | BULK_OP | AMZN
2026-08-06 20:07:44 | [Thread 132993687463616] | [ERROR] | [STRESS] | Simulated minor non-fatal log
2026-08-06 20:07:44 | [Thread 132993687463616] | [ERROR] | [STRESS] | Simulated minor non-fatal log
2026-08-06 20:07:44 | [Thread 132993687463616] | [INFO] | [STRESS] | Heartbeat check
2026-08-06 20:07:44 | [Thread 132993687463616] | [OPERATION] | [STRESS] | BULK_OP | QCOM
2026-08-06 20:07:44 | [Thread 132993687463616] | [OPERATION] | [STRESS] | BULK_OP | NFLX
2026-08-06 20:07:44 | [Thread 132993687463616] | [ERROR] | [STRESS] | Simulated minor non-fatal log
2026-08-06 20:07:44 | [Thread 132993687463616] | [INFO] | [STRESS] | Heartbeat check
2026-08-06 20:07:44 | [Thread 132993687463616] | [INFO] | [STRESS] | Heartbeat check
2026-08-06 20:07:44 | [Thread 132993687463616] | [OPERATION] | [STRESS] | BULK_OP | AAPL
2026-08-06 20:07:44 | [Thread 132993729427136] | [ERROR] | [STRESS] | Simulated minor non-fatal log
2026-08-06 20:07:44 | [Thread 132993729427136] | [OPERATION] | [STRESS] | BULK_OP | AMZN
2026-08-06 20:07:44 | [Thread 132993729427136] | [INFO] | [STRESS] | Heartbeat check
2026-08-06 20:07:44 | [Thread 132993687463616] | [INFO] | [STRESS] | Heartbeat check
2026-08-06 20:07:44 | [Thread 132993687463616] | [OPERATION] | [STRESS] | BULK_OP | CSCO
2026-08-06 20:07:44 | [Thread 132993687463616] | [OPERATION] | [STRESS] | BULK_OP | GOOGL
2026-08-06 20:07:44 | [Thread 132993687463616] | [ERROR] | [STRESS] | Simulated minor non-fatal log
2026-08-06 20:07:44 | [Thread 132993687463616] | [INFO] | [STRESS] | Heartbeat check
2026-08-06 20:07:44 | [Thread 132993687463616] | [INFO] | [STRESS] | Heartbeat check
2026-08-06 20:07:44 | [Thread 132993687463616] | [ERROR] | [STRESS] | Simulated minor non-fatal log
2026-08-06 20:07:44 | [Thread 132993687463616] | [OPERATION] | [STRESS] | BULK_OP | AMD
2026-08-06 20:07:44 | [Thread 132993704249024] | [ERROR] | [STRESS] | Simulated minor non-fatal log
2026-08-06 20:07:44 | [Thread 132993704249024] | [OPERATION] | [STRESS] | BULK_OP | CSCO
2026-08-06 20:07:44 | [Thread 132994375345856] | [INFO] | [CACHE] | CACHE_SAVED
2026-08-06 20:07:44 | [Thread 132993704249024] | [INFO] | [STRESS] | Heartbeat check
2026-08-06 20:07:44 | [Thread 132993729427136] | [ERROR] | [STRESS] | Simulated minor non-fatal log
2026-08-06 20:07:44 | [Thread 132993729427136] | [OPERATION] | [STRESS] | BULK_OP | TXN
2026-08-06 20:07:44 | [Thread 132993729427136] | [INFO] | [STRESS] | Heartbeat check
2026-08-06 20:07:44 | [Thread 132993729427136] | [OPERATION] | [STRESS] | BULK_OP | ORCL
2026-08-06 20:07:44 | [Thread 132993704249024] | [INFO] | [STRESS] | Heartbeat check
2026-08-06 20:07:44 | [Thread 132993687463616] | [INFO] | [STRESS] | Heartbeat check
2026-08-06 20:07:44 | [Thread 132993729427136] | [ERROR] | [STRESS] | Simulated minor non-fatal log
2026-08-06 20:07:44 | [Thread 132993712641728] | [OPERATION] | [STRESS] | BULK_OP | NFLX
2026-08-06 20:07:44 | [Thread 132993712641728] | [ERROR] | [STRESS] | Simulated minor non-fatal log
2026-08-06 20:07:44 | [Thread 132993687463616] | [OPERATION] | [STRESS] | BULK_OP | NFLX
2026-08-06 20:07:44 | [Thread 132993687463616] | [ERROR] | [STRESS] | Simulated minor non-fatal log
2026-08-06 20:07:44 | [Thread 132993712641728] | [INFO] | [STRESS] | Heartbeat check
2026-08-06 20:07:44 | [Thread 132993712641728] | [OPERATION] | [STRESS] | BULK_OP | IBM
2026-08-06 20:07:44 | [Thread 132993729427136] | [OPERATION] | [STRESS] | BULK_OP | TSLA
2026-08-06 20:07:44 | [Thread 132993704249024] | [ERROR] | [STRESS] | Simulated minor non-fatal log
2026-08-06 20:07:44 | [Thread 132993704249024] | [INFO] | [STRESS] | Heartbeat check
2026-08-06 20:07:44 | [Thread 132993729427136] | [OPERATION] | [STRESS] | BULK_OP | CSCO
2026-08-06 20:07:44 | [Thread 132993712641728] | [OPERATION] | [STRESS] | BULK_OP | INTC
2026-08-06 20:07:44 | [Thread 132993712641728] | [ERROR] | [STRESS] | Simulated minor non-fatal log
2026-08-06 20:07:44 | [Thread 132993704249024] | [INFO] | [STRESS] | Heartbeat check
2026-08-06 20:07:44 | [Thread 132993704249024] | [INFO] | [STRESS] | Heartbeat check
2026-08-06 20:07:44 | [Thread 132993712641728] | [INFO] | [STRESS] | Heartbeat check
2026-08-06 20:07:44 | [Thread 132993704249024] | [ERROR] | [STRESS] | Simulated minor non-fatal log
2026-08-06 20:07:44 | [Thread 132993729427136] | [OPERATION] | [STRESS] | BULK_OP | AMZN
2026-08-06 20:07:44 | [Thread 132993729427136] | [ERROR] | [STRESS] | Simulated minor non-fatal log
2026-08-06 20:07:44 | [Thread 132993712641728] | [ERROR] | [STRESS] | Simulated minor non-fatal log
2026-08-06 20:07:44 | [Thread 132993729427136] | [ERROR] | [STRESS] | Simulated minor non-fatal log
2026-08-06 20:07:44 | [Thread 132993712641728] | [OPERATION] | [STRESS] | BULK_OP | CSCO
2026-08-06 20:07:44 | [Thread 132993687463616] | [OPERATION] | [STRESS] | BULK_OP | IBM
2026-08-06 20:07:44 | [Thread 132993687463616] | [ERROR] | [STRESS] | Simulated minor non-fatal log
2026-08-06 20:07:44 | [Thread 132993687463616] | [OPERATION] | [STRESS] | BULK_OP | AMD
2026-08-06 20:07:44 | [Thread 132993712641728] | [ERROR] | [STRESS] | Simulated minor non-fatal log
2026-08-06 20:07:44 | [Thread 132993712641728] | [OPERATION] | [STRESS] | BULK_OP | AMZN
2026-08-06 20:07:44 | [Thread 132993712641728] | [ERROR] | [STRESS] | Simulated minor non-fatal log
2026-08-06 20:07:44 | [Thread 132993729427136] | [ERROR] | [STRESS] | Simulated minor non-fatal log
2026-08-06 20:07:44 | [Thread 132993729427136] | [OPERATION] | [STRESS] | BULK_OP | NFLX
2026-08-06 20:07:44 | [Thread 132993704249024] | [INFO] | [STRESS] | Heartbeat check
2026-08-06 20:07:44 | [Thread 132993712641728] | [ERROR] | [STRESS] | Simulated minor non-fatal log
2026-08-06 20:07:44 | [Thread 132993712641728] | [ERROR] | [STRESS] | Simulated minor non-fatal log
2026-08-06 20:07:44 | [Thread 132993712641728] | [OPERATION] | [STRESS] | BULK_OP | GOOGL
2026-08-06 20:07:44 | [Thread 132993712641728] | [ERROR] | [STRESS] | Simulated minor non-fatal log
2026-08-06 20:07:44 | [Thread 132993729427136] | [OPERATION] | [STRESS] | BULK_OP | GOOGL
2026-08-06 20:07:44 | [Thread 132993712641728] | [ERROR] | [STRESS] | Simulated minor non-fatal log
2026-08-06 20:07:44 | [Thread 132993729427136] | [ERROR] | [STRESS] | Simulated minor non-fatal log
2026-08-06 20:07:44 | [Thread 132993712641728] | [OPERATION] | [STRESS] | BULK_OP | QCOM
2026-08-06 20:07:44 | [Thread 132993729427136] | [OPERATION] | [STRESS] | BULK_OP | QCOM
2026-08-06 20:07:44 | [Thread 132993712641728] | [ERROR] | [STRESS] | Simulated minor non-fatal log
2026-08-06 20:07:44 | [Thread 132993729427136] | [INFO] | [STRESS] | Heartbeat check
2026-08-06 20:07:44 | [Thread 132993704249024] | [ERROR] | [STRESS] | Simulated minor non-fatal log
2026-08-06 20:07:44 | [Thread 132993729427136] | [INFO] | [STRESS] | Heartbeat check
2026-08-06 20:07:44 | [Thread 132993729427136] | [OPERATION] | [STRESS] | BULK_OP | CSCO
2026-08-06 20:07:44 | [Thread 132993704249024] | [ERROR] | [STRESS] | Simulated minor non-fatal log
2026-08-06 20:07:44 | [Thread 132993704249024] | [INFO] | [STRESS] | Heartbeat check
2026-08-06 20:07:44 | [Thread 132993704249024] | [OPERATION] | [STRESS] | BULK_OP | QCOM
2026-08-06 20:07:44 | [Thread 132993729427136] | [OPERATION] | [STRESS] | BULK_OP | AMD
2026-08-06 20:07:44 | [Thread 132993704249024] | [OPERATION] | [STRESS] | BULK_OP | INTC
2026-08-06 20:07:44 | [Thread 132993704249024] | [ERROR] | [STRESS] | Simulated minor non-fatal log
2026-08-06 20:07:44 | [Thread 132993729427136] | [ERROR] | [STRESS] | Simulated minor non-fatal log
2026-08-06 20:07:44 | [Thread 132993729427136] | [OPERATION] | [STRESS] | BULK_OP | AAPL
2026-08-06 20:07:44 | [Thread 132993729427136] | [ERROR] | [STRESS] | Simulated minor non-fatal log
2026-08-06 20:07:44 | [Thread 132993729427136] | [OPERATION] | [STRESS] | BULK_OP | GOOGL
2026-08-06 20:07:44 | [Thread 132993729427136] | [INFO] | [STRESS] | Heartbeat check
2026-08-06 20:07:44 | [Thread 132993729427136] | [INFO] | [STRESS] | Heartbeat check
2026-08-06 20:07:44 | [Thread 132993729427136] | [ERROR] | [STRESS] | Simulated minor non-fatal log
2026-08-06 20:07:44 | [Thread 132993712641728] | [INFO] | [STRESS] | Heartbeat check
2026-08-06 20:07:44 | [Thread 132993712641728] | [OPERATION] | [STRESS] | BULK_OP | INTC
2026-08-06 20:07:44 | [Thread 132993704249024] | [OPERATION] | [STRESS] | BULK_OP | TSLA
2026-08-06 20:07:44 | [Thread 132993712641728] | [OPERATION] | [STRESS] | BULK_OP | NFLX
2026-08-06 20:07:44 | [Thread 132993704249024] | [OPERATION] | [STRESS] | BULK_OP | NFLX
2026-08-06 20:07:44 | [Thread 132993704249024] | [ERROR] | [STRESS] | Simulated minor non-fatal log
2026-08-06 20:07:44 | [Thread 132993704249024] | [INFO] | [STRESS] | Heartbeat check
2026-08-06 20:07:44 | [Thread 132993704249024] | [INFO] | [STRESS] | Heartbeat check
2026-08-06 20:07:44 | [Thread 132993704249024] | [OPERATION] | [STRESS] | BULK_OP | IBM
2026-08-06 20:07:44 | [Thread 132993704249024] | [OPERATION] | [STRESS] | BULK_OP | AMZN
2026-08-06 20:07:44 | [Thread 132993704249024] | [INFO] | [STRESS] | Heartbeat check
2026-08-06 20:07:44 | [Thread 132993704249024] | [OPERATION] | [STRESS] | BULK_OP | NFLX
2026-08-06 20:07:44 | [Thread 132993729427136] | [ERROR] | [STRESS] | Simulated minor non-fatal log
2026-08-06 20:07:44 | [Thread 132993729427136] | [INFO] | [STRESS] | Heartbeat check
2026-08-06 20:07:44 | [Thread 132993729427136] | [OPERATION] | [STRESS] | BULK_OP | META
2026-08-06 20:07:44 | [Thread 132993729427136] | [OPERATION] | [STRESS] | BULK_OP | META
2026-08-06 20:07:44 | [Thread 132993704249024] | [ERROR] | [STRESS] | Simulated minor non-fatal log
2026-08-06 20:07:44 | [Thread 132993704249024] | [OPERATION] | [STRESS] | BULK_OP | TXN
2026-08-06 20:07:44 | [Thread 132993704249024] | [INFO] | [STRESS] | Heartbeat check
2026-08-06 20:07:44 | [Thread 132993712641728] | [OPERATION] | [STRESS] | BULK_OP | NVDA
2026-08-06 20:07:44 | [Thread 132993704249024] | [OPERATION] | [STRESS] | BULK_OP | AAPL
2026-08-06 20:07:44 | [Thread 132993729427136] | [OPERATION] | [STRESS] | BULK_OP | AMD
2026-08-06 20:07:44 | [Thread 132993712641728] | [ERROR] | [STRESS] | Simulated minor non-fatal log
2026-08-06 20:07:44 | [Thread 132993729427136] | [ERROR] | [STRESS] | Simulated minor non-fatal log
2026-08-06 20:07:44 | [Thread 132993729427136] | [ERROR] | [STRESS] | Simulated minor non-fatal log
2026-08-06 20:07:44 | [Thread 132993729427136] | [ERROR] | [STRESS] | Simulated minor non-fatal log
2026-08-06 20:07:44 | [Thread 132993729427136] | [OPERATION] | [STRESS] | BULK_OP | ORCL
2026-08-06 20:07:44 | [Thread 132993729427136] | [INFO] | [STRESS] | Heartbeat check
2026-08-06 20:07:44 | [Thread 132993729427136] | [ERROR] | [STRESS] | Simulated minor non-fatal log
2026-08-06 20:07:44 | [Thread 132993729427136] | [OPERATION] | [STRESS] | BULK_OP | GOOGL
2026-08-06 20:07:44 | [Thread 132994375345856] | [INFO] | [CACHE] | CACHE_SAVED
2026-08-06 20:07:44 | [Thread 132994375345856] | [INFO] | [CACHE] | CACHE_SAVED
2026-08-06 20:07:44 | [Thread 132994375345856] | [INFO] | [CACHE] | CACHE_SAVED
2026-08-06 20:07:44 | [Thread 132994375345856] | [INFO] | [CACHE] | CACHE_SAVED
2026-08-06 20:07:44 | [Thread 132994375345856] | [INFO] | [CACHE] | CACHE_SAVED
2026-08-06 20:07:44 | [Thread 132994375345856] | [INFO] | [CACHE] | CACHE_SAVED
2026-08-06 20:07:44 | [Thread 132994375345856] | [INFO] | [CACHE] | CACHE_SAVED
2026-08-06 20:07:44 | [Thread 132994375345856] | [INFO] | [CACHE] | CACHE_SAVED
2026-08-06 20:07:44 | [Thread 132994375345856] | [INFO] | [CACHE] | CACHE_SAVED
2026-08-06 20:07:44 | [Thread 132994375345856] | [INFO] | [CACHE] | CACHE_SAVED
2026-08-06 20:07:44 | [Thread 132994375345856] | [INFO] | [CACHE] | CACHE_SAVED
2026-08-06 20:07:44 | [Thread 132994375345856] | [INFO] | [CACHE] | CACHE_SAVED
2026-08-06 20:07:44 | [Thread 132994375345856] | [INFO] | [CACHE] | CACHE_SAVED
2026-08-06 20:07:44 | [Thread 132994375345856] | [INFO] | [CACHE] | CACHE_SAVED
2026-08-06 20:07:44 | [Thread 132994375345856] | [INFO] | [CACHE] | CACHE_SAVED
2026-08-06 20:07:44 | [Thread 132994375345856] | [INFO] | [CACHE] | CACHE_SAVED
2026-08-06 20:07:44 | [Thread 132994375345856] | [INFO] | [CACHE] | CACHE_SAVED
2026-08-06 20:07:44 | [Thread 132994375345856] | [INFO] | [CACHE] | CACHE_SAVED
2026-08-06 20:07:44 | [Thread 132994375345856] | [INFO] | [CACHE] | CACHE_SAVED
2026-08-06 20:07:44 | [Thread 132994375345856] | [INFO] | [CACHE] | CACHE_SAVED
2026-08-06 20:07:44 | [Thread 132994375345856] | [INFO] | [CACHE] | CACHE_SAVED
2026-08-06 20:07:44 | [Thread 132994375345856] | [INFO] | [CACHE] | CACHE_SAVED
2026-08-06 20:07:44 | [Thread 132994375345856] | [INFO] | [CACHE] | CACHE_SAVED
2026-08-06 20:07:44 | [Thread 132994375345856] | [INFO] | [CACHE] | CACHE_SAVED
2026-08-06 20:07:44 | [Thread 132994375345856] | [INFO] | [CACHE] | CACHE_SAVED
2026-08-06 20:07:44 | [Thread 132994375345856] | [INFO] | [CACHE] | CACHE_SAVED
2026-08-06 20:07:44 | [Thread 132994375345856] | [INFO] | [CACHE] | CACHE_SAVED
2026-08-06 20:07:44 | [Thread 132994375345856] | [INFO] | [CACHE] | CACHE_SAVED
2026-08-06 20:07:44 | [Thread 132994375345856] | [INFO] | [CACHE] | CACHE_SAVED
2026-08-06 20:07:44 | [Thread 132994375345856] | [INFO] | [CACHE] | CACHE_SAVED
2026-08-06 20:07:44 | [Thread 132994375345856] | [INFO] | [CACHE] | CACHE_SAVED
2026-08-06 20:07:44 | [Thread 132994375345856] | [INFO] | [CACHE] | CACHE_SAVED
2026-08-06 20:07:44 | [Thread 132994375345856] | [INFO] | [CACHE] | CACHE_SAVED
2026-08-06 20:07:44 | [Thread 132994375345856] | [INFO] | [CACHE] | CACHE_SAVED
2026-08-06 20:07:44 | [Thread 132994375345856] | [INFO] | [CACHE] | CACHE_SAVED
2026-08-06 20:07:44 | [Thread 132994375345856] | [INFO] | [CACHE] | CACHE_SAVED
2026-08-06 20:07:44 | [Thread 132994375345856] | [INFO] | [CACHE] | CACHE_SAVED
2026-08-06 20:07:44 | [Thread 132994375345856] | [INFO] | [CACHE] | CACHE_SAVED
2026-08-06 20:07:44 | [Thread 132994375345856] | [INFO] | [CACHE] | CACHE_SAVED
2026-08-06 20:07:44 | [Thread 132994375345856] | [INFO] | [CACHE] | CACHE_SAVED
2026-08-06 20:07:44 | [Thread 132994375345856] | [INFO] | [CACHE] | CACHE_SAVED
2026-08-06 20:07:44 | [Thread 132994375345856] | [INFO] | [CACHE] | CACHE_SAVED
2026-08-06 20:07:44 | [Thread 132994375345856] | [INFO] | [CACHE] | CACHE_SAVED
2026-08-06 20:07:44 | [Thread 132994375345856] | [INFO] | [CACHE] | CACHE_SAVED
2026-08-06 20:07:44 | [Thread 132994375345856] | [INFO] | [CACHE] | CACHE_SAVED
2026-08-06 20:07:44 | [Thread 132994375345856] | [INFO] | [CACHE] | CACHE_SAVED
2026-08-06 20:07:44 | [Thread 132994375345856] | [INFO] | [CACHE] | CACHE_SAVED
2026-08-06 20:07:44 | [Thread 132994375345856] | [INFO] | [CACHE] | CACHE_SAVED
2026-08-06 20:07:44 | [Thread 132994375345856] | [INFO] | [CACHE] | CACHE_SAVED
2026-08-06 20:07:44 | [Thread 132994375345856] | [INFO] | [CACHE] | CACHE_SAVED
2026-08-06 20:07:44 | [Thread 132994375345856] | [INFO] | [CACHE] | CACHE_SAVED
2026-08-06 20:07:44 | [Thread 132994375345856] | [INFO] | [CACHE] | CACHE_SAVED
2026-08-06 20:07:44 | [Thread 132994375345856] | [INFO] | [CACHE] | CACHE_SAVED
2026-08-06 20:07:44 | [Thread 132994375345856] | [INFO] | [CACHE] | CACHE_SAVED
2026-08-06 20:07:44 | [Thread 132994375345856] | [INFO] | [CACHE] | CACHE_SAVED
2026-08-06 20:07:44 | [Thread 132994375345856] | [INFO] | [CACHE] | CACHE_SAVED
2026-08-06 20:07:44 | [Thread 132994375345856] | [INFO] | [CACHE] | CACHE_SAVED
2026-08-06 20:07:44 | [Thread 132994375345856] | [INFO] | [CACHE] | CACHE_SAVED
2026-08-06 20:07:44 | [Thread 132994375345856] | [INFO] | [CACHE] | CACHE_SAVED
2026-08-06 20:07:44 | [Thread 132994375345856] | [INFO] | [CACHE] | CACHE_SAVED
2026-08-06 20:07:44 | [Thread 132994375345856] | [INFO] | [CACHE] | CACHE_SAVED
2026-08-06 20:07:44 | [Thread 132994375345856] | [INFO] | [CACHE] | CACHE_SAVED
2026-08-06 20:07:44 | [Thread 132994375345856] | [INFO] | [CACHE] | CACHE_SAVED
2026-08-06 20:07:44 | [Thread 132994375345856] | [INFO] | [CACHE] | CACHE_SAVED
2026-08-06 20:07:44 | [Thread 132994375345856] | [INFO] | [CACHE] | CACHE_SAVED
2026-08-06 20:07:44 | [Thread 132994375345856] | [INFO] | [CACHE] | CACHE_SAVED
2026-08-06 20:07:44 | [Thread 132994375345856] | [INFO] | [CACHE] | CACHE_SAVED
2026-08-06 20:07:44 | [Thread 132994375345856] | [INFO] | [CACHE] | CACHE_SAVED
2026-08-06 20:07:44 | [Thread 132994375345856] | [INFO] | [CACHE] | CACHE_SAVED
2026-08-06 20:07:44 | [Thread 132994375345856] | [INFO] | [CACHE] | CACHE_SAVED
2026-08-06 20:07:44 | [Thread 132994375345856] | [INFO] | [CACHE] | CACHE_SAVED
2026-08-06 20:07:44 | [Thread 132994375345856] | [INFO] | [CACHE] | CACHE_SAVED
2026-08-06 20:07:44 | [Thread 132994375345856] | [INFO] | [CACHE] | CACHE_SAVED
2026-08-06 20:07:44 | [Thread 132994375345856] | [INFO] | [CACHE] | CACHE_SAVED
2026-08-06 20:07:44 | [Thread 132994375345856] | [INFO] | [CACHE] | CACHE_SAVED
2026-08-06 20:07:44 | [Thread 132994375345856] | [INFO] | [CACHE] | CACHE_SAVED
2026-08-06 20:07:44 | [Thread 132994375345856] | [INFO] | [CACHE] | CACHE_SAVED
2026-08-06 20:07:44 | [Thread 132994375345856] | [INFO] | [CACHE] | CACHE_SAVED
2026-08-06 20:07:44 | [Thread 132994375345856] | [INFO] | [CACHE] | CACHE_SAVED
2026-08-06 20:07:44 | [Thread 132994375345856] | [INFO] | [CACHE] | CACHE_SAVED
2026-08-06 20:07:44 | [Thread 132994375345856] | [INFO] | [CACHE] | CACHE_SAVED
2026-08-06 20:07:44 | [Thread 132994375345856] | [INFO] | [CACHE] | CACHE_SAVED
2026-08-06 20:07:44 | [Thread 132994375345856] | [INFO] | [CACHE] | CACHE_SAVED
2026-08-06 20:07:44 | [Thread 132994375345856] | [INFO] | [CACHE] | CACHE_SAVED
2026-08-06 20:07:44 | [Thread 132994375345856] | [INFO] | [CACHE] | CACHE_SAVED
2026-08-06 20:07:44 | [Thread 132994375345856] | [INFO] | [CACHE] | CACHE_SAVED
2026-08-06 20:07:44 | [Thread 132994375345856] | [INFO] | [CACHE] | CACHE_SAVED
2026-08-06 20:07:44 | [Thread 132994375345856] | [INFO] | [CACHE] | CACHE_SAVED
2026-08-06 20:07:44 | [Thread 132994375345856] | [INFO] | [CACHE] | CACHE_SAVED
2026-08-06 20:07:44 | [Thread 132994375345856] | [INFO] | [CACHE] | CACHE_SAVED
2026-08-06 20:07:44 | [Thread 132994375345856] | [INFO] | [CACHE] | CACHE_SAVED
2026-08-06 20:07:44 | [Thread 132994375345856] | [INFO] | [CACHE] | CACHE_SAVED
2026-08-06 20:07:44 | [Thread 132994375345856] | [INFO] | [CACHE] | CACHE_SAVED
2026-08-06 20:07:44 | [Thread 132994375345856] | [INFO] | [CACHE] | CACHE_SAVED
2026-08-06 20:07:44 | [Thread 132994375345856] | [INFO] | [CACHE] | CACHE_SAVED
2026-08-06 20:07:44 | [Thread 132994375345856] | [INFO] | [CACHE] | CACHE_SAVED
2026-08-06 20:07:44 | [Thread 132994375345856] | [INFO] | [CACHE] | CACHE_SAVED
2026-08-06 20:07:44 | [Thread 132994375345856] | [INFO] | [CACHE] | CACHE_SAVED
2026-08-06 20:07:44 | [Thread 132994375345856] | [INFO] | [CACHE] | CACHE_SAVED
2026-08-06 20:07:44 | [Thread 132994375345856] | [INFO] | [CACHE] | CACHE_SAVED
2026-08-06 20:07:44 | [Thread 132994375345856] | [INFO] | [CACHE] | CACHE_SAVED
2026-08-06 20:07:44 | [Thread 132994375345856] | [INFO] | [CACHE] | CACHE_SAVED
2026-08-06 20:07:44 | [Thread 132994375345856] | [INFO] | [CACHE] | CACHE_SAVED
2026-08-06 20:07:44 | [Thread 132994375345856] | [INFO] | [CACHE] | CACHE_SAVED
2026-08-06 20:07:44 | [Thread 132994375345856] | [INFO] | [CACHE] | CACHE_SAVED
2026-08-06 20:07:44 | [Thread 132994375345856] | [INFO] | [CACHE] | CACHE_SAVED
2026-08-06 20:07:44 | [Thread 132994375345856] | [INFO] | [CACHE] | CACHE_SAVED
2026-08-06 20:07:44 | [Thread 132994375345856] | [INFO] | [CACHE] | CACHE_SAVED
2026-08-06 20:07:44 | [Thread 132994375345856] | [INFO] | [CACHE] | CACHE_SAVED
2026-08-06 20:07:44 | [Thread 132994375345856] | [INFO] | [CACHE] | CACHE_SAVED
2026-08-06 20:07:44 | [Thread 132994375345856] | [INFO] | [CACHE] | CACHE_SAVED
2026-08-06 20:07:44 | [Thread 132994375345856] | [INFO] | [CACHE] | CACHE_SAVED
2026-08-06 20:07:44 | [Thread 132994375345856] | [INFO] | [CACHE] | CACHE_SAVED
2026-08-06 20:07:44 | [Thread 132994375345856] | [INFO] | [CACHE] | CACHE_SAVED
2026-08-06 20:07:44 | [Thread 132994375345856] | [INFO] | [CACHE] | CACHE_SAVED
2026-08-06 20:07:44 | [Thread 132994375345856] | [INFO] | [CACHE] | CACHE_SAVED
2026-08-06 20:07:44 | [Thread 132994375345856] | [INFO] | [CACHE] | CACHE_SAVED
2026-08-06 20:07:44 | [Thread 132994375345856] | [INFO] | [CACHE] | CACHE_SAVED
2026-08-06 20:07:44 | [Thread 132994375345856] | [INFO] | [CACHE] | CACHE_SAVED
2026-08-06 20:07:44 | [Thread 132994375345856] | [INFO] | [CACHE] | CACHE_SAVED
2026-08-06 20:07:44 | [Thread 132994375345856] | [INFO] | [CACHE] | CACHE_SAVED
2026-08-06 20:07:44 | [Thread 132994375345856] | [INFO] | [CACHE] | CACHE_SAVED
2026-08-06 20:07:44 | [Thread 132994375345856] | [INFO] | [CACHE] | CACHE_SAVED
2026-08-06 20:07:44 | [Thread 132994375345856] | [INFO] | [CACHE] | CACHE_SAVED
2026-08-06 20:07:44 | [Thread 132994375345856] | [INFO] | [CACHE] | CACHE_SAVED
2026-08-06 20:07:44 | [Thread 132994375345856] | [INFO] | [CACHE] | CACHE_SAVED
2026-08-06 20:07:44 | [Thread 132994375345856] | [INFO] | [CACHE] | CACHE_SAVED
2026-08-06 20:07:44 | [Thread 132994375345856] | [INFO] | [CACHE] | CACHE_SAVED
2026-08-06 20:07:44 | [Thread 132994375345856] | [INFO] | [CACHE] | CACHE_SAVED
2026-08-06 20:07:44 | [Thread 132994375345856] | [INFO] | [CACHE] | CACHE_SAVED
2026-08-06 20:07:44 | [Thread 132994375345856] | [INFO] | [CACHE] | CACHE_SAVED
2026-08-06 20:07:44 | [Thread 132994375345856] | [INFO] | [CACHE] | CACHE_SAVED
2026-08-06 20:07:44 | [Thread 132994375345856] | [INFO] | [CACHE] | CACHE_SAVED
2026-08-06 20:07:44 | [Thread 132994375345856] | [INFO] | [CACHE] | CACHE_SAVED
2026-08-06 20:07:44 | [Thread 132994375345856] | [INFO] | [CACHE] | CACHE_SAVED
2026-08-06 20:07:44 | [Thread 132994375345856] | [INFO] | [CACHE] | CACHE_SAVED
2026-08-06 20:07:44 | [Thread 132994375345856] | [INFO] | [CACHE] | CACHE_SAVED
2026-08-06 20:07:44 | [Thread 132994375345856] | [INFO] | [CACHE] | CACHE_SAVED
2026-08-06 20:07:44 | [Thread 132994375345856] | [INFO] | [CACHE] | CACHE_SAVED
2026-08-06 20:07:44 | [Thread 132994375345856] | [INFO] | [CACHE] | CACHE_SAVED
2026-08-06 20:07:44 | [Thread 132994375345856] | [INFO] | [CACHE] | CACHE_SAVED
2026-08-06 20:07:44 | [Thread 132994375345856] | [INFO] | [CACHE] | CACHE_SAVED
2026-08-06 20:07:44 | [Thread 132994375345856] | [INFO] | [CACHE] | CACHE_SAVED
2026-08-06 20:07:44 | [Thread 132994375345856] | [INFO] | [CACHE] | CACHE_SAVED
2026-08-06 20:07:44 | [Thread 132994375345856] | [INFO] | [CACHE] | CACHE_SAVED
2026-08-06 20:07:44 | [Thread 132994375345856] | [INFO] | [CACHE] | CACHE_SAVED
2026-08-06 20:07:44 | [Thread 132994375345856] | [INFO] | [CACHE] | CACHE_SAVED
2026-08-06 20:07:44 | [Thread 132994375345856] | [INFO] | [CACHE] | CACHE_SAVED
2026-08-06 20:07:44 | [Thread 132994375345856] | [INFO] | [CACHE] | CACHE_SAVED
2026-08-06 20:07:44 | [Thread 132994375345856] | [INFO] | [CACHE] | CACHE_SAVED
2026-08-06 20:07:44 | [Thread 132994375345856] | [INFO] | [CACHE] | CACHE_SAVED
2026-08-06 20:07:44 | [Thread 132994375345856] | [INFO] | [CACHE] | CACHE_SAVED
2026-08-06 20:07:44 | [Thread 132994375345856] | [INFO] | [CACHE] | CACHE_SAVED
2026-08-06 20:07:44 | [Thread 132994375345856] | [INFO] | [CACHE] | CACHE_SAVED
2026-08-06 20:07:44 | [Thread 132994375345856] | [INFO] | [CACHE] | CACHE_SAVED
2026-08-06 20:07:44 | [Thread 132994375345856] | [INFO] | [CACHE] | CACHE_SAVED
2026-08-06 20:07:44 | [Thread 132994375345856] | [INFO] | [CACHE] | CACHE_SAVED
2026-08-06 20:07:44 | [Thread 132994375345856] | [INFO] | [CACHE] | CACHE_SAVED
2026-08-06 20:07:44 | [Thread 132994375345856] | [INFO] | [CACHE] | CACHE_SAVED
2026-08-06 20:07:44 | [Thread 132994375345856] | [INFO] | [CACHE] | CACHE_SAVED
2026-08-06 20:07:44 | [Thread 132994375345856] | [INFO] | [CACHE] | CACHE_SAVED
2026-08-06 20:07:44 | [Thread 132994375345856] | [INFO] | [CACHE] | CACHE_SAVED
2026-08-06 20:07:44 | [Thread 132994375345856] | [INFO] | [CACHE] | CACHE_SAVED
2026-08-06 20:07:44 | [Thread 132994375345856] | [INFO] | [CACHE] | CACHE_SAVED
2026-08-06 20:07:44 | [Thread 132994375345856] | [INFO] | [CACHE] | CACHE_SAVED
2026-08-06 20:07:44 | [Thread 132994375345856] | [INFO] | [CACHE] | CACHE_SAVED
2026-08-06 20:07:44 | [Thread 132994375345856] | [INFO] | [CACHE] | CACHE_SAVED
2026-08-06 20:07:44 | [Thread 132994375345856] | [INFO] | [CACHE] | CACHE_SAVED
2026-08-06 20:07:44 | [Thread 132994375345856] | [INFO] | [CACHE] | CACHE_SAVED
2026-08-06 20:07:44 | [Thread 132994375345856] | [INFO] | [CACHE] | CACHE_SAVED
2026-08-06 20:07:44 | [Thread 132994375345856] | [INFO] | [CACHE] | CACHE_SAVED
2026-08-06 20:07:45 | [Thread 132994375345856] | [INFO] | [CACHE] | CACHE_SAVED
2026-08-06 20:07:45 | [Thread 132994375345856] | [INFO] | [CACHE] | CACHE_SAVED
2026-08-06 20:07:45 | [Thread 132994375345856] | [INFO] | [CACHE] | CACHE_SAVED
2026-08-06 20:07:45 | [Thread 132994375345856] | [INFO] | [CACHE] | CACHE_SAVED
2026-08-06 20:07:45 | [Thread 132994375345856] | [INFO] | [CACHE] | CACHE_SAVED
2026-08-06 20:07:45 | [Thread 132994375345856] | [INFO] | [CACHE] | CACHE_SAVED
2026-08-06 20:07:45 | [Thread 132994375345856] | [INFO] | [CACHE] | CACHE_SAVED
2026-08-06 20:07:45 | [Thread 132994375345856] | [INFO] | [CACHE] | CACHE_SAVED
2026-08-06 20:07:45 | [Thread 132994375345856] | [INFO] | [CACHE] | CACHE_SAVED
2026-08-06 20:07:45 | [Thread 132994375345856] | [INFO] | [CACHE] | CACHE_SAVED
2026-08-06 20:07:45 | [Thread 132994375345856] | [INFO] | [CACHE] | CACHE_SAVED
2026-08-06 20:07:45 | [Thread 132994375345856] | [INFO] | [CACHE] | CACHE_SAVED
2026-08-06 20:07:45 | [Thread 132994375345856] | [INFO] | [CACHE] | CACHE_SAVED
2026-08-06 20:07:45 | [Thread 132994375345856] | [INFO] | [CACHE] | CACHE_SAVED
2026-08-06 20:07:45 | [Thread 132994375345856] | [INFO] | [CACHE] | CACHE_SAVED
2026-08-06 20:07:45 | [Thread 132994375345856] | [INFO] | [CACHE] | CACHE_SAVED
2026-08-06 20:07:45 | [Thread 132994375345856] | [INFO] | [CACHE] | CACHE_SAVED
2026-08-06 20:07:45 | [Thread 132994375345856] | [INFO] | [CACHE] | CACHE_SAVED
2026-08-06 20:07:45 | [Thread 132994375345856] | [INFO] | [CACHE] | CACHE_SAVED
2026-08-06 20:07:45 | [Thread 132994375345856] | [INFO] | [CACHE] | CACHE_SAVED
2026-08-06 20:07:45 | [Thread 132994375345856] | [INFO] | [CACHE] | CACHE_SAVED
2026-08-06 20:07:45 | [Thread 132994375345856] | [INFO] | [CACHE] | CACHE_SAVED
2026-08-06 20:07:45 | [Thread 132994375345856] | [INFO] | [CACHE] | CACHE_SAVED
2026-08-06 20:07:45 | [Thread 132994375345856] | [INFO] | [CACHE] | CACHE_SAVED
2026-08-06 20:07:45 | [Thread 132994375345856] | [INFO] | [CACHE] | CACHE_SAVED
2026-08-06 20:07:45 | [Thread 132994375345856] | [INFO] | [CACHE] | CACHE_SAVED
2026-08-06 20:07:45 | [Thread 132994375345856] | [INFO] | [CACHE] | CACHE_SAVED
2026-08-06 20:07:45 | [Thread 132994375345856] | [INFO] | [CACHE] | CACHE_SAVED
2026-08-06 20:07:45 | [Thread 132994375345856] | [INFO] | [CACHE] | CACHE_SAVED
2026-08-06 20:07:45 | [Thread 132994375345856] | [INFO] | [CACHE] | CACHE_SAVED
2026-08-06 20:07:45 | [Thread 132994375345856] | [INFO] | [CACHE] | CACHE_SAVED
2026-08-06 20:07:45 | [Thread 132994375345856] | [INFO] | [CACHE] | CACHE_SAVED
2026-08-06 20:07:45 | [Thread 132994375345856] | [INFO] | [CACHE] | CACHE_SAVED
2026-08-06 20:07:45 | [Thread 132994375345856] | [INFO] | [CACHE] | CACHE_SAVED
2026-08-06 20:07:45 | [Thread 132994375345856] | [INFO] | [CACHE] | CACHE_SAVED
2026-08-06 20:07:45 | [Thread 132994375345856] | [INFO] | [CACHE] | CACHE_SAVED
2026-08-06 20:07:45 | [Thread 132994375345856] | [INFO] | [CACHE] | CACHE_SAVED
2026-08-06 20:07:45 | [Thread 132994375345856] | [INFO] | [CACHE] | CACHE_SAVED
2026-08-06 20:07:45 | [Thread 132994375345856] | [INFO] | [CACHE] | CACHE_SAVED
2026-08-06 20:07:45 | [Thread 132994375345856] | [INFO] | [CACHE] | CACHE_SAVED
2026-08-06 20:07:45 | [Thread 132994375345856] | [INFO] | [CACHE] | CACHE_SAVED
2026-08-06 20:07:45 | [Thread 132994375345856] | [INFO] | [CACHE] | CACHE_SAVED
2026-08-06 20:07:45 | [Thread 132994375345856] | [INFO] | [CACHE] | CACHE_SAVED
2026-08-06 20:07:45 | [Thread 132994375345856] | [INFO] | [CACHE] | CACHE_SAVED
2026-08-06 20:07:45 | [Thread 132994375345856] | [INFO] | [CACHE] | CACHE_SAVED
2026-08-06 20:07:45 | [Thread 132994375345856] | [INFO] | [CACHE] | CACHE_SAVED
2026-08-06 20:07:45 | [Thread 132994375345856] | [INFO] | [CACHE] | CACHE_SAVED
2026-08-06 20:07:45 | [Thread 132994375345856] | [INFO] | [CACHE] | CACHE_SAVED
2026-08-06 20:07:45 | [Thread 132994375345856] | [INFO] | [CACHE] | CACHE_SAVED
2026-08-06 20:07:45 | [Thread 132994375345856] | [INFO] | [CACHE] | CACHE_SAVED
2026-08-06 20:07:45 | [Thread 132994375345856] | [INFO] | [CACHE] | CACHE_SAVED
2026-08-06 20:07:45 | [Thread 132994375345856] | [INFO] | [CACHE] | CACHE_SAVED
2026-08-06 20:07:45 | [Thread 132994375345856] | [INFO] | [CACHE] | CACHE_SAVED
2026-08-06 20:07:45 | [Thread 132994375345856] | [INFO] | [CACHE] | CACHE_SAVED
2026-08-06 20:07:45 | [Thread 132994375345856] | [INFO] | [CACHE] | CACHE_SAVED
2026-08-06 20:07:45 | [Thread 132994375345856] | [INFO] | [CACHE] | CACHE_SAVED
2026-08-06 20:07:45 | [Thread 132994375345856] | [INFO] | [CACHE] | CACHE_SAVED
2026-08-06 20:07:45 | [Thread 132994375345856] | [INFO] | [CACHE] | CACHE_SAVED
2026-08-06 20:07:45 | [Thread 132994375345856] | [INFO] | [CACHE] | CACHE_SAVED
2026-08-06 20:07:45 | [Thread 132994375345856] | [INFO] | [CACHE] | CACHE_SAVED
2026-08-06 20:07:45 | [Thread 132994375345856] | [INFO] | [CACHE] | CACHE_SAVED
2026-08-06 20:07:45 | [Thread 132994375345856] | [INFO] | [CACHE] | CACHE_SAVED
2026-08-06 20:07:45 | [Thread 132994375345856] | [INFO] | [CACHE] | CACHE_SAVED
2026-08-06 20:07:45 | [Thread 132994375345856] | [INFO] | [CACHE] | CACHE_SAVED
2026-08-06 20:07:45 | [Thread 132994375345856] | [INFO] | [CACHE] | CACHE_SAVED
2026-08-06 20:07:45 | [Thread 132994375345856] | [INFO] | [CACHE] | CACHE_SAVED
2026-08-06 20:07:45 | [Thread 132994375345856] | [INFO] | [CACHE] | CACHE_SAVED
2026-08-06 20:07:45 | [Thread 132994375345856] | [INFO] | [CACHE] | CACHE_SAVED
2026-08-06 20:07:45 | [Thread 132994375345856] | [INFO] | [CACHE] | CACHE_SAVED
2026-08-06 20:07:45 | [Thread 132994375345856] | [INFO] | [CACHE] | CACHE_SAVED
2026-08-06 20:07:45 | [Thread 132994375345856] | [INFO] | [CACHE] | CACHE_SAVED
2026-08-06 20:07:45 | [Thread 132994375345856] | [INFO] | [CACHE] | CACHE_SAVED
2026-08-06 20:07:45 | [Thread 132994375345856] | [INFO] | [CACHE] | CACHE_SAVED
2026-08-06 20:07:45 | [Thread 132994375345856] | [INFO] | [CACHE] | CACHE_SAVED
2026-08-06 20:07:45 | [Thread 132994375345856] | [INFO] | [CACHE] | CACHE_SAVED
2026-08-06 20:07:45 | [Thread 132994375345856] | [INFO] | [CACHE] | CACHE_SAVED
2026-08-06 20:07:45 | [Thread 132994375345856] | [INFO] | [CACHE] | CACHE_SAVED
2026-08-06 20:07:45 | [Thread 132994375345856] | [INFO] | [CACHE] | CACHE_SAVED
2026-08-06 20:07:45 | [Thread 132994375345856] | [INFO] | [CACHE] | CACHE_SAVED
2026-08-06 20:07:45 | [Thread 132994375345856] | [INFO] | [CACHE] | CACHE_SAVED
2026-08-06 20:07:45 | [Thread 132994375345856] | [INFO] | [CACHE] | CACHE_SAVED
2026-08-06 20:07:45 | [Thread 132994375345856] | [INFO] | [CACHE] | CACHE_SAVED
2026-08-06 20:07:45 | [Thread 132994375345856] | [INFO] | [CACHE] | CACHE_SAVED
2026-08-06 20:07:45 | [Thread 132994375345856] | [INFO] | [CACHE] | CACHE_SAVED
2026-08-06 20:07:45 | [Thread 132994375345856] | [INFO] | [CACHE] | CACHE_SAVED
2026-08-06 20:07:45 | [Thread 132994375345856] | [INFO] | [CACHE] | CACHE_SAVED
2026-08-06 20:07:45 | [Thread 132994375345856] | [INFO] | [CACHE] | CACHE_SAVED
2026-08-06 20:07:45 | [Thread 132994375345856] | [INFO] | [CACHE] | CACHE_SAVED
2026-08-06 20:07:45 | [Thread 132994375345856] | [INFO] | [CACHE] | CACHE_SAVED
2026-08-06 20:07:45 | [Thread 132994375345856] | [INFO] | [CACHE] | CACHE_SAVED
2026-08-06 20:07:45 | [Thread 132994375345856] | [INFO] | [CACHE] | CACHE_SAVED
2026-08-06 20:07:45 | [Thread 132994375345856] | [INFO] | [CACHE] | CACHE_SAVED
2026-08-06 20:07:45 | [Thread 132994375345856] | [INFO] | [CACHE] | CACHE_SAVED
2026-08-06 20:07:45 | [Thread 132994375345856] | [INFO] | [CACHE] | CACHE_SAVED
2026-08-06 20:07:45 | [Thread 132994375345856] | [INFO] | [CACHE] | CACHE_SAVED
2026-08-06 20:07:45 | [Thread 132994375345856] | [INFO] | [CACHE] | CACHE_SAVED
2026-08-06 20:07:45 | [Thread 132994375345856] | [INFO] | [CACHE] | CACHE_SAVED
2026-08-06 20:07:45 | [Thread 132994375345856] | [INFO] | [CACHE] | CACHE_SAVED
2026-08-06 20:07:45 | [Thread 132994375345856] | [INFO] | [CACHE] | CACHE_SAVED
2026-08-06 20:07:45 | [Thread 132994375345856] | [INFO] | [CACHE] | CACHE_SAVED
2026-08-06 20:07:45 | [Thread 132994375345856] | [INFO] | [CACHE] | CACHE_SAVED
2026-08-06 20:07:45 | [Thread 132994375345856] | [INFO] | [CACHE] | CACHE_SAVED
2026-08-06 20:07:45 | [Thread 132994375345856] | [INFO] | [CACHE] | CACHE_SAVED
2026-08-06 20:07:45 | [Thread 132994375345856] | [INFO] | [CACHE] | CACHE_SAVED
2026-08-06 20:07:45 | [Thread 132994375345856] | [INFO] | [CACHE] | CACHE_SAVED
2026-08-06 20:07:45 | [Thread 132994375345856] | [INFO] | [CACHE] | CACHE_SAVED
2026-08-06 20:07:45 | [Thread 132994375345856] | [INFO] | [CACHE] | CACHE_SAVED
2026-08-06 20:07:45 | [Thread 132994375345856] | [INFO] | [CACHE] | CACHE_SAVED
2026-08-06 20:07:45 | [Thread 132994375345856] | [INFO] | [CACHE] | CACHE_SAVED
2026-08-06 20:07:45 | [Thread 132994375345856] | [INFO] | [CACHE] | CACHE_SAVED
2026-08-06 20:07:45 | [Thread 132994375345856] | [INFO] | [CACHE] | CACHE_SAVED
2026-08-06 20:07:45 | [Thread 132994375345856] | [INFO] | [CACHE] | CACHE_SAVED
2026-08-06 20:07:45 | [Thread 132994375345856] | [INFO] | [CACHE] | CACHE_SAVED
2026-08-06 20:07:45 | [Thread 132994375345856] | [INFO] | [CACHE] | CACHE_SAVED
2026-08-06 20:07:45 | [Thread 132994375345856] | [INFO] | [CACHE] | CACHE_SAVED
2026-08-06 20:07:45 | [Thread 132994375345856] | [INFO] | [CACHE] | CACHE_SAVED
2026-08-06 20:07:45 | [Thread 132994375345856] | [INFO] | [CACHE] | CACHE_SAVED
2026-08-06 20:07:45 | [Thread 132994375345856] | [INFO] | [CACHE] | CACHE_SAVED
2026-08-06 20:07:45 | [Thread 132994375345856] | [INFO] | [CACHE] | CACHE_SAVED
2026-08-06 20:07:45 | [Thread 132994375345856] | [INFO] | [CACHE] | CACHE_SAVED
2026-08-06 20:07:45 | [Thread 132994375345856] | [INFO] | [CACHE] | CACHE_SAVED
2026-08-06 20:07:45 | [Thread 132994375345856] | [INFO] | [CACHE] | CACHE_SAVED
2026-08-06 20:07:45 | [Thread 132994375345856] | [INFO] | [CACHE] | CACHE_SAVED
2026-08-06 20:07:45 | [Thread 132994375345856] | [INFO] | [CACHE] | CACHE_SAVED
2026-08-06 20:07:45 | [Thread 132994375345856] | [INFO] | [CACHE] | CACHE_SAVED
2026-08-06 20:07:45 | [Thread 132994375345856] | [INFO] | [CACHE] | CACHE_SAVED
2026-08-06 20:07:45 | [Thread 132994375345856] | [INFO] | [CACHE] | CACHE_SAVED
2026-08-06 20:07:45 | [Thread 132994375345856] | [INFO] | [CACHE] | CACHE_SAVED
2026-08-06 20:07:45 | [Thread 132994375345856] | [INFO] | [CACHE] | CACHE_SAVED
2026-08-06 20:07:45 | [Thread 132994375345856] | [INFO] | [CACHE] | CACHE_SAVED
2026-08-06 20:07:45 | [Thread 132994375345856] | [INFO] | [CACHE] | CACHE_SAVED
2026-08-06 20:07:45 | [Thread 132994375345856] | [INFO] | [CACHE] | CACHE_SAVED
2026-08-06 20:07:45 | [Thread 132994375345856] | [INFO] | [CACHE] | CACHE_SAVED
2026-08-06 20:07:45 | [Thread 132994375345856] | [INFO] | [CACHE] | CACHE_SAVED
2026-08-06 20:07:45 | [Thread 132994375345856] | [INFO] | [CACHE] | CACHE_SAVED
2026-08-06 20:07:45 | [Thread 132994375345856] | [INFO] | [CACHE] | CACHE_SAVED
2026-08-06 20:07:45 | [Thread 132994375345856] | [INFO] | [CACHE] | CACHE_SAVED
2026-08-06 20:07:45 | [Thread 132994375345856] | [INFO] | [CACHE] | CACHE_SAVED
2026-08-06 20:07:45 | [Thread 132994375345856] | [INFO] | [CACHE] | CACHE_SAVED
2026-08-06 20:07:45 | [Thread 132994375345856] | [INFO] | [CACHE] | CACHE_SAVED
2026-08-06 20:07:45 | [Thread 132994375345856] | [INFO] | [CACHE] | CACHE_SAVED
2026-08-06 20:07:45 | [Thread 132994375345856] | [INFO] | [CACHE] | CACHE_SAVED
2026-08-06 20:07:45 | [Thread 132994375345856] | [INFO] | [CACHE] | CACHE_SAVED
2026-08-06 20:07:45 | [Thread 132994375345856] | [INFO] | [CACHE] | CACHE_SAVED
2026-08-06 20:07:45 | [Thread 132994375345856] | [INFO] | [CACHE] | CACHE_SAVED
2026-08-06 20:07:45 | [Thread 132994375345856] | [INFO] | [CACHE] | CACHE_SAVED
2026-08-06 20:07:45 | [Thread 132994375345856] | [INFO] | [CACHE] | CACHE_SAVED
2026-08-06 20:07:45 | [Thread 132994375345856] | [INFO] | [CACHE] | CACHE_SAVED
2026-08-06 20:07:45 | [Thread 132994375345856] | [INFO] | [CACHE] | CACHE_SAVED
2026-08-06 20:07:45 | [Thread 132994375345856] | [INFO] | [CACHE] | CACHE_SAVED
2026-08-06 20:07:45 | [Thread 132994375345856] | [INFO] | [CACHE] | CACHE_SAVED
2026-08-06 20:07:45 | [Thread 132994375345856] | [INFO] | [CACHE] | CACHE_SAVED
2026-08-06 20:07:45 | [Thread 132994375345856] | [INFO] | [CACHE] | CACHE_SAVED
2026-08-06 20:07:45 | [Thread 132994375345856] | [INFO] | [CACHE] | CACHE_SAVED
2026-08-06 20:07:45 | [Thread 132994375345856] | [INFO] | [CACHE] | CACHE_SAVED
2026-08-06 20:07:45 | [Thread 132994375345856] | [INFO] | [CACHE] | CACHE_SAVED
2026-08-06 20:07:45 | [Thread 132994375345856] | [INFO] | [CACHE] | CACHE_SAVED
2026-08-06 20:07:45 | [Thread 132994375345856] | [INFO] | [CACHE] | CACHE_SAVED
2026-08-06 20:07:45 | [Thread 132994375345856] | [INFO] | [CACHE] | CACHE_SAVED
2026-08-06 20:07:45 | [Thread 132994375345856] | [INFO] | [CACHE] | CACHE_SAVED
2026-08-06 20:07:45 | [Thread 132994375345856] | [INFO] | [CACHE] | CACHE_SAVED
2026-08-06 20:07:45 | [Thread 132994375345856] | [INFO] | [CACHE] | CACHE_SAVED
2026-08-06 20:07:45 | [Thread 132994375345856] | [INFO] | [CACHE] | CACHE_SAVED
2026-08-06 20:07:45 | [Thread 132994375345856] | [INFO] | [CACHE] | CACHE_SAVED
2026-08-06 20:07:45 | [Thread 132994375345856] | [INFO] | [CACHE] | CACHE_SAVED
2026-08-06 20:07:45 | [Thread 132994375345856] | [INFO] | [CACHE] | CACHE_SAVED
2026-08-06 20:07:45 | [Thread 132994375345856] | [INFO] | [CACHE] | CACHE_SAVED
2026-08-06 20:07:45 | [Thread 132994375345856] | [INFO] | [CACHE] | CACHE_SAVED
2026-08-06 20:07:45 | [Thread 132994375345856] | [INFO] | [CACHE] | CACHE_SAVED
2026-08-06 20:07:45 | [Thread 132994375345856] | [INFO] | [CACHE] | CACHE_SAVED
2026-08-06 20:07:45 | [Thread 132994375345856] | [INFO] | [CACHE] | CACHE_SAVED
2026-08-06 20:07:45 | [Thread 132994375345856] | [INFO] | [CACHE] | CACHE_SAVED
2026-08-06 20:07:45 | [Thread 132994375345856] | [INFO] | [CACHE] | CACHE_SAVED
2026-08-06 20:07:45 | [Thread 132994375345856] | [INFO] | [CACHE] | CACHE_SAVED
2026-08-06 20:07:45 | [Thread 132994375345856] | [INFO] | [CACHE] | CACHE_SAVED
2026-08-06 20:07:45 | [Thread 132994375345856] | [INFO] | [CACHE] | CACHE_SAVED
2026-08-06 20:07:45 | [Thread 132994375345856] | [INFO] | [CACHE] | CACHE_SAVED
2026-08-06 20:07:45 | [Thread 132994375345856] | [INFO] | [CACHE] | CACHE_SAVED
2026-08-06 20:07:45 | [Thread 132994375345856] | [INFO] | [CACHE] | CACHE_SAVED
2026-08-06 20:07:45 | [Thread 132994375345856] | [INFO] | [CACHE] | CACHE_SAVED
2026-08-06 20:07:45 | [Thread 132994375345856] | [INFO] | [CACHE] | CACHE_SAVED
2026-08-06 20:07:45 | [Thread 132994375345856] | [INFO] | [CACHE] | CACHE_SAVED
2026-08-06 20:07:45 | [Thread 132994375345856] | [INFO] | [CACHE] | CACHE_SAVED
2026-08-06 20:07:45 | [Thread 132994375345856] | [INFO] | [CACHE] | CACHE_SAVED
2026-08-06 20:07:45 | [Thread 132994375345856] | [INFO] | [CACHE] | CACHE_SAVED
2026-08-06 20:07:45 | [Thread 132994375345856] | [INFO] | [CACHE] | CACHE_SAVED
2026-08-06 20:07:45 | [Thread 132994375345856] | [INFO] | [CACHE] | CACHE_SAVED
2026-08-06 20:07:45 | [Thread 132994375345856] | [INFO] | [CACHE] | CACHE_SAVED
2026-08-06 20:07:45 | [Thread 132994375345856] | [INFO] | [CACHE] | CACHE_SAVED
2026-08-06 20:07:45 | [Thread 132994375345856] | [INFO] | [CACHE] | CACHE_SAVED
2026-08-06 20:07:45 | [Thread 132994375345856] | [INFO] | [CACHE] | CACHE_SAVED
2026-08-06 20:07:45 | [Thread 132994375345856] | [INFO] | [CACHE] | CACHE_SAVED
2026-08-06 20:07:45 | [Thread 132994375345856] | [INFO] | [CACHE] | CACHE_SAVED
2026-08-06 20:07:45 | [Thread 132994375345856] | [INFO] | [CACHE] | CACHE_SAVED
2026-08-06 20:07:45 | [Thread 132994375345856] | [INFO] | [CACHE] | CACHE_SAVED
2026-08-06 20:07:45 | [Thread 132994375345856] | [INFO] | [CACHE] | CACHE_SAVED
2026-08-06 20:07:45 | [Thread 132994375345856] | [INFO] | [CACHE] | CACHE_SAVED
2026-08-06 20:07:45 | [Thread 132994375345856] | [INFO] | [CACHE] | CACHE_SAVED
2026-08-06 20:07:45 | [Thread 132994375345856] | [INFO] | [CACHE] | CACHE_SAVED
2026-08-06 20:07:45 | [Thread 132994375345856] | [INFO] | [CACHE] | CACHE_SAVED
2026-08-06 20:07:45 | [Thread 132994375345856] | [INFO] | [CACHE] | CACHE_SAVED
2026-08-06 20:07:45 | [Thread 132994375345856] | [INFO] | [CACHE] | CACHE_SAVED
2026-08-06 20:07:45 | [Thread 132994375345856] | [INFO] | [CACHE] | CACHE_SAVED
2026-08-06 20:07:45 | [Thread 132994375345856] | [INFO] | [CACHE] | CACHE_SAVED
2026-08-06 20:07:45 | [Thread 132994375345856] | [INFO] | [CACHE] | CACHE_SAVED
2026-08-06 20:07:45 | [Thread 132994375345856] | [INFO] | [CACHE] | CACHE_SAVED
2026-08-06 20:07:45 | [Thread 132994375345856] | [INFO] | [CACHE] | CACHE_SAVED
2026-08-06 20:07:45 | [Thread 132994375345856] | [INFO] | [CACHE] | CACHE_SAVED
2026-08-06 20:07:45 | [Thread 132994375345856] | [INFO] | [CACHE] | CACHE_SAVED
2026-08-06 20:07:45 | [Thread 132994375345856] | [INFO] | [CACHE] | CACHE_SAVED
2026-08-06 20:07:45 | [Thread 132994375345856] | [INFO] | [CACHE] | CACHE_SAVED
2026-08-06 20:07:45 | [Thread 132994375345856] | [INFO] | [CACHE] | CACHE_SAVED
2026-08-06 20:07:45 | [Thread 132994375345856] | [INFO] | [CACHE] | CACHE_SAVED
2026-08-06 20:07:45 | [Thread 132994375345856] | [INFO] | [CACHE] | CACHE_SAVED
2026-08-06 20:07:45 | [Thread 132994375345856] | [INFO] | [CACHE] | CACHE_SAVED
2026-08-06 20:07:45 | [Thread 132994375345856] | [INFO] | [CACHE] | CACHE_SAVED
2026-08-06 20:07:45 | [Thread 132994375345856] | [INFO] | [CACHE] | CACHE_SAVED
2026-08-06 20:07:45 | [Thread 132994375345856] | [INFO] | [CACHE] | CACHE_SAVED
2026-08-06 20:07:45 | [Thread 132994375345856] | [INFO] | [CACHE] | CACHE_SAVED
2026-08-06 20:07:45 | [Thread 132994375345856] | [INFO] | [CACHE] | CACHE_SAVED
2026-08-06 20:07:45 | [Thread 132994375345856] | [INFO] | [CACHE] | CACHE_SAVED
2026-08-06 20:07:45 | [Thread 132994375345856] | [INFO] | [CACHE] | CACHE_SAVED
2026-08-06 20:07:45 | [Thread 132994375345856] | [INFO] | [CACHE] | CACHE_SAVED
2026-08-06 20:07:45 | [Thread 132994375345856] | [INFO] | [CACHE] | CACHE_SAVED
2026-08-06 20:07:45 | [Thread 132994375345856] | [INFO] | [CACHE] | CACHE_SAVED
2026-08-06 20:07:45 | [Thread 132994375345856] | [INFO] | [CACHE] | CACHE_SAVED
2026-08-06 20:07:45 | [Thread 132994375345856] | [INFO] | [CACHE] | CACHE_SAVED
2026-08-06 20:07:45 | [Thread 132994375345856] | [INFO] | [CACHE] | CACHE_SAVED
2026-08-06 20:07:45 | [Thread 132994375345856] | [INFO] | [CACHE] | CACHE_SAVED
2026-08-06 20:07:45 | [Thread 132994375345856] | [INFO] | [CACHE] | CACHE_SAVED
2026-08-06 20:07:45 | [Thread 132994375345856] | [INFO] | [CACHE] | CACHE_SAVED
2026-08-06 20:07:45 | [Thread 132994375345856] | [INFO] | [CACHE] | CACHE_SAVED
2026-08-06 20:07:45 | [Thread 132994375345856] | [INFO] | [CACHE] | CACHE_SAVED
2026-08-06 20:07:45 | [Thread 132994375345856] | [INFO] | [CACHE] | CACHE_SAVED
2026-08-06 20:07:45 | [Thread 132994375345856] | [INFO] | [CACHE] | CACHE_SAVED
2026-08-06 20:07:45 | [Thread 132994375345856] | [INFO] | [CACHE] | CACHE_SAVED
2026-08-06 20:07:45 | [Thread 132994375345856] | [INFO] | [CACHE] | CACHE_SAVED
2026-08-06 20:07:45 | [Thread 132994375345856] | [INFO] | [CACHE] | CACHE_SAVED
2026-08-06 20:07:45 | [Thread 132994375345856] | [INFO] | [CACHE] | CACHE_SAVED
2026-08-06 20:07:45 | [Thread 132994375345856] | [INFO] | [CACHE] | CACHE_SAVED
2026-08-06 20:07:45 | [Thread 132994375345856] | [INFO] | [CACHE] | CACHE_SAVED
2026-08-06 20:07:45 | [Thread 132994375345856] | [INFO] | [CACHE] | CACHE_SAVED
2026-08-06 20:07:45 | [Thread 132994375345856] | [INFO] | [CACHE] | CACHE_SAVED
2026-08-06 20:07:45 | [Thread 132994375345856] | [INFO] | [CACHE] | CACHE_SAVED
2026-08-06 20:07:45 | [Thread 132994375345856] | [INFO] | [CACHE] | CACHE_SAVED
2026-08-06 20:07:45 | [Thread 132994375345856] | [INFO] | [CACHE] | CACHE_SAVED
2026-08-06 20:07:45 | [Thread 132994375345856] | [INFO] | [CACHE] | CACHE_SAVED
2026-08-06 20:07:45 | [Thread 132994375345856] | [INFO] | [CACHE] | CACHE_SAVED
2026-08-06 20:07:45 | [Thread 132994375345856] | [INFO] | [CACHE] | CACHE_SAVED
2026-08-06 20:07:45 | [Thread 132994375345856] | [INFO] | [CACHE] | CACHE_SAVED
2026-08-06 20:07:45 | [Thread 132994375345856] | [INFO] | [CACHE] | CACHE_SAVED
2026-08-06 20:07:45 | [Thread 132994375345856] | [INFO] | [CACHE] | CACHE_SAVED
2026-08-06 20:07:45 | [Thread 132994375345856] | [INFO] | [CACHE] | CACHE_SAVED
2026-08-06 20:07:45 | [Thread 132994375345856] | [INFO] | [CACHE] | CACHE_SAVED
2026-08-06 20:07:45 | [Thread 132994375345856] | [INFO] | [CACHE] | CACHE_SAVED
2026-08-06 20:07:45 | [Thread 132994375345856] | [INFO] | [CACHE] | CACHE_SAVED
2026-08-06 20:07:45 | [Thread 132994375345856] | [INFO] | [CACHE] | CACHE_SAVED
2026-08-06 20:07:45 | [Thread 132994375345856] | [INFO] | [CACHE] | CACHE_SAVED
2026-08-06 20:07:45 | [Thread 132994375345856] | [INFO] | [CACHE] | CACHE_SAVED
2026-08-06 20:07:45 | [Thread 132994375345856] | [INFO] | [CACHE] | CACHE_SAVED
2026-08-06 20:07:45 | [Thread 132994375345856] | [INFO] | [CACHE] | CACHE_SAVED
2026-08-06 20:07:45 | [Thread 132994375345856] | [INFO] | [CACHE] | CACHE_SAVED
2026-08-06 20:07:45 | [Thread 132994375345856] | [INFO] | [CACHE] | CACHE_SAVED
2026-08-06 20:07:45 | [Thread 132994375345856] | [INFO] | [CACHE] | CACHE_SAVED
2026-08-06 20:07:45 | [Thread 132994375345856] | [INFO] | [CACHE] | CACHE_SAVED
2026-08-06 20:07:45 | [Thread 132994375345856] | [INFO] | [CACHE] | CACHE_SAVED
2026-08-06 20:07:45 | [Thread 132994375345856] | [INFO] | [CACHE] | CACHE_SAVED
2026-08-06 20:07:45 | [Thread 132994375345856] | [INFO] | [CACHE] | CACHE_SAVED
2026-08-06 20:07:45 | [Thread 132994375345856] | [INFO] | [CACHE] | CACHE_SAVED
2026-08-06 20:07:45 | [Thread 132994375345856] | [INFO] | [CACHE] | CACHE_SAVED
2026-08-06 20:07:45 | [Thread 132994375345856] | [INFO] | [CACHE] | CACHE_SAVED
2026-08-06 20:07:45 | [Thread 132994375345856] | [INFO] | [CACHE] | CACHE_SAVED
2026-08-06 20:07:45 | [Thread 132994375345856] | [INFO] | [CACHE] | CACHE_SAVED
2026-08-06 20:07:45 | [Thread 132994375345856] | [INFO] | [CACHE] | CACHE_SAVED
2026-08-06 20:07:45 | [Thread 132994375345856] | [INFO] | [CACHE] | CACHE_SAVED
2026-08-06 20:07:45 | [Thread 132994375345856] | [INFO] | [CACHE] | CACHE_SAVED
2026-08-06 20:07:45 | [Thread 132994375345856] | [INFO] | [CACHE] | CACHE_SAVED
2026-08-06 20:07:45 | [Thread 132994375345856] | [INFO] | [CACHE] | CACHE_SAVED
2026-08-06 20:07:45 | [Thread 132994375345856] | [INFO] | [CACHE] | CACHE_SAVED
2026-08-06 20:07:45 | [Thread 132994375345856] | [INFO] | [CACHE] | CACHE_SAVED
2026-08-06 20:07:45 | [Thread 132994375345856] | [INFO] | [CACHE] | CACHE_SAVED
2026-08-06 20:07:45 | [Thread 132994375345856] | [INFO] | [CACHE] | CACHE_SAVED
2026-08-06 20:07:45 | [Thread 132994375345856] | [INFO] | [CACHE] | CACHE_SAVED
2026-08-06 20:07:45 | [Thread 132994375345856] | [INFO] | [CACHE] | CACHE_SAVED
2026-08-06 20:07:45 | [Thread 132994375345856] | [INFO] | [CACHE] | CACHE_SAVED
2026-08-06 20:07:45 | [Thread 132994375345856] | [INFO] | [CACHE] | CACHE_SAVED
2026-08-06 20:07:45 | [Thread 132994375345856] | [INFO] | [CACHE] | CACHE_SAVED
2026-08-06 20:07:45 | [Thread 132994375345856] | [INFO] | [CACHE] | CACHE_SAVED
2026-08-06 20:07:45 | [Thread 132994375345856] | [INFO] | [CACHE] | CACHE_SAVED
2026-08-06 20:07:45 | [Thread 132994375345856] | [INFO] | [CACHE] | CACHE_SAVED
2026-08-06 20:07:45 | [Thread 132994375345856] | [INFO] | [CACHE] | CACHE_SAVED
2026-08-06 20:07:45 | [Thread 132994375345856] | [INFO] | [CACHE] | CACHE_SAVED
2026-08-06 20:07:45 | [Thread 132994375345856] | [INFO] | [CACHE] | CACHE_SAVED
2026-08-06 20:07:45 | [Thread 132994375345856] | [INFO] | [CACHE] | CACHE_SAVED
2026-08-06 20:07:45 | [Thread 132994375345856] | [INFO] | [CACHE] | CACHE_SAVED
2026-08-06 20:07:45 | [Thread 132994375345856] | [INFO] | [CACHE] | CACHE_SAVED
2026-08-06 20:07:45 | [Thread 132994375345856] | [INFO] | [CACHE] | CACHE_SAVED
2026-08-06 20:07:45 | [Thread 132994375345856] | [INFO] | [CACHE] | CACHE_SAVED
2026-08-06 20:07:45 | [Thread 132994375345856] | [INFO] | [CACHE] | CACHE_SAVED
2026-08-06 20:07:45 | [Thread 132994375345856] | [INFO] | [CACHE] | CACHE_SAVED
2026-08-06 20:07:45 | [Thread 132994375345856] | [INFO] | [CACHE] | CACHE_SAVED
2026-08-06 20:07:45 | [Thread 132994375345856] | [INFO] | [CACHE] | CACHE_SAVED
2026-08-06 20:07:45 | [Thread 132994375345856] | [INFO] | [CACHE] | CACHE_SAVED
2026-08-06 20:07:45 | [Thread 132994375345856] | [INFO] | [CACHE] | CACHE_SAVED
2026-08-06 20:07:45 | [Thread 132994375345856] | [INFO] | [CACHE] | CACHE_SAVED
2026-08-06 20:07:45 | [Thread 132994375345856] | [INFO] | [CACHE] | CACHE_SAVED
2026-08-06 20:07:45 | [Thread 132994375345856] | [INFO] | [CACHE] | CACHE_SAVED
2026-08-06 20:07:45 | [Thread 132994375345856] | [INFO] | [CACHE] | CACHE_SAVED
2026-08-06 20:07:45 | [Thread 132994375345856] | [INFO] | [CACHE] | CACHE_SAVED
2026-08-06 20:07:45 | [Thread 132994375345856] | [INFO] | [CACHE] | CACHE_SAVED
2026-08-06 20:07:45 | [Thread 132994375345856] | [INFO] | [CACHE] | CACHE_SAVED
2026-08-06 20:07:45 | [Thread 132994375345856] | [INFO] | [CACHE] | CACHE_SAVED
2026-08-06 20:07:45 | [Thread 132994375345856] | [INFO] | [CACHE] | CACHE_SAVED
2026-08-06 20:07:45 | [Thread 132994375345856] | [INFO] | [CACHE] | CACHE_SAVED
2026-08-06 20:07:45 | [Thread 132994375345856] | [INFO] | [CACHE] | CACHE_SAVED
2026-08-06 20:07:45 | [Thread 132994375345856] | [INFO] | [CACHE] | CACHE_SAVED
2026-08-06 20:07:45 | [Thread 132994375345856] | [INFO] | [CACHE] | CACHE_SAVED
2026-08-06 20:07:45 | [Thread 132994375345856] | [INFO] | [CACHE] | CACHE_SAVED
2026-08-06 20:07:45 | [Thread 132994375345856] | [INFO] | [CACHE] | CACHE_SAVED
2026-08-06 20:07:45 | [Thread 132994375345856] | [INFO] | [CACHE] | CACHE_SAVED
2026-08-06 20:07:45 | [Thread 132994375345856] | [INFO] | [CACHE] | CACHE_SAVED
2026-08-06 20:07:45 | [Thread 132994375345856] | [INFO] | [CACHE] | CACHE_SAVED
2026-08-06 20:07:45 | [Thread 132994375345856] | [INFO] | [CACHE] | CACHE_SAVED
2026-08-06 20:07:45 | [Thread 132994375345856] | [INFO] | [CACHE] | CACHE_SAVED
2026-08-06 20:07:45 | [Thread 132994375345856] | [INFO] | [CACHE] | CACHE_SAVED
2026-08-06 20:07:45 | [Thread 132994375345856] | [INFO] | [CACHE] | CACHE_SAVED
2026-08-06 20:07:45 | [Thread 132994375345856] | [INFO] | [CACHE] | CACHE_SAVED
2026-08-06 20:07:45 | [Thread 132994375345856] | [INFO] | [CACHE] | CACHE_SAVED
2026-08-06 20:07:45 | [Thread 132994375345856] | [INFO] | [CACHE] | CACHE_SAVED
2026-08-06 20:07:45 | [Thread 132994375345856] | [INFO] | [CACHE] | CACHE_SAVED
2026-08-06 20:07:45 | [Thread 132994375345856] | [INFO] | [CACHE] | CACHE_SAVED
2026-08-06 20:07:45 | [Thread 132994375345856] | [INFO] | [CACHE] | CACHE_SAVED
2026-08-06 20:07:45 | [Thread 132994375345856] | [INFO] | [CACHE] | CACHE_SAVED
2026-08-06 20:07:45 | [Thread 132994375345856] | [INFO] | [CACHE] | CACHE_SAVED
2026-08-06 20:07:45 | [Thread 132994375345856] | [INFO] | [CACHE] | CACHE_SAVED
2026-08-06 20:07:45 | [Thread 132994375345856] | [INFO] | [CACHE] | CACHE_SAVED
2026-08-06 20:07:45 | [Thread 132994375345856] | [INFO] | [CACHE] | CACHE_SAVED
2026-08-06 20:07:45 | [Thread 132994375345856] | [INFO] | [CACHE] | CACHE_SAVED
2026-08-06 20:07:45 | [Thread 132994375345856] | [INFO] | [CACHE] | CACHE_SAVED
2026-08-06 20:07:45 | [Thread 132994375345856] | [INFO] | [CACHE] | CACHE_SAVED
2026-08-06 20:07:45 | [Thread 132994375345856] | [INFO] | [CACHE] | CACHE_SAVED
2026-08-06 20:07:45 | [Thread 132994375345856] | [INFO] | [CACHE] | CACHE_SAVED
2026-08-06 20:07:45 | [Thread 132994375345856] | [INFO] | [CACHE] | CACHE_SAVED
2026-08-06 20:07:45 | [Thread 132994375345856] | [INFO] | [CACHE] | CACHE_SAVED
2026-08-06 20:07:45 | [Thread 132994375345856] | [INFO] | [CACHE] | CACHE_SAVED
2026-08-06 20:07:45 | [Thread 132994375345856] | [INFO] | [CACHE] | CACHE_SAVED
2026-08-06 20:07:45 | [Thread 132994375345856] | [INFO] | [CACHE] | CACHE_SAVED
2026-08-06 20:07:45 | [Thread 132994375345856] | [INFO] | [CACHE] | CACHE_SAVED
2026-08-06 20:07:45 | [Thread 132994375345856] | [INFO] | [CACHE] | CACHE_SAVED
2026-08-06 20:07:45 | [Thread 132994375345856] | [INFO] | [CACHE] | CACHE_SAVED
2026-08-06 20:07:45 | [Thread 132994375345856] | [INFO] | [CACHE] | CACHE_SAVED
2026-08-06 20:07:45 | [Thread 132994375345856] | [INFO] | [CACHE] | CACHE_SAVED
2026-08-06 20:07:45 | [Thread 132994375345856] | [INFO] | [CACHE] | CACHE_SAVED
2026-08-06 20:07:45 | [Thread 132994375345856] | [INFO] | [CACHE] | CACHE_SAVED
2026-08-06 20:07:45 | [Thread 132994375345856] | [INFO] | [CACHE] | CACHE_SAVED
2026-08-06 20:07:45 | [Thread 132994375345856] | [INFO] | [CACHE] | CACHE_SAVED
2026-08-06 20:07:45 | [Thread 132994375345856] | [INFO] | [CACHE] | CACHE_SAVED
2026-08-06 20:07:45 | [Thread 132994375345856] | [INFO] | [CACHE] | CACHE_SAVED
2026-08-06 20:07:45 | [Thread 132994375345856] | [INFO] | [CACHE] | CACHE_SAVED
2026-08-06 20:07:45 | [Thread 132994375345856] | [INFO] | [CACHE] | CACHE_SAVED
2026-08-06 20:07:45 | [Thread 132994375345856] | [INFO] | [CACHE] | CACHE_SAVED
2026-08-06 20:07:45 | [Thread 132994375345856] | [INFO] | [CACHE] | CACHE_SAVED
2026-08-06 20:07:45 | [Thread 132994375345856] | [INFO] | [CACHE] | CACHE_SAVED
2026-08-06 20:07:45 | [Thread 132994375345856] | [INFO] | [CACHE] | CACHE_SAVED
2026-08-06 20:07:45 | [Thread 132994375345856] | [INFO] | [CACHE] | CACHE_SAVED
2026-08-06 20:07:45 | [Thread 132994375345856] | [INFO] | [CACHE] | CACHE_SAVED
2026-08-06 20:07:45 | [Thread 132994375345856] | [INFO] | [CACHE] | CACHE_SAVED
2026-08-06 20:07:45 | [Thread 132994375345856] | [INFO] | [CACHE] | CACHE_SAVED
2026-08-06 20:07:45 | [Thread 132994375345856] | [INFO] | [CACHE] | CACHE_SAVED
2026-08-06 20:07:45 | [Thread 132994375345856] | [INFO] | [CACHE] | CACHE_SAVED
2026-08-06 20:07:45 | [Thread 132994375345856] | [INFO] | [CACHE] | CACHE_SAVED
2026-08-06 20:07:45 | [Thread 132994375345856] | [INFO] | [CACHE] | CACHE_SAVED
2026-08-06 20:07:45 | [Thread 132994375345856] | [INFO] | [CACHE] | CACHE_SAVED
2026-08-06 20:07:45 | [Thread 132994375345856] | [INFO] | [CACHE] | CACHE_SAVED
2026-08-06 20:07:45 | [Thread 132994375345856] | [INFO] | [CACHE] | CACHE_SAVED
2026-08-06 20:07:45 | [Thread 132994375345856] | [INFO] | [CACHE] | CACHE_SAVED
2026-08-06 20:07:45 | [Thread 132994375345856] | [INFO] | [CACHE] | CACHE_SAVED
2026-08-06 20:07:45 | [Thread 132994375345856] | [INFO] | [CACHE] | CACHE_SAVED
2026-08-06 20:07:45 | [Thread 132994375345856] | [INFO] | [CACHE] | CACHE_SAVED
2026-08-06 20:07:45 | [Thread 132994375345856] | [INFO] | [CACHE] | CACHE_SAVED
2026-08-06 20:07:45 | [Thread 132994375345856] | [INFO] | [CACHE] | CACHE_SAVED
2026-08-06 20:07:45 | [Thread 132994375345856] | [INFO] | [CACHE] | CACHE_SAVED
2026-08-06 20:07:45 | [Thread 132994375345856] | [INFO] | [CACHE] | CACHE_SAVED
2026-08-06 20:07:45 | [Thread 132994375345856] | [INFO] | [CACHE] | CACHE_SAVED
2026-08-06 20:07:45 | [Thread 132994375345856] | [INFO] | [CACHE] | CACHE_SAVED
2026-08-06 20:07:45 | [Thread 132994375345856] | [INFO] | [CACHE] | CACHE_SAVED
2026-08-06 20:07:45 | [Thread 132994375345856] | [INFO] | [CACHE] | CACHE_SAVED
2026-08-06 20:07:45 | [Thread 132994375345856] | [INFO] | [CACHE] | CACHE_SAVED
2026-08-06 20:07:45 | [Thread 132994375345856] | [INFO] | [CACHE] | CACHE_SAVED
2026-08-06 20:07:45 | [Thread 132994375345856] | [INFO] | [CACHE] | CACHE_SAVED
2026-08-06 20:07:45 | [Thread 132994375345856] | [INFO] | [CACHE] | CACHE_SAVED
2026-08-06 20:07:45 | [Thread 132994375345856] | [INFO] | [CACHE] | CACHE_SAVED
2026-08-06 20:07:45 | [Thread 132994375345856] | [INFO] | [CACHE] | CACHE_SAVED
2026-08-06 20:07:45 | [Thread 132994375345856] | [INFO] | [CACHE] | CACHE_SAVED
2026-08-06 20:07:45 | [Thread 132994375345856] | [INFO] | [CACHE] | CACHE_SAVED
2026-08-06 20:07:45 | [Thread 132994375345856] | [INFO] | [CACHE] | CACHE_SAVED
2026-08-06 20:07:45 | [Thread 132994375345856] | [INFO] | [CACHE] | CACHE_SAVED
2026-08-06 20:07:45 | [Thread 132994375345856] | [INFO] | [CACHE] | CACHE_SAVED
2026-08-06 20:07:45 | [Thread 132994375345856] | [INFO] | [CACHE] | CACHE_SAVED
2026-08-06 20:07:45 | [Thread 132994375345856] | [INFO] | [CACHE] | CACHE_SAVED
2026-08-06 20:07:45 | [Thread 132994375345856] | [INFO] | [CACHE] | CACHE_SAVED
2026-08-06 20:07:45 | [Thread 132994375345856] | [INFO] | [CACHE] | CACHE_SAVED
2026-08-06 20:07:45 | [Thread 132994375345856] | [INFO] | [CACHE] | CACHE_SAVED
2026-08-06 20:07:45 | [Thread 132994375345856] | [INFO] | [CACHE] | CACHE_SAVED
2026-08-06 20:07:45 | [Thread 132994375345856] | [INFO] | [CACHE] | CACHE_SAVED
2026-08-06 20:07:45 | [Thread 132994375345856] | [INFO] | [CACHE] | CACHE_SAVED
2026-08-06 20:07:45 | [Thread 132994375345856] | [INFO] | [CACHE] | CACHE_SAVED
2026-08-06 20:07:45 | [Thread 132994375345856] | [INFO] | [CACHE] | CACHE_SAVED
2026-08-06 20:07:45 | [Thread 132994375345856] | [INFO] | [CACHE] | CACHE_SAVED
2026-08-06 20:07:45 | [Thread 132994375345856] | [INFO] | [CACHE] | CACHE_SAVED
2026-08-06 20:07:45 | [Thread 132994375345856] | [INFO] | [CACHE] | CACHE_SAVED
2026-08-06 20:07:45 | [Thread 132994375345856] | [INFO] | [CACHE] | CACHE_SAVED
2026-08-06 20:07:45 | [Thread 132994375345856] | [INFO] | [CACHE] | CACHE_SAVED
2026-08-06 20:07:45 | [Thread 132994375345856] | [INFO] | [CACHE] | CACHE_SAVED
2026-08-06 20:07:45 | [Thread 132994375345856] | [INFO] | [CACHE] | CACHE_SAVED
2026-08-06 20:07:45 | [Thread 132994375345856] | [INFO] | [CACHE] | CACHE_SAVED
2026-08-06 20:07:45 | [Thread 132994375345856] | [INFO] | [CACHE] | CACHE_SAVED
2026-08-06 20:07:45 | [Thread 132994375345856] | [INFO] | [CACHE] | CACHE_SAVED
2026-08-06 20:07:45 | [Thread 132994375345856] | [INFO] | [CACHE] | CACHE_SAVED
2026-08-06 20:07:45 | [Thread 132994375345856] | [INFO] | [CACHE] | CACHE_SAVED
2026-08-06 20:07:45 | [Thread 132994375345856] | [INFO] | [CACHE] | CACHE_SAVED
2026-08-06 20:07:45 | [Thread 132994375345856] | [INFO] | [CACHE] | CACHE_SAVED
2026-08-06 20:07:45 | [Thread 132994375345856] | [INFO] | [CACHE] | CACHE_SAVED
2026-08-06 20:07:45 | [Thread 132994375345856] | [INFO] | [CACHE] | CACHE_SAVED
2026-08-06 20:07:45 | [Thread 132994375345856] | [INFO] | [CACHE] | CACHE_SAVED
2026-08-06 20:07:45 | [Thread 132994375345856] | [INFO] | [CACHE] | CACHE_SAVED
2026-08-06 20:07:45 | [Thread 132994375345856] | [INFO] | [CACHE] | CACHE_SAVED
2026-08-06 20:07:45 | [Thread 132994375345856] | [INFO] | [CACHE] | CACHE_SAVED
2026-08-06 20:07:45 | [Thread 132994375345856] | [INFO] | [CACHE] | CACHE_SAVED
2026-08-06 20:07:45 | [Thread 132994375345856] | [INFO] | [CACHE] | CACHE_SAVED
2026-08-06 20:07:45 | [Thread 132994375345856] | [INFO] | [CACHE] | CACHE_SAVED
2026-08-06 20:07:45 | [Thread 132994375345856] | [INFO] | [CACHE] | CACHE_SAVED
2026-08-06 20:07:45 | [Thread 132994375345856] | [INFO] | [CACHE] | CACHE_SAVED
2026-08-06 20:07:45 | [Thread 132994375345856] | [INFO] | [CACHE] | CACHE_SAVED
2026-08-06 20:07:45 | [Thread 132994375345856] | [INFO] | [CACHE] | CACHE_SAVED
2026-08-06 20:07:45 | [Thread 132994375345856] | [INFO] | [CACHE] | CACHE_SAVED
2026-08-06 20:07:45 | [Thread 132994375345856] | [INFO] | [CACHE] | CACHE_SAVED
2026-08-06 20:07:45 | [Thread 132994375345856] | [INFO] | [CACHE] | CACHE_SAVED
2026-08-06 20:07:45 | [Thread 132994375345856] | [INFO] | [CACHE] | CACHE_SAVED
2026-08-06 20:07:45 | [Thread 132994375345856] | [INFO] | [CACHE] | CACHE_SAVED
2026-08-06 20:07:45 | [Thread 132994375345856] | [INFO] | [CACHE] | CACHE_SAVED
2026-08-06 20:07:45 | [Thread 132994375345856] | [INFO] | [CACHE] | CACHE_SAVED
2026-08-06 20:07:45 | [Thread 132994375345856] | [INFO] | [CACHE] | CACHE_SAVED
2026-08-06 20:07:45 | [Thread 132994375345856] | [INFO] | [CACHE] | CACHE_SAVED
2026-08-06 20:07:45 | [Thread 132994375345856] | [INFO] | [CACHE] | CACHE_SAVED
2026-08-06 20:07:45 | [Thread 132994375345856] | [INFO] | [CACHE] | CACHE_SAVED
2026-08-06 20:07:45 | [Thread 132994375345856] | [INFO] | [CACHE] | CACHE_SAVED
2026-08-06 20:07:45 | [Thread 132994375345856] | [INFO] | [CACHE] | CACHE_SAVED
2026-08-06 20:07:45 | [Thread 132994375345856] | [INFO] | [CACHE] | CACHE_SAVED
2026-08-06 20:07:45 | [Thread 132994375345856] | [INFO] | [CACHE] | CACHE_SAVED
2026-08-06 20:07:45 | [Thread 132994375345856] | [INFO] | [CACHE] | CACHE_SAVED
2026-08-06 20:07:45 | [Thread 132994375345856] | [INFO] | [CACHE] | CACHE_SAVED
2026-08-06 20:07:45 | [Thread 132994375345856] | [INFO] | [CACHE] | CACHE_SAVED
2026-08-06 20:07:45 | [Thread 132994375345856] | [INFO] | [CACHE] | CACHE_SAVED
2026-08-06 20:07:45 | [Thread 132994375345856] | [INFO] | [CACHE] | CACHE_SAVED
2026-08-06 20:07:45 | [Thread 132994375345856] | [INFO] | [CACHE] | CACHE_SAVED
2026-08-06 20:07:45 | [Thread 132994375345856] | [INFO] | [CACHE] | CACHE_SAVED
2026-08-06 20:07:45 | [Thread 132994375345856] | [INFO] | [CACHE] | CACHE_SAVED
2026-08-06 20:07:45 | [Thread 132994375345856] | [INFO] | [CACHE] | CACHE_SAVED
2026-08-06 20:07:45 | [Thread 132994375345856] | [INFO] | [CACHE] | CACHE_SAVED
2026-08-06 20:07:46 | [Thread 132994375345856] | [INFO] | [CACHE] | CACHE_SAVED
2026-08-06 20:07:46 | [Thread 132994375345856] | [INFO] | [CACHE] | CACHE_SAVED
2026-08-06 20:07:46 | [Thread 132994375345856] | [INFO] | [CACHE] | CACHE_SAVED
2026-08-06 20:07:46 | [Thread 132994375345856] | [INFO] | [CACHE] | CACHE_SAVED
2026-08-06 20:07:46 | [Thread 132994375345856] | [INFO] | [CACHE] | CACHE_SAVED
2026-08-06 20:07:46 | [Thread 132994375345856] | [INFO] | [CACHE] | CACHE_SAVED
2026-08-06 20:07:46 | [Thread 132994375345856] | [INFO] | [CACHE] | CACHE_SAVED
2026-08-06 20:07:46 | [Thread 132994375345856] | [INFO] | [CACHE] | CACHE_SAVED
2026-08-06 20:07:46 | [Thread 132994375345856] | [INFO] | [CACHE] | CACHE_SAVED
2026-08-06 20:07:46 | [Thread 132994375345856] | [INFO] | [CACHE] | CACHE_SAVED
2026-08-06 20:07:46 | [Thread 132994375345856] | [INFO] | [CACHE] | CACHE_SAVED
2026-08-06 20:07:46 | [Thread 132994375345856] | [INFO] | [CACHE] | CACHE_SAVED
2026-08-06 20:07:46 | [Thread 132994375345856] | [INFO] | [CACHE] | CACHE_SAVED
2026-08-06 20:07:46 | [Thread 132994375345856] | [INFO] | [CACHE] | CACHE_SAVED
2026-08-06 20:07:46 | [Thread 132994375345856] | [INFO] | [CACHE] | CACHE_SAVED
2026-08-06 20:07:46 | [Thread 132994375345856] | [INFO] | [CACHE] | CACHE_SAVED
2026-08-06 20:07:46 | [Thread 132994375345856] | [INFO] | [CACHE] | CACHE_SAVED
2026-08-06 20:07:46 | [Thread 132994375345856] | [INFO] | [CACHE] | CACHE_SAVED
2026-08-06 20:07:46 | [Thread 132994375345856] | [INFO] | [CACHE] | CACHE_SAVED
2026-08-06 20:07:46 | [Thread 132994375345856] | [INFO] | [CACHE] | CACHE_SAVED
2026-08-06 20:07:46 | [Thread 132994375345856] | [INFO] | [CACHE] | CACHE_SAVED
2026-08-06 20:07:46 | [Thread 132994375345856] | [INFO] | [CACHE] | CACHE_SAVED
2026-08-06 20:07:46 | [Thread 132994375345856] | [INFO] | [CACHE] | CACHE_SAVED
2026-08-06 20:07:46 | [Thread 132994375345856] | [INFO] | [CACHE] | CACHE_SAVED
2026-08-06 20:07:46 | [Thread 132994375345856] | [INFO] | [CACHE] | CACHE_SAVED
2026-08-06 20:07:46 | [Thread 132994375345856] | [INFO] | [CACHE] | CACHE_SAVED
2026-08-06 20:07:46 | [Thread 132994375345856] | [INFO] | [CACHE] | CACHE_SAVED
2026-08-06 20:07:46 | [Thread 132994375345856] | [INFO] | [CACHE] | CACHE_SAVED
2026-08-06 20:07:46 | [Thread 132994375345856] | [INFO] | [CACHE] | CACHE_SAVED
2026-08-06 20:07:46 | [Thread 132994375345856] | [INFO] | [CACHE] | CACHE_SAVED
2026-08-06 20:07:46 | [Thread 132994375345856] | [INFO] | [CACHE] | CACHE_SAVED
2026-08-06 20:07:46 | [Thread 132994375345856] | [INFO] | [CACHE] | CACHE_SAVED
2026-08-06 20:07:46 | [Thread 132994375345856] | [INFO] | [CACHE] | CACHE_SAVED
2026-08-06 20:07:46 | [Thread 132994375345856] | [INFO] | [CACHE] | CACHE_SAVED
2026-08-06 20:07:46 | [Thread 132994375345856] | [INFO] | [CACHE] | CACHE_SAVED
2026-08-06 20:07:46 | [Thread 132994375345856] | [INFO] | [CACHE] | CACHE_SAVED
2026-08-06 20:07:46 | [Thread 132994375345856] | [INFO] | [CACHE] | CACHE_SAVED
2026-08-06 20:07:46 | [Thread 132994375345856] | [INFO] | [CACHE] | CACHE_SAVED
2026-08-06 20:07:46 | [Thread 132994375345856] | [INFO] | [CACHE] | CACHE_SAVED
2026-08-06 20:07:46 | [Thread 132994375345856] | [INFO] | [CACHE] | CACHE_SAVED
2026-08-06 20:07:46 | [Thread 132994375345856] | [INFO] | [CACHE] | CACHE_SAVED
2026-08-06 20:07:46 | [Thread 132994375345856] | [INFO] | [CACHE] | CACHE_SAVED
2026-08-06 20:07:46 | [Thread 132994375345856] | [INFO] | [CACHE] | CACHE_SAVED
2026-08-06 20:07:46 | [Thread 132994375345856] | [INFO] | [CACHE] | CACHE_SAVED
2026-08-06 20:07:46 | [Thread 132994375345856] | [INFO] | [CACHE] | CACHE_SAVED
2026-08-06 20:07:46 | [Thread 132994375345856] | [INFO] | [CACHE] | CACHE_SAVED
2026-08-06 20:07:46 | [Thread 132994375345856] | [INFO] | [CACHE] | CACHE_SAVED
2026-08-06 20:07:46 | [Thread 132994375345856] | [INFO] | [CACHE] | CACHE_SAVED
2026-08-06 20:07:46 | [Thread 132994375345856] | [INFO] | [CACHE] | CACHE_SAVED
2026-08-06 20:07:46 | [Thread 132994375345856] | [INFO] | [CACHE] | CACHE_SAVED
2026-08-06 20:07:46 | [Thread 132994375345856] | [INFO] | [CACHE] | CACHE_SAVED
2026-08-06 20:07:46 | [Thread 132994375345856] | [INFO] | [CACHE] | CACHE_SAVED
2026-08-06 20:07:46 | [Thread 132994375345856] | [INFO] | [CACHE] | CACHE_SAVED
2026-08-06 20:07:46 | [Thread 132994375345856] | [INFO] | [CACHE] | CACHE_SAVED
2026-08-06 20:07:46 | [Thread 132994375345856] | [INFO] | [CACHE] | CACHE_SAVED
2026-08-06 20:07:46 | [Thread 132994375345856] | [INFO] | [CACHE] | CACHE_SAVED
2026-08-06 20:07:46 | [Thread 132994375345856] | [INFO] | [CACHE] | CACHE_SAVED
2026-08-06 20:07:46 | [Thread 132994375345856] | [INFO] | [CACHE] | CACHE_SAVED
2026-08-06 20:07:46 | [Thread 132994375345856] | [INFO] | [CACHE] | CACHE_SAVED
2026-08-06 20:07:46 | [Thread 132994375345856] | [INFO] | [CACHE] | CACHE_SAVED
2026-08-06 20:07:46 | [Thread 132994375345856] | [INFO] | [CACHE] | CACHE_SAVED
2026-08-06 20:07:46 | [Thread 132994375345856] | [INFO] | [CACHE] | CACHE_SAVED
2026-08-06 20:07:46 | [Thread 132994375345856] | [INFO] | [CACHE] | CACHE_SAVED
2026-08-06 20:07:46 | [Thread 132994375345856] | [INFO] | [CACHE] | CACHE_SAVED
2026-08-06 20:07:46 | [Thread 132994375345856] | [INFO] | [CACHE] | CACHE_SAVED
2026-08-06 20:07:46 | [Thread 132994375345856] | [INFO] | [CACHE] | CACHE_SAVED
2026-08-06 20:07:46 | [Thread 132994375345856] | [INFO] | [CACHE] | CACHE_SAVED
2026-08-06 20:07:46 | [Thread 132994375345856] | [INFO] | [CACHE] | CACHE_SAVED
2026-08-06 20:07:46 | [Thread 132994375345856] | [INFO] | [CACHE] | CACHE_SAVED
2026-08-06 20:07:46 | [Thread 132994375345856] | [INFO] | [CACHE] | CACHE_SAVED
2026-08-06 20:07:46 | [Thread 132994375345856] | [INFO] | [CACHE] | CACHE_SAVED
2026-08-06 20:07:46 | [Thread 132994375345856] | [INFO] | [CACHE] | CACHE_SAVED
2026-08-06 20:07:46 | [Thread 132994375345856] | [INFO] | [CACHE] | CACHE_SAVED
2026-08-06 20:07:46 | [Thread 132994375345856] | [INFO] | [CACHE] | CACHE_SAVED
2026-08-06 20:07:46 | [Thread 132994375345856] | [INFO] | [CACHE] | CACHE_SAVED
2026-08-06 20:07:46 | [Thread 132994375345856] | [INFO] | [CACHE] | CACHE_SAVED
2026-08-06 20:07:46 | [Thread 132994375345856] | [INFO] | [CACHE] | CACHE_SAVED
2026-08-06 20:07:46 | [Thread 132994375345856] | [INFO] | [CACHE] | CACHE_SAVED
2026-08-06 20:07:46 | [Thread 132994375345856] | [INFO] | [CACHE] | CACHE_SAVED
2026-08-06 20:07:46 | [Thread 132994375345856] | [INFO] | [CACHE] | CACHE_SAVED
2026-08-06 20:07:46 | [Thread 132994375345856] | [INFO] | [CACHE] | CACHE_SAVED
2026-08-06 20:07:46 | [Thread 132994375345856] | [INFO] | [CACHE] | CACHE_SAVED
2026-08-06 20:07:46 | [Thread 132994375345856] | [INFO] | [CACHE] | CACHE_SAVED
2026-08-06 20:07:46 | [Thread 132994375345856] | [INFO] | [CACHE] | CACHE_SAVED
2026-08-06 20:07:46 | [Thread 132994375345856] | [INFO] | [CACHE] | CACHE_SAVED
2026-08-06 20:07:46 | [Thread 132994375345856] | [INFO] | [CACHE] | CACHE_SAVED
2026-08-06 20:07:46 | [Thread 132994375345856] | [INFO] | [CACHE] | CACHE_SAVED
2026-08-06 20:07:46 | [Thread 132994375345856] | [INFO] | [CACHE] | CACHE_SAVED
2026-08-06 20:07:46 | [Thread 132994375345856] | [INFO] | [CACHE] | CACHE_SAVED
2026-08-06 20:07:46 | [Thread 132994375345856] | [INFO] | [CACHE] | CACHE_SAVED
2026-08-06 20:07:46 | [Thread 132994375345856] | [INFO] | [CACHE] | CACHE_SAVED
2026-08-06 20:07:46 | [Thread 132994375345856] | [INFO] | [CACHE] | CACHE_SAVED
2026-08-06 20:07:46 | [Thread 132994375345856] | [INFO] | [CACHE] | CACHE_SAVED
2026-08-06 20:07:46 | [Thread 132994375345856] | [INFO] | [CACHE] | CACHE_SAVED
2026-08-06 20:07:46 | [Thread 132994375345856] | [INFO] | [CACHE] | CACHE_SAVED
2026-08-06 20:07:46 | [Thread 132994375345856] | [INFO] | [CACHE] | CACHE_SAVED
2026-08-06 20:07:46 | [Thread 132994375345856] | [INFO] | [CACHE] | CACHE_SAVED
2026-08-06 20:07:46 | [Thread 132994375345856] | [INFO] | [CACHE] | CACHE_SAVED
2026-08-06 20:07:46 | [Thread 132994375345856] | [INFO] | [CACHE] | CACHE_SAVED
2026-08-06 20:07:46 | [Thread 132994375345856] | [INFO] | [CACHE] | CACHE_SAVED
2026-08-06 20:07:46 | [Thread 132994375345856] | [INFO] | [CACHE] | CACHE_SAVED
2026-08-06 20:07:46 | [Thread 132994375345856] | [INFO] | [CACHE] | CACHE_SAVED
2026-08-06 20:07:46 | [Thread 132994375345856] | [INFO] | [CACHE] | CACHE_SAVED
2026-08-06 20:07:46 | [Thread 132994375345856] | [INFO] | [CACHE] | CACHE_SAVED
2026-08-06 20:07:46 | [Thread 132994375345856] | [INFO] | [CACHE] | CACHE_SAVED
2026-08-06 20:07:46 | [Thread 132994375345856] | [INFO] | [CACHE] | CACHE_SAVED
2026-08-06 20:07:46 | [Thread 132994375345856] | [INFO] | [CACHE] | CACHE_SAVED
2026-08-06 20:07:46 | [Thread 132994375345856] | [INFO] | [CACHE] | CACHE_SAVED
2026-08-06 20:07:46 | [Thread 132994375345856] | [INFO] | [CACHE] | CACHE_SAVED
2026-08-06 20:07:46 | [Thread 132994375345856] | [INFO] | [CACHE] | CACHE_SAVED
2026-08-06 20:07:46 | [Thread 132994375345856] | [INFO] | [CACHE] | CACHE_SAVED
2026-08-06 20:07:46 | [Thread 132994375345856] | [INFO] | [CACHE] | CACHE_SAVED
2026-08-06 20:07:46 | [Thread 132994375345856] | [INFO] | [CACHE] | CACHE_SAVED
2026-08-06 20:07:46 | [Thread 132994375345856] | [INFO] | [CACHE] | CACHE_SAVED
2026-08-06 20:07:46 | [Thread 132994375345856] | [INFO] | [CACHE] | CACHE_SAVED
2026-08-06 20:07:46 | [Thread 132994375345856] | [INFO] | [CACHE] | CACHE_SAVED
2026-08-06 20:07:46 | [Thread 132994375345856] | [INFO] | [CACHE] | CACHE_SAVED
2026-08-06 20:07:46 | [Thread 132994375345856] | [INFO] | [CACHE] | CACHE_SAVED
2026-08-06 20:07:46 | [Thread 132994375345856] | [INFO] | [CACHE] | CACHE_SAVED
2026-08-06 20:07:46 | [Thread 132994375345856] | [INFO] | [CACHE] | CACHE_SAVED
2026-08-06 20:07:46 | [Thread 132994375345856] | [INFO] | [CACHE] | CACHE_SAVED
2026-08-06 20:07:46 | [Thread 132994375345856] | [INFO] | [CACHE] | CACHE_SAVED
2026-08-06 20:07:46 | [Thread 132994375345856] | [INFO] | [CACHE] | CACHE_SAVED
2026-08-06 20:07:46 | [Thread 132994375345856] | [INFO] | [CACHE] | CACHE_SAVED
2026-08-06 20:07:46 | [Thread 132994375345856] | [INFO] | [CACHE] | CACHE_SAVED
2026-08-06 20:07:46 | [Thread 132994375345856] | [INFO] | [CACHE] | CACHE_SAVED
2026-08-06 20:07:46 | [Thread 132994375345856] | [INFO] | [CACHE] | CACHE_SAVED
2026-08-06 20:07:46 | [Thread 132994375345856] | [INFO] | [CACHE] | CACHE_SAVED
2026-08-06 20:07:46 | [Thread 132994375345856] | [INFO] | [CACHE] | CACHE_SAVED
2026-08-06 20:07:46 | [Thread 132994375345856] | [INFO] | [CACHE] | CACHE_SAVED
2026-08-06 20:07:46 | [Thread 132994375345856] | [INFO] | [CACHE] | CACHE_SAVED
2026-08-06 20:07:46 | [Thread 132994375345856] | [INFO] | [CACHE] | CACHE_SAVED
2026-08-06 20:07:46 | [Thread 132994375345856] | [INFO] | [CACHE] | CACHE_SAVED
2026-08-06 20:07:46 | [Thread 132994375345856] | [INFO] | [CACHE] | CACHE_SAVED
2026-08-06 20:07:46 | [Thread 132994375345856] | [INFO] | [CACHE] | CACHE_SAVED
2026-08-06 20:07:46 | [Thread 132994375345856] | [INFO] | [CACHE] | CACHE_SAVED
2026-08-06 20:07:46 | [Thread 132994375345856] | [INFO] | [CACHE] | CACHE_SAVED
2026-08-06 20:07:46 | [Thread 132994375345856] | [INFO] | [CACHE] | CACHE_SAVED
2026-08-06 20:07:46 | [Thread 132994375345856] | [INFO] | [CACHE] | CACHE_SAVED
2026-08-06 20:07:46 | [Thread 132994375345856] | [INFO] | [CACHE] | CACHE_SAVED
2026-08-06 20:07:46 | [Thread 132994375345856] | [INFO] | [CACHE] | CACHE_SAVED
2026-08-06 20:07:46 | [Thread 132994375345856] | [INFO] | [CACHE] | CACHE_SAVED
2026-08-06 20:07:46 | [Thread 132994375345856] | [INFO] | [CACHE] | CACHE_SAVED
2026-08-06 20:07:46 | [Thread 132994375345856] | [INFO] | [CACHE] | CACHE_SAVED
2026-08-06 20:07:46 | [Thread 132994375345856] | [INFO] | [CACHE] | CACHE_SAVED
2026-08-06 20:07:46 | [Thread 132994375345856] | [INFO] | [CACHE] | CACHE_SAVED
2026-08-06 20:07:46 | [Thread 132994375345856] | [INFO] | [CACHE] | CACHE_SAVED
2026-08-06 20:07:46 | [Thread 132994375345856] | [INFO] | [CACHE] | CACHE_SAVED
2026-08-06 20:27:21 | [Thread 127271329343168] | [INFO] | [STRESS] | Heartbeat check
2026-08-06 20:27:21 | [Thread 127271320950464] | [INFO] | [STRESS] | Heartbeat check
2026-08-06 20:27:21 | [Thread 127271845226176] | [INFO] | [CACHE] | CACHE_SAVED
2026-08-06 20:27:21 | [Thread 127271292593856] | [INFO] | [STRESS] | Heartbeat check
2026-08-06 20:27:21 | [Thread 127271329343168] | [ERROR] | [STRESS] | Simulated minor non-fatal log
2026-08-06 20:27:21 | [Thread 127271292593856] | [ERROR] | [STRESS] | Simulated minor non-fatal log
2026-08-06 20:27:21 | [Thread 127271264237248] | [INFO] | [STRESS] | Heartbeat check
2026-08-06 20:27:21 | [Thread 127271845226176] | [INFO] | [CACHE] | CACHE_SAVED
2026-08-06 20:27:21 | [Thread 127271264237248] | [ERROR] | [STRESS] | Simulated minor non-fatal log
2026-08-06 20:27:21 | [Thread 127271264237248] | [OPERATION] | [STRESS] | BULK_OP | MSFT
2026-08-06 20:27:21 | [Thread 127271264237248] | [INFO] | [STRESS] | Heartbeat check
2026-08-06 20:27:21 | [Thread 127271264237248] | [ERROR] | [STRESS] | Simulated minor non-fatal log
2026-08-06 20:27:21 | [Thread 127271264237248] | [OPERATION] | [STRESS] | BULK_OP | META
2026-08-06 20:27:21 | [Thread 127271264237248] | [INFO] | [STRESS] | Heartbeat check
2026-08-06 20:27:21 | [Thread 127271264237248] | [ERROR] | [STRESS] | Simulated minor non-fatal log
2026-08-06 20:27:21 | [Thread 127271264237248] | [OPERATION] | [STRESS] | BULK_OP | IBM
2026-08-06 20:27:21 | [Thread 127271264237248] | [INFO] | [STRESS] | Heartbeat check
2026-08-06 20:27:21 | [Thread 127271264237248] | [ERROR] | [STRESS] | Simulated minor non-fatal log
2026-08-06 20:27:21 | [Thread 127271264237248] | [OPERATION] | [STRESS] | BULK_OP | AMD
2026-08-06 20:27:21 | [Thread 127271264237248] | [INFO] | [STRESS] | Heartbeat check
2026-08-06 20:27:21 | [Thread 127271264237248] | [ERROR] | [STRESS] | Simulated minor non-fatal log
2026-08-06 20:27:21 | [Thread 127271264237248] | [OPERATION] | [STRESS] | BULK_OP | NVDA
2026-08-06 20:27:21 | [Thread 127271264237248] | [INFO] | [STRESS] | Heartbeat check
2026-08-06 20:27:21 | [Thread 127271264237248] | [ERROR] | [STRESS] | Simulated minor non-fatal log
2026-08-06 20:27:21 | [Thread 127271264237248] | [OPERATION] | [STRESS] | BULK_OP | IBM
2026-08-06 20:27:21 | [Thread 127271264237248] | [INFO] | [STRESS] | Heartbeat check
2026-08-06 20:27:21 | [Thread 127271264237248] | [ERROR] | [STRESS] | Simulated minor non-fatal log
2026-08-06 20:27:21 | [Thread 127271264237248] | [OPERATION] | [STRESS] | BULK_OP | AAPL
2026-08-06 20:27:21 | [Thread 127271264237248] | [INFO] | [STRESS] | Heartbeat check
2026-08-06 20:27:21 | [Thread 127271264237248] | [ERROR] | [STRESS] | Simulated minor non-fatal log
2026-08-06 20:27:21 | [Thread 127271264237248] | [OPERATION] | [STRESS] | BULK_OP | TSLA
2026-08-06 20:27:21 | [Thread 127271264237248] | [INFO] | [STRESS] | Heartbeat check
2026-08-06 20:27:21 | [Thread 127271264237248] | [ERROR] | [STRESS] | Simulated minor non-fatal log
2026-08-06 20:27:21 | [Thread 127271264237248] | [OPERATION] | [STRESS] | BULK_OP | AAPL
2026-08-06 20:27:21 | [Thread 127271264237248] | [INFO] | [STRESS] | Heartbeat check
2026-08-06 20:27:21 | [Thread 127271264237248] | [ERROR] | [STRESS] | Simulated minor non-fatal log
2026-08-06 20:27:21 | [Thread 127271264237248] | [OPERATION] | [STRESS] | BULK_OP | AAPL
2026-08-06 20:27:21 | [Thread 127271264237248] | [INFO] | [STRESS] | Heartbeat check
2026-08-06 20:27:21 | [Thread 127271264237248] | [ERROR] | [STRESS] | Simulated minor non-fatal log
2026-08-06 20:27:21 | [Thread 127271264237248] | [OPERATION] | [STRESS] | BULK_OP | TXN
2026-08-06 20:27:21 | [Thread 127271264237248] | [INFO] | [STRESS] | Heartbeat check
2026-08-06 20:27:21 | [Thread 127271264237248] | [ERROR] | [STRESS] | Simulated minor non-fatal log
2026-08-06 20:27:21 | [Thread 127271264237248] | [OPERATION] | [STRESS] | BULK_OP | AMD
2026-08-06 20:27:21 | [Thread 127271264237248] | [INFO] | [STRESS] | Heartbeat check
2026-08-06 20:27:21 | [Thread 127271264237248] | [ERROR] | [STRESS] | Simulated minor non-fatal log
2026-08-06 20:27:21 | [Thread 127271264237248] | [OPERATION] | [STRESS] | BULK_OP | NFLX
2026-08-06 20:27:21 | [Thread 127271264237248] | [INFO] | [STRESS] | Heartbeat check
2026-08-06 20:27:21 | [Thread 127271264237248] | [ERROR] | [STRESS] | Simulated minor non-fatal log
2026-08-06 20:27:21 | [Thread 127271264237248] | [OPERATION] | [STRESS] | BULK_OP | NVDA
2026-08-06 20:27:21 | [Thread 127271264237248] | [INFO] | [STRESS] | Heartbeat check
2026-08-06 20:27:21 | [Thread 127271264237248] | [ERROR] | [STRESS] | Simulated minor non-fatal log
2026-08-06 20:27:21 | [Thread 127271264237248] | [OPERATION] | [STRESS] | BULK_OP | ORCL
2026-08-06 20:27:21 | [Thread 127271292593856] | [OPERATION] | [STRESS] | BULK_OP | GOOGL
2026-08-06 20:27:21 | [Thread 127271292593856] | [INFO] | [STRESS] | Heartbeat check
2026-08-06 20:27:21 | [Thread 127271292593856] | [ERROR] | [STRESS] | Simulated minor non-fatal log
2026-08-06 20:27:21 | [Thread 127271292593856] | [OPERATION] | [STRESS] | BULK_OP | NFLX
2026-08-06 20:27:21 | [Thread 127271292593856] | [INFO] | [STRESS] | Heartbeat check
2026-08-06 20:27:21 | [Thread 127271292593856] | [ERROR] | [STRESS] | Simulated minor non-fatal log
2026-08-06 20:27:21 | [Thread 127271264237248] | [INFO] | [STRESS] | Heartbeat check
2026-08-06 20:27:21 | [Thread 127271292593856] | [OPERATION] | [STRESS] | BULK_OP | AMZN
2026-08-06 20:27:21 | [Thread 127271264237248] | [ERROR] | [STRESS] | Simulated minor non-fatal log
2026-08-06 20:27:21 | [Thread 127271292593856] | [INFO] | [STRESS] | Heartbeat check
2026-08-06 20:27:21 | [Thread 127271264237248] | [OPERATION] | [STRESS] | BULK_OP | MSFT
2026-08-06 20:27:21 | [Thread 127271292593856] | [ERROR] | [STRESS] | Simulated minor non-fatal log
2026-08-06 20:27:21 | [Thread 127271292593856] | [OPERATION] | [STRESS] | BULK_OP | GOOGL
2026-08-06 20:27:21 | [Thread 127271264237248] | [INFO] | [STRESS] | Heartbeat check
2026-08-06 20:27:21 | [Thread 127271264237248] | [ERROR] | [STRESS] | Simulated minor non-fatal log
2026-08-06 20:27:21 | [Thread 127271292593856] | [INFO] | [STRESS] | Heartbeat check
2026-08-06 20:27:21 | [Thread 127271264237248] | [OPERATION] | [STRESS] | BULK_OP | GOOGL
2026-08-06 20:27:21 | [Thread 127271264237248] | [INFO] | [STRESS] | Heartbeat check
2026-08-06 20:27:21 | [Thread 127271292593856] | [ERROR] | [STRESS] | Simulated minor non-fatal log
2026-08-06 20:27:21 | [Thread 127271264237248] | [ERROR] | [STRESS] | Simulated minor non-fatal log
2026-08-06 20:27:21 | [Thread 127271292593856] | [OPERATION] | [STRESS] | BULK_OP | ORCL
2026-08-06 20:27:21 | [Thread 127271264237248] | [OPERATION] | [STRESS] | BULK_OP | TSLA
2026-08-06 20:27:21 | [Thread 127271329343168] | [INFO] | [STRESS] | Heartbeat check
2026-08-06 20:27:21 | [Thread 127271264237248] | [OPERATION] | [STRESS] | BULK_OP | ORCL
2026-08-06 20:27:21 | [Thread 127271292593856] | [OPERATION] | [STRESS] | BULK_OP | META
2026-08-06 20:27:21 | [Thread 127271272629952] | [INFO] | [STRESS] | Heartbeat check
2026-08-06 20:27:21 | [Thread 127271272629952] | [OPERATION] | [STRESS] | BULK_OP | MSFT
2026-08-06 20:27:21 | [Thread 127271272629952] | [OPERATION] | [STRESS] | BULK_OP | AMD
2026-08-06 20:27:21 | [Thread 127271272629952] | [ERROR] | [STRESS] | Simulated minor non-fatal log
2026-08-06 20:27:21 | [Thread 127271272629952] | [INFO] | [STRESS] | Heartbeat check
2026-08-06 20:27:21 | [Thread 127271292593856] | [INFO] | [STRESS] | Heartbeat check
2026-08-06 20:27:21 | [Thread 127271292593856] | [ERROR] | [STRESS] | Simulated minor non-fatal log
2026-08-06 20:27:21 | [Thread 127271292593856] | [ERROR] | [STRESS] | Simulated minor non-fatal log
2026-08-06 20:27:21 | [Thread 127271292593856] | [INFO] | [STRESS] | Heartbeat check
2026-08-06 20:27:21 | [Thread 127271845226176] | [INFO] | [CACHE] | CACHE_SAVED
2026-08-06 20:27:21 | [Thread 127271312557760] | [INFO] | [STRESS] | Heartbeat check
2026-08-06 20:27:21 | [Thread 127271845226176] | [INFO] | [CACHE] | CACHE_SAVED
2026-08-06 20:27:21 | [Thread 127271360878272] | [INFO] | [STRESS] | Heartbeat check
2026-08-06 20:27:21 | [Thread 127271329343168] | [INFO] | [STRESS] | Heartbeat check
2026-08-06 20:27:21 | [Thread 127271329343168] | [INFO] | [STRESS] | Heartbeat check
2026-08-06 20:27:21 | [Thread 127271360878272] | [OPERATION] | [STRESS] | BULK_OP | INTC
2026-08-06 20:27:21 | [Thread 127271292593856] | [OPERATION] | [STRESS] | BULK_OP | CSCO
2026-08-06 20:27:21 | [Thread 127271320950464] | [INFO] | [STRESS] | Heartbeat check
2026-08-06 20:27:21 | [Thread 127271320950464] | [OPERATION] | [STRESS] | BULK_OP | GOOGL
2026-08-06 20:27:21 | [Thread 127271360878272] | [OPERATION] | [STRESS] | BULK_OP | INTC
2026-08-06 20:27:21 | [Thread 127271320950464] | [INFO] | [STRESS] | Heartbeat check
2026-08-06 20:27:21 | [Thread 127271320950464] | [INFO] | [STRESS] | Heartbeat check
2026-08-06 20:27:21 | [Thread 127271360878272] | [ERROR] | [STRESS] | Simulated minor non-fatal log
2026-08-06 20:27:21 | [Thread 127271329343168] | [ERROR] | [STRESS] | Simulated minor non-fatal log
2026-08-06 20:27:21 | [Thread 127271264237248] | [ERROR] | [STRESS] | Simulated minor non-fatal log
2026-08-06 20:27:21 | [Thread 127271329343168] | [INFO] | [STRESS] | Heartbeat check
2026-08-06 20:27:21 | [Thread 127271329343168] | [ERROR] | [STRESS] | Simulated minor non-fatal log
2026-08-06 20:27:21 | [Thread 127271360878272] | [ERROR] | [STRESS] | Simulated minor non-fatal log
2026-08-06 20:27:21 | [Thread 127271360878272] | [ERROR] | [STRESS] | Simulated minor non-fatal log
2026-08-06 20:27:21 | [Thread 127271360878272] | [OPERATION] | [STRESS] | BULK_OP | MSFT
2026-08-06 20:27:21 | [Thread 127271320950464] | [OPERATION] | [STRESS] | BULK_OP | AMD
2026-08-06 20:27:21 | [Thread 127271264237248] | [INFO] | [STRESS] | Heartbeat check
2026-08-06 20:27:21 | [Thread 127271320950464] | [OPERATION] | [STRESS] | BULK_OP | MSFT
2026-08-06 20:27:21 | [Thread 127271272629952] | [ERROR] | [STRESS] | Simulated minor non-fatal log
2026-08-06 20:27:21 | [Thread 127271272629952] | [ERROR] | [STRESS] | Simulated minor non-fatal log
2026-08-06 20:27:21 | [Thread 127271272629952] | [INFO] | [STRESS] | Heartbeat check
2026-08-06 20:27:21 | [Thread 127271264237248] | [INFO] | [STRESS] | Heartbeat check
2026-08-06 20:27:21 | [Thread 127271264237248] | [OPERATION] | [STRESS] | BULK_OP | ORCL
2026-08-06 20:27:21 | [Thread 127271360878272] | [OPERATION] | [STRESS] | BULK_OP | MSFT
2026-08-06 20:27:21 | [Thread 127271320950464] | [ERROR] | [STRESS] | Simulated minor non-fatal log
2026-08-06 20:27:21 | [Thread 127271360878272] | [OPERATION] | [STRESS] | BULK_OP | TSLA
2026-08-06 20:27:21 | [Thread 127271360878272] | [OPERATION] | [STRESS] | BULK_OP | IBM
2026-08-06 20:27:21 | [Thread 127271264237248] | [INFO] | [STRESS] | Heartbeat check
2026-08-06 20:27:21 | [Thread 127271360878272] | [INFO] | [STRESS] | Heartbeat check
2026-08-06 20:27:21 | [Thread 127271292593856] | [INFO] | [STRESS] | Heartbeat check
2026-08-06 20:27:21 | [Thread 127271292593856] | [INFO] | [STRESS] | Heartbeat check
2026-08-06 20:27:21 | [Thread 127271292593856] | [OPERATION] | [STRESS] | BULK_OP | META
2026-08-06 20:27:21 | [Thread 127271320950464] | [ERROR] | [STRESS] | Simulated minor non-fatal log
2026-08-06 20:27:21 | [Thread 127271329343168] | [ERROR] | [STRESS] | Simulated minor non-fatal log
2026-08-06 20:27:21 | [Thread 127271272629952] | [ERROR] | [STRESS] | Simulated minor non-fatal log
2026-08-06 20:27:21 | [Thread 127271292593856] | [INFO] | [STRESS] | Heartbeat check
2026-08-06 20:27:21 | [Thread 127271292593856] | [OPERATION] | [STRESS] | BULK_OP | GOOGL
2026-08-06 20:27:21 | [Thread 127271292593856] | [ERROR] | [STRESS] | Simulated minor non-fatal log
2026-08-06 20:27:21 | [Thread 127271845226176] | [INFO] | [CACHE] | CACHE_SAVED
2026-08-06 20:27:21 | [Thread 127271329343168] | [ERROR] | [STRESS] | Simulated minor non-fatal log
2026-08-06 20:27:21 | [Thread 127271292593856] | [INFO] | [STRESS] | Heartbeat check
2026-08-06 20:27:21 | [Thread 127271292593856] | [ERROR] | [STRESS] | Simulated minor non-fatal log
2026-08-06 20:27:21 | [Thread 127271329343168] | [ERROR] | [STRESS] | Simulated minor non-fatal log
2026-08-06 20:27:21 | [Thread 127271272629952] | [OPERATION] | [STRESS] | BULK_OP | TSLA
2026-08-06 20:27:21 | [Thread 127271292593856] | [ERROR] | [STRESS] | Simulated minor non-fatal log
2026-08-06 20:27:21 | [Thread 127271292593856] | [OPERATION] | [STRESS] | BULK_OP | IBM
2026-08-06 20:27:21 | [Thread 127271312557760] | [ERROR] | [STRESS] | Simulated minor non-fatal log
2026-08-06 20:27:21 | [Thread 127271329343168] | [ERROR] | [STRESS] | Simulated minor non-fatal log
2026-08-06 20:27:21 | [Thread 127271292593856] | [INFO] | [STRESS] | Heartbeat check
2026-08-06 20:27:21 | [Thread 127271329343168] | [INFO] | [STRESS] | Heartbeat check
2026-08-06 20:27:21 | [Thread 127271264237248] | [OPERATION] | [STRESS] | BULK_OP | AMD
2026-08-06 20:27:21 | [Thread 127271264237248] | [INFO] | [STRESS] | Heartbeat check
2026-08-06 20:27:21 | [Thread 127271360878272] | [INFO] | [STRESS] | Heartbeat check
2026-08-06 20:27:21 | [Thread 127271360878272] | [OPERATION] | [STRESS] | BULK_OP | MSFT
2026-08-06 20:27:21 | [Thread 127271329343168] | [OPERATION] | [STRESS] | BULK_OP | AMZN
2026-08-06 20:27:21 | [Thread 127271845226176] | [INFO] | [CACHE] | CACHE_SAVED
2026-08-06 20:27:21 | [Thread 127271292593856] | [INFO] | [STRESS] | Heartbeat check
2026-08-06 20:27:21 | [Thread 127271312557760] | [INFO] | [STRESS] | Heartbeat check
2026-08-06 20:27:21 | [Thread 127271292593856] | [INFO] | [STRESS] | Heartbeat check
2026-08-06 20:27:21 | [Thread 127271312557760] | [INFO] | [STRESS] | Heartbeat check
2026-08-06 20:27:21 | [Thread 127271292593856] | [OPERATION] | [STRESS] | BULK_OP | NFLX
2026-08-06 20:27:21 | [Thread 127271264237248] | [ERROR] | [STRESS] | Simulated minor non-fatal log
2026-08-06 20:27:21 | [Thread 127271320950464] | [OPERATION] | [STRESS] | BULK_OP | AAPL
2026-08-06 20:27:21 | [Thread 127271264237248] | [OPERATION] | [STRESS] | BULK_OP | NFLX
2026-08-06 20:27:21 | [Thread 127271360878272] | [ERROR] | [STRESS] | Simulated minor non-fatal log
2026-08-06 20:27:21 | [Thread 127271360878272] | [OPERATION] | [STRESS] | BULK_OP | TSLA
2026-08-06 20:27:21 | [Thread 127271292593856] | [OPERATION] | [STRESS] | BULK_OP | META
2026-08-06 20:27:21 | [Thread 127271360878272] | [OPERATION] | [STRESS] | BULK_OP | MSFT
2026-08-06 20:27:21 | [Thread 127271292593856] | [ERROR] | [STRESS] | Simulated minor non-fatal log
2026-08-06 20:27:21 | [Thread 127271264237248] | [INFO] | [STRESS] | Heartbeat check
2026-08-06 20:27:21 | [Thread 127271264237248] | [INFO] | [STRESS] | Heartbeat check
2026-08-06 20:27:21 | [Thread 127271292593856] | [OPERATION] | [STRESS] | BULK_OP | CSCO
2026-08-06 20:27:21 | [Thread 127271360878272] | [OPERATION] | [STRESS] | BULK_OP | INTC
2026-08-06 20:27:21 | [Thread 127271845226176] | [INFO] | [CACHE] | CACHE_SAVED
2026-08-06 20:27:21 | [Thread 127271329343168] | [INFO] | [STRESS] | Heartbeat check
2026-08-06 20:27:21 | [Thread 127271292593856] | [OPERATION] | [STRESS] | BULK_OP | AMD
2026-08-06 20:27:21 | [Thread 127271292593856] | [OPERATION] | [STRESS] | BULK_OP | ORCL
2026-08-06 20:27:21 | [Thread 127271312557760] | [INFO] | [STRESS] | Heartbeat check
2026-08-06 20:27:21 | [Thread 127271292593856] | [ERROR] | [STRESS] | Simulated minor non-fatal log
2026-08-06 20:27:21 | [Thread 127271272629952] | [INFO] | [STRESS] | Heartbeat check
2026-08-06 20:27:21 | [Thread 127271272629952] | [INFO] | [STRESS] | Heartbeat check
2026-08-06 20:27:21 | [Thread 127271292593856] | [ERROR] | [STRESS] | Simulated minor non-fatal log
2026-08-06 20:27:21 | [Thread 127271292593856] | [INFO] | [STRESS] | Heartbeat check
2026-08-06 20:27:21 | [Thread 127271272629952] | [ERROR] | [STRESS] | Simulated minor non-fatal log
2026-08-06 20:27:21 | [Thread 127271292593856] | [INFO] | [STRESS] | Heartbeat check
2026-08-06 20:27:21 | [Thread 127271292593856] | [INFO] | [STRESS] | Heartbeat check
2026-08-06 20:27:21 | [Thread 127271264237248] | [ERROR] | [STRESS] | Simulated minor non-fatal log
2026-08-06 20:27:21 | [Thread 127271360878272] | [OPERATION] | [STRESS] | BULK_OP | NFLX
2026-08-06 20:27:21 | [Thread 127271292593856] | [OPERATION] | [STRESS] | BULK_OP | NFLX
2026-08-06 20:27:21 | [Thread 127271292593856] | [OPERATION] | [STRESS] | BULK_OP | INTC
2026-08-06 20:27:21 | [Thread 127271845226176] | [INFO] | [CACHE] | CACHE_SAVED
2026-08-06 20:27:21 | [Thread 127271329343168] | [OPERATION] | [STRESS] | BULK_OP | ORCL
2026-08-06 20:27:21 | [Thread 127271272629952] | [OPERATION] | [STRESS] | BULK_OP | TSLA
2026-08-06 20:27:21 | [Thread 127271292593856] | [INFO] | [STRESS] | Heartbeat check
2026-08-06 20:27:21 | [Thread 127271320950464] | [INFO] | [STRESS] | Heartbeat check
2026-08-06 20:27:21 | [Thread 127271292593856] | [INFO] | [STRESS] | Heartbeat check
2026-08-06 20:27:21 | [Thread 127271329343168] | [INFO] | [STRESS] | Heartbeat check
2026-08-06 20:27:21 | [Thread 127271329343168] | [ERROR] | [STRESS] | Simulated minor non-fatal log
2026-08-06 20:27:21 | [Thread 127271292593856] | [ERROR] | [STRESS] | Simulated minor non-fatal log
2026-08-06 20:27:21 | [Thread 127271329343168] | [ERROR] | [STRESS] | Simulated minor non-fatal log
2026-08-06 20:27:21 | [Thread 127271312557760] | [ERROR] | [STRESS] | Simulated minor non-fatal log
2026-08-06 20:27:21 | [Thread 127271845226176] | [INFO] | [CACHE] | CACHE_SAVED
2026-08-06 20:27:21 | [Thread 127271320950464] | [INFO] | [STRESS] | Heartbeat check
2026-08-06 20:27:21 | [Thread 127271320950464] | [OPERATION] | [STRESS] | BULK_OP | MSFT
2026-08-06 20:27:21 | [Thread 127271292593856] | [OPERATION] | [STRESS] | BULK_OP | AMD
2026-08-06 20:27:21 | [Thread 127271320950464] | [ERROR] | [STRESS] | Simulated minor non-fatal log
2026-08-06 20:27:21 | [Thread 127271320950464] | [INFO] | [STRESS] | Heartbeat check
2026-08-06 20:27:21 | [Thread 127271329343168] | [ERROR] | [STRESS] | Simulated minor non-fatal log
2026-08-06 20:27:21 | [Thread 127271292593856] | [INFO] | [STRESS] | Heartbeat check
2026-08-06 20:27:21 | [Thread 127271329343168] | [ERROR] | [STRESS] | Simulated minor non-fatal log
2026-08-06 20:27:21 | [Thread 127271329343168] | [INFO] | [STRESS] | Heartbeat check
2026-08-06 20:27:21 | [Thread 127271292593856] | [ERROR] | [STRESS] | Simulated minor non-fatal log
2026-08-06 20:27:21 | [Thread 127271360878272] | [INFO] | [STRESS] | Heartbeat check
2026-08-06 20:27:21 | [Thread 127271360878272] | [INFO] | [STRESS] | Heartbeat check
2026-08-06 20:27:21 | [Thread 127271264237248] | [ERROR] | [STRESS] | Simulated minor non-fatal log
2026-08-06 20:27:21 | [Thread 127271845226176] | [INFO] | [CACHE] | CACHE_SAVED
2026-08-06 20:27:21 | [Thread 127271272629952] | [INFO] | [STRESS] | Heartbeat check
2026-08-06 20:27:21 | [Thread 127271272629952] | [INFO] | [STRESS] | Heartbeat check
2026-08-06 20:27:21 | [Thread 127271329343168] | [OPERATION] | [STRESS] | BULK_OP | AMD
2026-08-06 20:27:21 | [Thread 127271292593856] | [OPERATION] | [STRESS] | BULK_OP | NVDA
2026-08-06 20:27:21 | [Thread 127271272629952] | [OPERATION] | [STRESS] | BULK_OP | IBM
2026-08-06 20:27:21 | [Thread 127271272629952] | [OPERATION] | [STRESS] | BULK_OP | GOOGL
2026-08-06 20:27:21 | [Thread 127271272629952] | [OPERATION] | [STRESS] | BULK_OP | NFLX
2026-08-06 20:27:21 | [Thread 127271360878272] | [INFO] | [STRESS] | Heartbeat check
2026-08-06 20:27:21 | [Thread 127271264237248] | [INFO] | [STRESS] | Heartbeat check
2026-08-06 20:27:21 | [Thread 127271264237248] | [ERROR] | [STRESS] | Simulated minor non-fatal log
2026-08-06 20:27:21 | [Thread 127271329343168] | [OPERATION] | [STRESS] | BULK_OP | META
2026-08-06 20:27:21 | [Thread 127271329343168] | [INFO] | [STRESS] | Heartbeat check
2026-08-06 20:27:21 | [Thread 127271264237248] | [OPERATION] | [STRESS] | BULK_OP | TXN
2026-08-06 20:27:21 | [Thread 127271329343168] | [INFO] | [STRESS] | Heartbeat check
2026-08-06 20:27:21 | [Thread 127271329343168] | [INFO] | [STRESS] | Heartbeat check
2026-08-06 20:27:21 | [Thread 127271272629952] | [OPERATION] | [STRESS] | BULK_OP | TSLA
2026-08-06 20:27:21 | [Thread 127271329343168] | [ERROR] | [STRESS] | Simulated minor non-fatal log
2026-08-06 20:27:21 | [Thread 127271320950464] | [ERROR] | [STRESS] | Simulated minor non-fatal log
2026-08-06 20:27:21 | [Thread 127271320950464] | [INFO] | [STRESS] | Heartbeat check
2026-08-06 20:27:21 | [Thread 127271320950464] | [INFO] | [STRESS] | Heartbeat check
2026-08-06 20:27:21 | [Thread 127271292593856] | [ERROR] | [STRESS] | Simulated minor non-fatal log
2026-08-06 20:27:21 | [Thread 127271292593856] | [OPERATION] | [STRESS] | BULK_OP | IBM
2026-08-06 20:27:21 | [Thread 127271292593856] | [OPERATION] | [STRESS] | BULK_OP | NFLX
2026-08-06 20:27:21 | [Thread 127271360878272] | [OPERATION] | [STRESS] | BULK_OP | IBM
2026-08-06 20:27:21 | [Thread 127271360878272] | [ERROR] | [STRESS] | Simulated minor non-fatal log
2026-08-06 20:27:21 | [Thread 127271264237248] | [OPERATION] | [STRESS] | BULK_OP | NVDA
2026-08-06 20:27:21 | [Thread 127271292593856] | [INFO] | [STRESS] | Heartbeat check
2026-08-06 20:27:21 | [Thread 127271292593856] | [INFO] | [STRESS] | Heartbeat check
2026-08-06 20:27:21 | [Thread 127271329343168] | [INFO] | [STRESS] | Heartbeat check
2026-08-06 20:27:21 | [Thread 127271329343168] | [ERROR] | [STRESS] | Simulated minor non-fatal log
2026-08-06 20:27:21 | [Thread 127271292593856] | [INFO] | [STRESS] | Heartbeat check
2026-08-06 20:27:21 | [Thread 127271360878272] | [ERROR] | [STRESS] | Simulated minor non-fatal log
2026-08-06 20:27:21 | [Thread 127271360878272] | [OPERATION] | [STRESS] | BULK_OP | NVDA
2026-08-06 20:27:21 | [Thread 127271360878272] | [INFO] | [STRESS] | Heartbeat check
2026-08-06 20:27:21 | [Thread 127271360878272] | [ERROR] | [STRESS] | Simulated minor non-fatal log
2026-08-06 20:27:21 | [Thread 127271360878272] | [ERROR] | [STRESS] | Simulated minor non-fatal log
2026-08-06 20:27:21 | [Thread 127271360878272] | [ERROR] | [STRESS] | Simulated minor non-fatal log
2026-08-06 20:27:21 | [Thread 127271360878272] | [INFO] | [STRESS] | Heartbeat check
2026-08-06 20:27:21 | [Thread 127271360878272] | [OPERATION] | [STRESS] | BULK_OP | NFLX
2026-08-06 20:27:21 | [Thread 127271360878272] | [INFO] | [STRESS] | Heartbeat check
2026-08-06 20:27:21 | [Thread 127271360878272] | [OPERATION] | [STRESS] | BULK_OP | META
2026-08-06 20:27:21 | [Thread 127271360878272] | [INFO] | [STRESS] | Heartbeat check
2026-08-06 20:27:21 | [Thread 127271292593856] | [ERROR] | [STRESS] | Simulated minor non-fatal log
2026-08-06 20:27:21 | [Thread 127271320950464] | [OPERATION] | [STRESS] | BULK_OP | AAPL
2026-08-06 20:27:21 | [Thread 127271320950464] | [INFO] | [STRESS] | Heartbeat check
2026-08-06 20:27:21 | [Thread 127271292593856] | [ERROR] | [STRESS] | Simulated minor non-fatal log
2026-08-06 20:27:21 | [Thread 127271320950464] | [OPERATION] | [STRESS] | BULK_OP | AMZN
2026-08-06 20:27:21 | [Thread 127271292593856] | [INFO] | [STRESS] | Heartbeat check
2026-08-06 20:27:21 | [Thread 127271312557760] | [ERROR] | [STRESS] | Simulated minor non-fatal log
2026-08-06 20:27:21 | [Thread 127271292593856] | [ERROR] | [STRESS] | Simulated minor non-fatal log
2026-08-06 20:27:21 | [Thread 127271312557760] | [ERROR] | [STRESS] | Simulated minor non-fatal log
2026-08-06 20:27:21 | [Thread 127271312557760] | [OPERATION] | [STRESS] | BULK_OP | NVDA
2026-08-06 20:27:21 | [Thread 127271272629952] | [INFO] | [STRESS] | Heartbeat check
2026-08-06 20:27:21 | [Thread 127271312557760] | [OPERATION] | [STRESS] | BULK_OP | GOOGL
2026-08-06 20:27:21 | [Thread 127271264237248] | [INFO] | [STRESS] | Heartbeat check
2026-08-06 20:27:21 | [Thread 127271329343168] | [ERROR] | [STRESS] | Simulated minor non-fatal log
2026-08-06 20:27:21 | [Thread 127271264237248] | [ERROR] | [STRESS] | Simulated minor non-fatal log
2026-08-06 20:27:21 | [Thread 127271292593856] | [INFO] | [STRESS] | Heartbeat check
2026-08-06 20:27:21 | [Thread 127271292593856] | [ERROR] | [STRESS] | Simulated minor non-fatal log
2026-08-06 20:27:21 | [Thread 127271292593856] | [OPERATION] | [STRESS] | BULK_OP | TSLA
2026-08-06 20:27:21 | [Thread 127271360878272] | [OPERATION] | [STRESS] | BULK_OP | AMD
2026-08-06 20:27:21 | [Thread 127271329343168] | [ERROR] | [STRESS] | Simulated minor non-fatal log
2026-08-06 20:27:21 | [Thread 127271312557760] | [OPERATION] | [STRESS] | BULK_OP | META
2026-08-06 20:27:21 | [Thread 127271272629952] | [OPERATION] | [STRESS] | BULK_OP | NVDA
2026-08-06 20:27:21 | [Thread 127271272629952] | [OPERATION] | [STRESS] | BULK_OP | AMD
2026-08-06 20:27:21 | [Thread 127271272629952] | [ERROR] | [STRESS] | Simulated minor non-fatal log
2026-08-06 20:27:21 | [Thread 127271272629952] | [INFO] | [STRESS] | Heartbeat check
2026-08-06 20:27:21 | [Thread 127271292593856] | [OPERATION] | [STRESS] | BULK_OP | ORCL
2026-08-06 20:27:21 | [Thread 127271320950464] | [OPERATION] | [STRESS] | BULK_OP | CSCO
2026-08-06 20:27:21 | [Thread 127271320950464] | [OPERATION] | [STRESS] | BULK_OP | META
2026-08-06 20:27:21 | [Thread 127271264237248] | [ERROR] | [STRESS] | Simulated minor non-fatal log
2026-08-06 20:27:21 | [Thread 127271272629952] | [ERROR] | [STRESS] | Simulated minor non-fatal log
2026-08-06 20:27:21 | [Thread 127271272629952] | [OPERATION] | [STRESS] | BULK_OP | NFLX
2026-08-06 20:27:21 | [Thread 127271320950464] | [OPERATION] | [STRESS] | BULK_OP | AMZN
2026-08-06 20:27:21 | [Thread 127271320950464] | [OPERATION] | [STRESS] | BULK_OP | QCOM
2026-08-06 20:27:21 | [Thread 127271320950464] | [ERROR] | [STRESS] | Simulated minor non-fatal log
2026-08-06 20:27:21 | [Thread 127271329343168] | [OPERATION] | [STRESS] | BULK_OP | META
2026-08-06 20:27:21 | [Thread 127271292593856] | [INFO] | [STRESS] | Heartbeat check
2026-08-06 20:27:21 | [Thread 127271312557760] | [OPERATION] | [STRESS] | BULK_OP | QCOM
2026-08-06 20:27:21 | [Thread 127271360878272] | [INFO] | [STRESS] | Heartbeat check
2026-08-06 20:27:21 | [Thread 127271312557760] | [INFO] | [STRESS] | Heartbeat check
2026-08-06 20:27:21 | [Thread 127271320950464] | [INFO] | [STRESS] | Heartbeat check
2026-08-06 20:27:21 | [Thread 127271320950464] | [INFO] | [STRESS] | Heartbeat check
2026-08-06 20:27:21 | [Thread 127271312557760] | [OPERATION] | [STRESS] | BULK_OP | AMZN
2026-08-06 20:27:21 | [Thread 127271329343168] | [ERROR] | [STRESS] | Simulated minor non-fatal log
2026-08-06 20:27:21 | [Thread 127271360878272] | [OPERATION] | [STRESS] | BULK_OP | INTC
2026-08-06 20:27:21 | [Thread 127271292593856] | [OPERATION] | [STRESS] | BULK_OP | INTC
2026-08-06 20:27:21 | [Thread 127271264237248] | [INFO] | [STRESS] | Heartbeat check
2026-08-06 20:27:21 | [Thread 127271312557760] | [INFO] | [STRESS] | Heartbeat check
2026-08-06 20:27:21 | [Thread 127271360878272] | [OPERATION] | [STRESS] | BULK_OP | QCOM
2026-08-06 20:27:21 | [Thread 127271292593856] | [INFO] | [STRESS] | Heartbeat check
2026-08-06 20:27:21 | [Thread 127271264237248] | [INFO] | [STRESS] | Heartbeat check
2026-08-06 20:27:21 | [Thread 127271312557760] | [OPERATION] | [STRESS] | BULK_OP | CSCO
2026-08-06 20:27:21 | [Thread 127271264237248] | [ERROR] | [STRESS] | Simulated minor non-fatal log
2026-08-06 20:27:21 | [Thread 127271292593856] | [ERROR] | [STRESS] | Simulated minor non-fatal log
2026-08-06 20:27:21 | [Thread 127271264237248] | [ERROR] | [STRESS] | Simulated minor non-fatal log
2026-08-06 20:27:21 | [Thread 127271312557760] | [INFO] | [STRESS] | Heartbeat check
2026-08-06 20:27:21 | [Thread 127271360878272] | [ERROR] | [STRESS] | Simulated minor non-fatal log
2026-08-06 20:27:21 | [Thread 127271320950464] | [OPERATION] | [STRESS] | BULK_OP | TXN
2026-08-06 20:27:21 | [Thread 127271312557760] | [INFO] | [STRESS] | Heartbeat check
2026-08-06 20:27:21 | [Thread 127271272629952] | [ERROR] | [STRESS] | Simulated minor non-fatal log
2026-08-06 20:27:21 | [Thread 127271360878272] | [INFO] | [STRESS] | Heartbeat check
2026-08-06 20:27:21 | [Thread 127271292593856] | [ERROR] | [STRESS] | Simulated minor non-fatal log
2026-08-06 20:27:21 | [Thread 127271312557760] | [INFO] | [STRESS] | Heartbeat check
2026-08-06 20:27:21 | [Thread 127271360878272] | [ERROR] | [STRESS] | Simulated minor non-fatal log
2026-08-06 20:27:21 | [Thread 127271312557760] | [INFO] | [STRESS] | Heartbeat check
2026-08-06 20:27:21 | [Thread 127271292593856] | [OPERATION] | [STRESS] | BULK_OP | MSFT
2026-08-06 20:27:21 | [Thread 127271264237248] | [OPERATION] | [STRESS] | BULK_OP | META
2026-08-06 20:27:21 | [Thread 127271320950464] | [ERROR] | [STRESS] | Simulated minor non-fatal log
2026-08-06 20:27:21 | [Thread 127271272629952] | [OPERATION] | [STRESS] | BULK_OP | AAPL
2026-08-06 20:27:21 | [Thread 127271272629952] | [INFO] | [STRESS] | Heartbeat check
2026-08-06 20:27:21 | [Thread 127271264237248] | [OPERATION] | [STRESS] | BULK_OP | QCOM
2026-08-06 20:27:21 | [Thread 127271264237248] | [INFO] | [STRESS] | Heartbeat check
2026-08-06 20:27:21 | [Thread 127271320950464] | [ERROR] | [STRESS] | Simulated minor non-fatal log
2026-08-06 20:27:21 | [Thread 127271312557760] | [INFO] | [STRESS] | Heartbeat check
2026-08-06 20:27:21 | [Thread 127271292593856] | [ERROR] | [STRESS] | Simulated minor non-fatal log
2026-08-06 20:27:21 | [Thread 127271360878272] | [INFO] | [STRESS] | Heartbeat check
2026-08-06 20:27:21 | [Thread 127271360878272] | [ERROR] | [STRESS] | Simulated minor non-fatal log
2026-08-06 20:27:21 | [Thread 127271292593856] | [INFO] | [STRESS] | Heartbeat check
2026-08-06 20:27:21 | [Thread 127271320950464] | [ERROR] | [STRESS] | Simulated minor non-fatal log
2026-08-06 20:27:21 | [Thread 127271329343168] | [OPERATION] | [STRESS] | BULK_OP | GOOGL
2026-08-06 20:27:21 | [Thread 127271320950464] | [ERROR] | [STRESS] | Simulated minor non-fatal log
2026-08-06 20:27:21 | [Thread 127271312557760] | [ERROR] | [STRESS] | Simulated minor non-fatal log
2026-08-06 20:27:21 | [Thread 127271320950464] | [OPERATION] | [STRESS] | BULK_OP | TSLA
2026-08-06 20:27:21 | [Thread 127271320950464] | [ERROR] | [STRESS] | Simulated minor non-fatal log
2026-08-06 20:27:21 | [Thread 127271320950464] | [ERROR] | [STRESS] | Simulated minor non-fatal log
2026-08-06 20:27:21 | [Thread 127271272629952] | [INFO] | [STRESS] | Heartbeat check
2026-08-06 20:27:21 | [Thread 127271312557760] | [INFO] | [STRESS] | Heartbeat check
2026-08-06 20:27:21 | [Thread 127271360878272] | [ERROR] | [STRESS] | Simulated minor non-fatal log
2026-08-06 20:27:21 | [Thread 127271360878272] | [OPERATION] | [STRESS] | BULK_OP | GOOGL
2026-08-06 20:27:21 | [Thread 127271360878272] | [OPERATION] | [STRESS] | BULK_OP | AAPL
2026-08-06 20:27:21 | [Thread 127271264237248] | [OPERATION] | [STRESS] | BULK_OP | AAPL
2026-08-06 20:27:21 | [Thread 127271320950464] | [ERROR] | [STRESS] | Simulated minor non-fatal log
2026-08-06 20:27:21 | [Thread 127271312557760] | [OPERATION] | [STRESS] | BULK_OP | QCOM
2026-08-06 20:27:21 | [Thread 127271264237248] | [INFO] | [STRESS] | Heartbeat check
2026-08-06 20:27:21 | [Thread 127271320950464] | [ERROR] | [STRESS] | Simulated minor non-fatal log
2026-08-06 20:27:21 | [Thread 127271264237248] | [INFO] | [STRESS] | Heartbeat check
2026-08-06 20:27:21 | [Thread 127271312557760] | [OPERATION] | [STRESS] | BULK_OP | CSCO
2026-08-06 20:27:21 | [Thread 127271272629952] | [ERROR] | [STRESS] | Simulated minor non-fatal log
2026-08-06 20:27:21 | [Thread 127271292593856] | [INFO] | [STRESS] | Heartbeat check
2026-08-06 20:27:21 | [Thread 127271292593856] | [OPERATION] | [STRESS] | BULK_OP | CSCO
2026-08-06 20:27:21 | [Thread 127271360878272] | [ERROR] | [STRESS] | Simulated minor non-fatal log
2026-08-06 20:27:21 | [Thread 127271264237248] | [OPERATION] | [STRESS] | BULK_OP | AMD
2026-08-06 20:27:21 | [Thread 127271360878272] | [INFO] | [STRESS] | Heartbeat check
2026-08-06 20:27:21 | [Thread 127271320950464] | [INFO] | [STRESS] | Heartbeat check
2026-08-06 20:27:21 | [Thread 127271272629952] | [OPERATION] | [STRESS] | BULK_OP | CSCO
2026-08-06 20:27:21 | [Thread 127271272629952] | [INFO] | [STRESS] | Heartbeat check
2026-08-06 20:27:21 | [Thread 127271272629952] | [OPERATION] | [STRESS] | BULK_OP | NFLX
2026-08-06 20:27:21 | [Thread 127271264237248] | [OPERATION] | [STRESS] | BULK_OP | IBM
2026-08-06 20:27:21 | [Thread 127271320950464] | [INFO] | [STRESS] | Heartbeat check
2026-08-06 20:27:21 | [Thread 127271272629952] | [INFO] | [STRESS] | Heartbeat check
2026-08-06 20:27:21 | [Thread 127271272629952] | [OPERATION] | [STRESS] | BULK_OP | META
2026-08-06 20:27:21 | [Thread 127271320950464] | [OPERATION] | [STRESS] | BULK_OP | NVDA
2026-08-06 20:27:21 | [Thread 127271320950464] | [OPERATION] | [STRESS] | BULK_OP | GOOGL
2026-08-06 20:27:21 | [Thread 127271312557760] | [OPERATION] | [STRESS] | BULK_OP | NFLX
2026-08-06 20:27:21 | [Thread 127271292593856] | [ERROR] | [STRESS] | Simulated minor non-fatal log
2026-08-06 20:27:21 | [Thread 127271264237248] | [INFO] | [STRESS] | Heartbeat check
2026-08-06 20:27:21 | [Thread 127271272629952] | [OPERATION] | [STRESS] | BULK_OP | INTC
2026-08-06 20:27:21 | [Thread 127271312557760] | [ERROR] | [STRESS] | Simulated minor non-fatal log
2026-08-06 20:27:21 | [Thread 127271320950464] | [OPERATION] | [STRESS] | BULK_OP | IBM
2026-08-06 20:27:21 | [Thread 127271272629952] | [INFO] | [STRESS] | Heartbeat check
2026-08-06 20:27:21 | [Thread 127271272629952] | [OPERATION] | [STRESS] | BULK_OP | NVDA
2026-08-06 20:27:21 | [Thread 127271312557760] | [ERROR] | [STRESS] | Simulated minor non-fatal log
2026-08-06 20:27:21 | [Thread 127271264237248] | [INFO] | [STRESS] | Heartbeat check
2026-08-06 20:27:21 | [Thread 127271264237248] | [ERROR] | [STRESS] | Simulated minor non-fatal log
2026-08-06 20:27:21 | [Thread 127271264237248] | [OPERATION] | [STRESS] | BULK_OP | AMZN
2026-08-06 20:27:21 | [Thread 127271264237248] | [INFO] | [STRESS] | Heartbeat check
2026-08-06 20:27:21 | [Thread 127271329343168] | [INFO] | [STRESS] | Heartbeat check
2026-08-06 20:27:21 | [Thread 127271264237248] | [ERROR] | [STRESS] | Simulated minor non-fatal log
2026-08-06 20:27:21 | [Thread 127271272629952] | [OPERATION] | [STRESS] | BULK_OP | TXN
2026-08-06 20:27:21 | [Thread 127271845226176] | [INFO] | [CACHE] | CACHE_SAVED
2026-08-06 20:27:21 | [Thread 127271264237248] | [OPERATION] | [STRESS] | BULK_OP | NFLX
2026-08-06 20:27:21 | [Thread 127271272629952] | [INFO] | [STRESS] | Heartbeat check
2026-08-06 20:27:21 | [Thread 127271264237248] | [INFO] | [STRESS] | Heartbeat check
2026-08-06 20:27:21 | [Thread 127271272629952] | [ERROR] | [STRESS] | Simulated minor non-fatal log
2026-08-06 20:27:21 | [Thread 127271264237248] | [ERROR] | [STRESS] | Simulated minor non-fatal log
2026-08-06 20:27:21 | [Thread 127271272629952] | [OPERATION] | [STRESS] | BULK_OP | IBM
2026-08-06 20:27:21 | [Thread 127271272629952] | [INFO] | [STRESS] | Heartbeat check
2026-08-06 20:27:21 | [Thread 127271264237248] | [OPERATION] | [STRESS] | BULK_OP | TXN
2026-08-06 20:27:21 | [Thread 127271264237248] | [INFO] | [STRESS] | Heartbeat check
2026-08-06 20:27:21 | [Thread 127271360878272] | [ERROR] | [STRESS] | Simulated minor non-fatal log
2026-08-06 20:27:21 | [Thread 127271329343168] | [ERROR] | [STRESS] | Simulated minor non-fatal log
2026-08-06 20:27:21 | [Thread 127271320950464] | [INFO] | [STRESS] | Heartbeat check
2026-08-06 20:27:21 | [Thread 127271272629952] | [INFO] | [STRESS] | Heartbeat check
2026-08-06 20:27:21 | [Thread 127271292593856] | [INFO] | [STRESS] | Heartbeat check
2026-08-06 20:27:21 | [Thread 127271312557760] | [OPERATION] | [STRESS] | BULK_OP | ORCL
2026-08-06 20:27:21 | [Thread 127271320950464] | [ERROR] | [STRESS] | Simulated minor non-fatal log
2026-08-06 20:27:21 | [Thread 127271320950464] | [INFO] | [STRESS] | Heartbeat check
2026-08-06 20:27:21 | [Thread 127271329343168] | [ERROR] | [STRESS] | Simulated minor non-fatal log
2026-08-06 20:27:21 | [Thread 127271312557760] | [ERROR] | [STRESS] | Simulated minor non-fatal log
2026-08-06 20:27:21 | [Thread 127271360878272] | [ERROR] | [STRESS] | Simulated minor non-fatal log
2026-08-06 20:27:21 | [Thread 127271292593856] | [INFO] | [STRESS] | Heartbeat check
2026-08-06 20:27:21 | [Thread 127271320950464] | [OPERATION] | [STRESS] | BULK_OP | TXN
2026-08-06 20:27:21 | [Thread 127271329343168] | [ERROR] | [STRESS] | Simulated minor non-fatal log
2026-08-06 20:27:21 | [Thread 127271264237248] | [INFO] | [STRESS] | Heartbeat check
2026-08-06 20:27:21 | [Thread 127271360878272] | [INFO] | [STRESS] | Heartbeat check
2026-08-06 20:27:21 | [Thread 127271320950464] | [OPERATION] | [STRESS] | BULK_OP | NFLX
2026-08-06 20:27:21 | [Thread 127271312557760] | [OPERATION] | [STRESS] | BULK_OP | CSCO
2026-08-06 20:27:21 | [Thread 127271320950464] | [OPERATION] | [STRESS] | BULK_OP | MSFT
2026-08-06 20:27:21 | [Thread 127271320950464] | [OPERATION] | [STRESS] | BULK_OP | TXN
2026-08-06 20:27:21 | [Thread 127271320950464] | [ERROR] | [STRESS] | Simulated minor non-fatal log
2026-08-06 20:27:21 | [Thread 127271845226176] | [INFO] | [CACHE] | CACHE_SAVED
2026-08-06 20:27:21 | [Thread 127271264237248] | [OPERATION] | [STRESS] | BULK_OP | ORCL
2026-08-06 20:27:21 | [Thread 127271264237248] | [OPERATION] | [STRESS] | BULK_OP | QCOM
2026-08-06 20:27:21 | [Thread 127271264237248] | [OPERATION] | [STRESS] | BULK_OP | AMZN
2026-08-06 20:27:21 | [Thread 127271264237248] | [ERROR] | [STRESS] | Simulated minor non-fatal log
2026-08-06 20:27:21 | [Thread 127271264237248] | [ERROR] | [STRESS] | Simulated minor non-fatal log
2026-08-06 20:27:21 | [Thread 127271312557760] | [ERROR] | [STRESS] | Simulated minor non-fatal log
2026-08-06 20:27:21 | [Thread 127271312557760] | [OPERATION] | [STRESS] | BULK_OP | NVDA
2026-08-06 20:27:21 | [Thread 127271312557760] | [ERROR] | [STRESS] | Simulated minor non-fatal log
2026-08-06 20:27:21 | [Thread 127271845226176] | [INFO] | [CACHE] | CACHE_SAVED
2026-08-06 20:27:21 | [Thread 127271264237248] | [INFO] | [STRESS] | Heartbeat check
2026-08-06 20:27:21 | [Thread 127271312557760] | [ERROR] | [STRESS] | Simulated minor non-fatal log
2026-08-06 20:27:21 | [Thread 127271312557760] | [OPERATION] | [STRESS] | BULK_OP | INTC
2026-08-06 20:27:21 | [Thread 127271312557760] | [INFO] | [STRESS] | Heartbeat check
2026-08-06 20:27:21 | [Thread 127271312557760] | [ERROR] | [STRESS] | Simulated minor non-fatal log
2026-08-06 20:27:21 | [Thread 127271272629952] | [OPERATION] | [STRESS] | BULK_OP | QCOM
2026-08-06 20:27:21 | [Thread 127271360878272] | [OPERATION] | [STRESS] | BULK_OP | IBM
2026-08-06 20:27:21 | [Thread 127271360878272] | [INFO] | [STRESS] | Heartbeat check
2026-08-06 20:27:21 | [Thread 127271360878272] | [ERROR] | [STRESS] | Simulated minor non-fatal log
2026-08-06 20:27:21 | [Thread 127271360878272] | [OPERATION] | [STRESS] | BULK_OP | IBM
2026-08-06 20:27:21 | [Thread 127271360878272] | [INFO] | [STRESS] | Heartbeat check
2026-08-06 20:27:21 | [Thread 127271360878272] | [ERROR] | [STRESS] | Simulated minor non-fatal log
2026-08-06 20:27:21 | [Thread 127271360878272] | [OPERATION] | [STRESS] | BULK_OP | IBM
2026-08-06 20:27:21 | [Thread 127271360878272] | [INFO] | [STRESS] | Heartbeat check
2026-08-06 20:27:21 | [Thread 127271360878272] | [ERROR] | [STRESS] | Simulated minor non-fatal log
2026-08-06 20:27:21 | [Thread 127271360878272] | [OPERATION] | [STRESS] | BULK_OP | AMZN
2026-08-06 20:27:21 | [Thread 127271360878272] | [INFO] | [STRESS] | Heartbeat check
2026-08-06 20:27:21 | [Thread 127271360878272] | [ERROR] | [STRESS] | Simulated minor non-fatal log
2026-08-06 20:27:21 | [Thread 127271360878272] | [ERROR] | [STRESS] | Simulated minor non-fatal log
2026-08-06 20:27:21 | [Thread 127271360878272] | [INFO] | [STRESS] | Heartbeat check
2026-08-06 20:27:21 | [Thread 127271360878272] | [OPERATION] | [STRESS] | BULK_OP | GOOGL
2026-08-06 20:27:21 | [Thread 127271360878272] | [INFO] | [STRESS] | Heartbeat check
2026-08-06 20:27:21 | [Thread 127271360878272] | [ERROR] | [STRESS] | Simulated minor non-fatal log
2026-08-06 20:27:21 | [Thread 127271360878272] | [ERROR] | [STRESS] | Simulated minor non-fatal log
2026-08-06 20:27:21 | [Thread 127271360878272] | [ERROR] | [STRESS] | Simulated minor non-fatal log
2026-08-06 20:27:21 | [Thread 127271360878272] | [ERROR] | [STRESS] | Simulated minor non-fatal log
2026-08-06 20:27:21 | [Thread 127271360878272] | [OPERATION] | [STRESS] | BULK_OP | CSCO
2026-08-06 20:27:21 | [Thread 127271360878272] | [INFO] | [STRESS] | Heartbeat check
2026-08-06 20:27:21 | [Thread 127271360878272] | [OPERATION] | [STRESS] | BULK_OP | CSCO
2026-08-06 20:27:21 | [Thread 127271360878272] | [INFO] | [STRESS] | Heartbeat check
2026-08-06 20:27:21 | [Thread 127271360878272] | [OPERATION] | [STRESS] | BULK_OP | IBM
2026-08-06 20:27:21 | [Thread 127271360878272] | [ERROR] | [STRESS] | Simulated minor non-fatal log
2026-08-06 20:27:21 | [Thread 127271360878272] | [INFO] | [STRESS] | Heartbeat check
2026-08-06 20:27:21 | [Thread 127271360878272] | [ERROR] | [STRESS] | Simulated minor non-fatal log
2026-08-06 20:27:21 | [Thread 127271360878272] | [ERROR] | [STRESS] | Simulated minor non-fatal log
2026-08-06 20:27:21 | [Thread 127271360878272] | [OPERATION] | [STRESS] | BULK_OP | AAPL
2026-08-06 20:27:21 | [Thread 127271360878272] | [INFO] | [STRESS] | Heartbeat check
2026-08-06 20:27:21 | [Thread 127271360878272] | [OPERATION] | [STRESS] | BULK_OP | NFLX
2026-08-06 20:27:21 | [Thread 127271360878272] | [INFO] | [STRESS] | Heartbeat check
2026-08-06 20:27:21 | [Thread 127271360878272] | [ERROR] | [STRESS] | Simulated minor non-fatal log
2026-08-06 20:27:21 | [Thread 127271329343168] | [OPERATION] | [STRESS] | BULK_OP | GOOGL
2026-08-06 20:27:21 | [Thread 127271329343168] | [OPERATION] | [STRESS] | BULK_OP | CSCO
2026-08-06 20:27:21 | [Thread 127271329343168] | [OPERATION] | [STRESS] | BULK_OP | AMZN
2026-08-06 20:27:21 | [Thread 127271329343168] | [OPERATION] | [STRESS] | BULK_OP | IBM
2026-08-06 20:27:21 | [Thread 127271272629952] | [INFO] | [STRESS] | Heartbeat check
2026-08-06 20:27:21 | [Thread 127271292593856] | [OPERATION] | [STRESS] | BULK_OP | AMD
2026-08-06 20:27:21 | [Thread 127271272629952] | [INFO] | [STRESS] | Heartbeat check
2026-08-06 20:27:21 | [Thread 127271272629952] | [ERROR] | [STRESS] | Simulated minor non-fatal log
2026-08-06 20:27:21 | [Thread 127271329343168] | [OPERATION] | [STRESS] | BULK_OP | INTC
2026-08-06 20:27:21 | [Thread 127271312557760] | [INFO] | [STRESS] | Heartbeat check
2026-08-06 20:27:21 | [Thread 127271329343168] | [OPERATION] | [STRESS] | BULK_OP | QCOM
2026-08-06 20:27:21 | [Thread 127271329343168] | [OPERATION] | [STRESS] | BULK_OP | QCOM
2026-08-06 20:27:21 | [Thread 127271329343168] | [OPERATION] | [STRESS] | BULK_OP | NFLX
2026-08-06 20:27:21 | [Thread 127271264237248] | [INFO] | [STRESS] | Heartbeat check
2026-08-06 20:27:21 | [Thread 127271329343168] | [OPERATION] | [STRESS] | BULK_OP | INTC
2026-08-06 20:27:21 | [Thread 127271264237248] | [OPERATION] | [STRESS] | BULK_OP | CSCO
2026-08-06 20:27:21 | [Thread 127271264237248] | [OPERATION] | [STRESS] | BULK_OP | NFLX
2026-08-06 20:27:21 | [Thread 127271320950464] | [ERROR] | [STRESS] | Simulated minor non-fatal log
2026-08-06 20:27:21 | [Thread 127271312557760] | [INFO] | [STRESS] | Heartbeat check
2026-08-06 20:27:21 | [Thread 127271320950464] | [ERROR] | [STRESS] | Simulated minor non-fatal log
2026-08-06 20:27:21 | [Thread 127271272629952] | [OPERATION] | [STRESS] | BULK_OP | AMZN
2026-08-06 20:27:21 | [Thread 127271264237248] | [ERROR] | [STRESS] | Simulated minor non-fatal log
2026-08-06 20:27:21 | [Thread 127271360878272] | [INFO] | [STRESS] | Heartbeat check
2026-08-06 20:27:21 | [Thread 127271292593856] | [INFO] | [STRESS] | Heartbeat check
2026-08-06 20:27:21 | [Thread 127271264237248] | [OPERATION] | [STRESS] | BULK_OP | TXN
2026-08-06 20:27:21 | [Thread 127271272629952] | [ERROR] | [STRESS] | Simulated minor non-fatal log
2026-08-06 20:27:21 | [Thread 127271329343168] | [INFO] | [STRESS] | Heartbeat check
2026-08-06 20:27:21 | [Thread 127271272629952] | [INFO] | [STRESS] | Heartbeat check
2026-08-06 20:27:21 | [Thread 127271312557760] | [ERROR] | [STRESS] | Simulated minor non-fatal log
2026-08-06 20:27:21 | [Thread 127271292593856] | [OPERATION] | [STRESS] | BULK_OP | GOOGL
2026-08-06 20:27:21 | [Thread 127271272629952] | [ERROR] | [STRESS] | Simulated minor non-fatal log
2026-08-06 20:27:21 | [Thread 127271264237248] | [INFO] | [STRESS] | Heartbeat check
2026-08-06 20:27:21 | [Thread 127271264237248] | [INFO] | [STRESS] | Heartbeat check
2026-08-06 20:27:21 | [Thread 127271312557760] | [OPERATION] | [STRESS] | BULK_OP | IBM
2026-08-06 20:27:21 | [Thread 127271329343168] | [INFO] | [STRESS] | Heartbeat check
2026-08-06 20:27:21 | [Thread 127271320950464] | [INFO] | [STRESS] | Heartbeat check
2026-08-06 20:27:21 | [Thread 127271320950464] | [OPERATION] | [STRESS] | BULK_OP | META
2026-08-06 20:27:21 | [Thread 127271272629952] | [OPERATION] | [STRESS] | BULK_OP | META
2026-08-06 20:27:21 | [Thread 127271312557760] | [INFO] | [STRESS] | Heartbeat check
2026-08-06 20:27:21 | [Thread 127271292593856] | [OPERATION] | [STRESS] | BULK_OP | NFLX
2026-08-06 20:27:21 | [Thread 127271264237248] | [INFO] | [STRESS] | Heartbeat check
2026-08-06 20:27:21 | [Thread 127271292593856] | [INFO] | [STRESS] | Heartbeat check
2026-08-06 20:27:21 | [Thread 127271312557760] | [OPERATION] | [STRESS] | BULK_OP | QCOM
2026-08-06 20:27:21 | [Thread 127271312557760] | [INFO] | [STRESS] | Heartbeat check
2026-08-06 20:27:21 | [Thread 127271312557760] | [ERROR] | [STRESS] | Simulated minor non-fatal log
2026-08-06 20:27:21 | [Thread 127271312557760] | [OPERATION] | [STRESS] | BULK_OP | NVDA
2026-08-06 20:27:21 | [Thread 127271312557760] | [INFO] | [STRESS] | Heartbeat check
2026-08-06 20:27:21 | [Thread 127271312557760] | [ERROR] | [STRESS] | Simulated minor non-fatal log
2026-08-06 20:27:21 | [Thread 127271312557760] | [OPERATION] | [STRESS] | BULK_OP | GOOGL
2026-08-06 20:27:21 | [Thread 127271312557760] | [INFO] | [STRESS] | Heartbeat check
2026-08-06 20:27:21 | [Thread 127271312557760] | [ERROR] | [STRESS] | Simulated minor non-fatal log
2026-08-06 20:27:21 | [Thread 127271312557760] | [ERROR] | [STRESS] | Simulated minor non-fatal log
2026-08-06 20:27:21 | [Thread 127271312557760] | [OPERATION] | [STRESS] | BULK_OP | QCOM
2026-08-06 20:27:21 | [Thread 127271312557760] | [OPERATION] | [STRESS] | BULK_OP | NVDA
2026-08-06 20:27:21 | [Thread 127271312557760] | [OPERATION] | [STRESS] | BULK_OP | META
2026-08-06 20:27:21 | [Thread 127271312557760] | [INFO] | [STRESS] | Heartbeat check
2026-08-06 20:27:21 | [Thread 127271312557760] | [ERROR] | [STRESS] | Simulated minor non-fatal log
2026-08-06 20:27:21 | [Thread 127271312557760] | [INFO] | [STRESS] | Heartbeat check
2026-08-06 20:27:21 | [Thread 127271360878272] | [ERROR] | [STRESS] | Simulated minor non-fatal log
2026-08-06 20:27:21 | [Thread 127271272629952] | [ERROR] | [STRESS] | Simulated minor non-fatal log
2026-08-06 20:27:21 | [Thread 127271360878272] | [INFO] | [STRESS] | Heartbeat check
2026-08-06 20:27:21 | [Thread 127271329343168] | [INFO] | [STRESS] | Heartbeat check
2026-08-06 20:27:21 | [Thread 127271360878272] | [OPERATION] | [STRESS] | BULK_OP | CSCO
2026-08-06 20:27:21 | [Thread 127271312557760] | [INFO] | [STRESS] | Heartbeat check
2026-08-06 20:27:21 | [Thread 127271292593856] | [OPERATION] | [STRESS] | BULK_OP | TXN
2026-08-06 20:27:21 | [Thread 127271312557760] | [ERROR] | [STRESS] | Simulated minor non-fatal log
2026-08-06 20:27:21 | [Thread 127271292593856] | [INFO] | [STRESS] | Heartbeat check
2026-08-06 20:27:21 | [Thread 127271272629952] | [ERROR] | [STRESS] | Simulated minor non-fatal log
2026-08-06 20:27:21 | [Thread 127271264237248] | [OPERATION] | [STRESS] | BULK_OP | TXN
2026-08-06 20:27:21 | [Thread 127271312557760] | [OPERATION] | [STRESS] | BULK_OP | NFLX
2026-08-06 20:27:21 | [Thread 127271320950464] | [OPERATION] | [STRESS] | BULK_OP | AAPL
2026-08-06 20:27:21 | [Thread 127271329343168] | [OPERATION] | [STRESS] | BULK_OP | NVDA
2026-08-06 20:27:21 | [Thread 127271264237248] | [ERROR] | [STRESS] | Simulated minor non-fatal log
2026-08-06 20:27:21 | [Thread 127271329343168] | [INFO] | [STRESS] | Heartbeat check
2026-08-06 20:27:21 | [Thread 127271292593856] | [INFO] | [STRESS] | Heartbeat check
2026-08-06 20:27:21 | [Thread 127271292593856] | [OPERATION] | [STRESS] | BULK_OP | NVDA
2026-08-06 20:27:21 | [Thread 127271360878272] | [INFO] | [STRESS] | Heartbeat check
2026-08-06 20:27:21 | [Thread 127271292593856] | [ERROR] | [STRESS] | Simulated minor non-fatal log
2026-08-06 20:27:21 | [Thread 127271312557760] | [INFO] | [STRESS] | Heartbeat check
2026-08-06 20:27:21 | [Thread 127271320950464] | [INFO] | [STRESS] | Heartbeat check
2026-08-06 20:27:21 | [Thread 127271312557760] | [ERROR] | [STRESS] | Simulated minor non-fatal log
2026-08-06 20:27:21 | [Thread 127271329343168] | [OPERATION] | [STRESS] | BULK_OP | IBM
2026-08-06 20:27:21 | [Thread 127271360878272] | [OPERATION] | [STRESS] | BULK_OP | AAPL
2026-08-06 20:27:21 | [Thread 127271360878272] | [INFO] | [STRESS] | Heartbeat check
2026-08-06 20:27:21 | [Thread 127271329343168] | [ERROR] | [STRESS] | Simulated minor non-fatal log
2026-08-06 20:27:21 | [Thread 127271312557760] | [ERROR] | [STRESS] | Simulated minor non-fatal log
2026-08-06 20:27:21 | [Thread 127271292593856] | [ERROR] | [STRESS] | Simulated minor non-fatal log
2026-08-06 20:27:21 | [Thread 127271292593856] | [INFO] | [STRESS] | Heartbeat check
2026-08-06 20:27:21 | [Thread 127271360878272] | [OPERATION] | [STRESS] | BULK_OP | AAPL
2026-08-06 20:27:21 | [Thread 127271272629952] | [INFO] | [STRESS] | Heartbeat check
2026-08-06 20:27:21 | [Thread 127271329343168] | [ERROR] | [STRESS] | Simulated minor non-fatal log
2026-08-06 20:27:21 | [Thread 127271312557760] | [ERROR] | [STRESS] | Simulated minor non-fatal log
2026-08-06 20:27:21 | [Thread 127271329343168] | [INFO] | [STRESS] | Heartbeat check
2026-08-06 20:27:21 | [Thread 127271360878272] | [INFO] | [STRESS] | Heartbeat check
2026-08-06 20:27:21 | [Thread 127271312557760] | [INFO] | [STRESS] | Heartbeat check
2026-08-06 20:27:21 | [Thread 127271320950464] | [ERROR] | [STRESS] | Simulated minor non-fatal log
2026-08-06 20:27:21 | [Thread 127271329343168] | [OPERATION] | [STRESS] | BULK_OP | AAPL
2026-08-06 20:27:21 | [Thread 127271329343168] | [ERROR] | [STRESS] | Simulated minor non-fatal log
2026-08-06 20:27:21 | [Thread 127271312557760] | [OPERATION] | [STRESS] | BULK_OP | TXN
2026-08-06 20:27:21 | [Thread 127271272629952] | [ERROR] | [STRESS] | Simulated minor non-fatal log
2026-08-06 20:27:21 | [Thread 127271329343168] | [ERROR] | [STRESS] | Simulated minor non-fatal log
2026-08-06 20:27:21 | [Thread 127271360878272] | [ERROR] | [STRESS] | Simulated minor non-fatal log
2026-08-06 20:27:21 | [Thread 127271292593856] | [ERROR] | [STRESS] | Simulated minor non-fatal log
2026-08-06 20:27:21 | [Thread 127271292593856] | [ERROR] | [STRESS] | Simulated minor non-fatal log
2026-08-06 20:27:21 | [Thread 127271329343168] | [OPERATION] | [STRESS] | BULK_OP | TSLA
2026-08-06 20:27:21 | [Thread 127271329343168] | [OPERATION] | [STRESS] | BULK_OP | TXN
2026-08-06 20:27:21 | [Thread 127271329343168] | [INFO] | [STRESS] | Heartbeat check
2026-08-06 20:27:21 | [Thread 127271272629952] | [ERROR] | [STRESS] | Simulated minor non-fatal log
2026-08-06 20:27:21 | [Thread 127271329343168] | [OPERATION] | [STRESS] | BULK_OP | TXN
2026-08-06 20:27:21 | [Thread 127271292593856] | [ERROR] | [STRESS] | Simulated minor non-fatal log
2026-08-06 20:27:21 | [Thread 127271360878272] | [INFO] | [STRESS] | Heartbeat check
2026-08-06 20:27:21 | [Thread 127271329343168] | [OPERATION] | [STRESS] | BULK_OP | NVDA
2026-08-06 20:27:21 | [Thread 127271360878272] | [INFO] | [STRESS] | Heartbeat check
2026-08-06 20:27:21 | [Thread 127271320950464] | [OPERATION] | [STRESS] | BULK_OP | ORCL
2026-08-06 20:27:21 | [Thread 127271320950464] | [INFO] | [STRESS] | Heartbeat check
2026-08-06 20:27:21 | [Thread 127271312557760] | [OPERATION] | [STRESS] | BULK_OP | MSFT
2026-08-06 20:27:21 | [Thread 127271329343168] | [INFO] | [STRESS] | Heartbeat check
2026-08-06 20:27:21 | [Thread 127271360878272] | [OPERATION] | [STRESS] | BULK_OP | TSLA
2026-08-06 20:27:21 | [Thread 127271272629952] | [ERROR] | [STRESS] | Simulated minor non-fatal log
2026-08-06 20:27:21 | [Thread 127271329343168] | [OPERATION] | [STRESS] | BULK_OP | TXN
2026-08-06 20:27:21 | [Thread 127271320950464] | [OPERATION] | [STRESS] | BULK_OP | QCOM
2026-08-06 20:27:21 | [Thread 127271312557760] | [OPERATION] | [STRESS] | BULK_OP | NFLX
2026-08-06 20:27:21 | [Thread 127271312557760] | [INFO] | [STRESS] | Heartbeat check
2026-08-06 20:27:21 | [Thread 127271292593856] | [ERROR] | [STRESS] | Simulated minor non-fatal log
2026-08-06 20:27:21 | [Thread 127271329343168] | [OPERATION] | [STRESS] | BULK_OP | INTC
2026-08-06 20:27:21 | [Thread 127271264237248] | [INFO] | [STRESS] | Heartbeat check
2026-08-06 20:27:21 | [Thread 127271312557760] | [OPERATION] | [STRESS] | BULK_OP | TSLA
2026-08-06 20:27:21 | [Thread 127271272629952] | [INFO] | [STRESS] | Heartbeat check
2026-08-06 20:27:21 | [Thread 127271360878272] | [INFO] | [STRESS] | Heartbeat check
2026-08-06 20:27:21 | [Thread 127271312557760] | [OPERATION] | [STRESS] | BULK_OP | AMD
2026-08-06 20:27:21 | [Thread 127271272629952] | [INFO] | [STRESS] | Heartbeat check
2026-08-06 20:27:21 | [Thread 127271320950464] | [OPERATION] | [STRESS] | BULK_OP | META
2026-08-06 20:27:21 | [Thread 127271329343168] | [INFO] | [STRESS] | Heartbeat check
2026-08-06 20:27:21 | [Thread 127271264237248] | [INFO] | [STRESS] | Heartbeat check
2026-08-06 20:27:21 | [Thread 127271329343168] | [INFO] | [STRESS] | Heartbeat check
2026-08-06 20:27:21 | [Thread 127271292593856] | [ERROR] | [STRESS] | Simulated minor non-fatal log
2026-08-06 20:27:21 | [Thread 127271292593856] | [ERROR] | [STRESS] | Simulated minor non-fatal log
2026-08-06 20:27:21 | [Thread 127271329343168] | [ERROR] | [STRESS] | Simulated minor non-fatal log
2026-08-06 20:27:21 | [Thread 127271264237248] | [INFO] | [STRESS] | Heartbeat check
2026-08-06 20:27:21 | [Thread 127271264237248] | [OPERATION] | [STRESS] | BULK_OP | AAPL
2026-08-06 20:27:21 | [Thread 127271272629952] | [OPERATION] | [STRESS] | BULK_OP | META
2026-08-06 20:27:21 | [Thread 127271312557760] | [INFO] | [STRESS] | Heartbeat check
2026-08-06 20:27:21 | [Thread 127271292593856] | [OPERATION] | [STRESS] | BULK_OP | INTC
2026-08-06 20:27:21 | [Thread 127271360878272] | [ERROR] | [STRESS] | Simulated minor non-fatal log
2026-08-06 20:27:21 | [Thread 127271312557760] | [ERROR] | [STRESS] | Simulated minor non-fatal log
2026-08-06 20:27:21 | [Thread 127271292593856] | [INFO] | [STRESS] | Heartbeat check
2026-08-06 20:27:21 | [Thread 127271329343168] | [INFO] | [STRESS] | Heartbeat check
2026-08-06 20:27:21 | [Thread 127271272629952] | [OPERATION] | [STRESS] | BULK_OP | CSCO
2026-08-06 20:27:21 | [Thread 127271312557760] | [INFO] | [STRESS] | Heartbeat check
2026-08-06 20:27:21 | [Thread 127271272629952] | [OPERATION] | [STRESS] | BULK_OP | CSCO
2026-08-06 20:27:21 | [Thread 127271264237248] | [INFO] | [STRESS] | Heartbeat check
2026-08-06 20:27:21 | [Thread 127271320950464] | [OPERATION] | [STRESS] | BULK_OP | AAPL
2026-08-06 20:27:21 | [Thread 127271272629952] | [INFO] | [STRESS] | Heartbeat check
2026-08-06 20:27:21 | [Thread 127271264237248] | [ERROR] | [STRESS] | Simulated minor non-fatal log
2026-08-06 20:27:21 | [Thread 127271312557760] | [ERROR] | [STRESS] | Simulated minor non-fatal log
2026-08-06 20:27:21 | [Thread 127271272629952] | [OPERATION] | [STRESS] | BULK_OP | META
2026-08-06 20:27:21 | [Thread 127271360878272] | [ERROR] | [STRESS] | Simulated minor non-fatal log
2026-08-06 20:27:21 | [Thread 127271329343168] | [ERROR] | [STRESS] | Simulated minor non-fatal log
2026-08-06 20:27:21 | [Thread 127271264237248] | [ERROR] | [STRESS] | Simulated minor non-fatal log
2026-08-06 20:27:21 | [Thread 127271292593856] | [OPERATION] | [STRESS] | BULK_OP | ORCL
2026-08-06 20:27:21 | [Thread 127271292593856] | [INFO] | [STRESS] | Heartbeat check
2026-08-06 20:27:21 | [Thread 127271292593856] | [INFO] | [STRESS] | Heartbeat check
2026-08-06 20:27:21 | [Thread 127271264237248] | [INFO] | [STRESS] | Heartbeat check
2026-08-06 20:27:21 | [Thread 127271360878272] | [INFO] | [STRESS] | Heartbeat check
2026-08-06 20:27:21 | [Thread 127271292593856] | [ERROR] | [STRESS] | Simulated minor non-fatal log
2026-08-06 20:27:21 | [Thread 127271272629952] | [OPERATION] | [STRESS] | BULK_OP | INTC
2026-08-06 20:27:21 | [Thread 127271272629952] | [OPERATION] | [STRESS] | BULK_OP | TXN
2026-08-06 20:27:21 | [Thread 127271292593856] | [OPERATION] | [STRESS] | BULK_OP | QCOM
2026-08-06 20:27:21 | [Thread 127271272629952] | [OPERATION] | [STRESS] | BULK_OP | IBM
2026-08-06 20:27:21 | [Thread 127271312557760] | [ERROR] | [STRESS] | Simulated minor non-fatal log
2026-08-06 20:27:21 | [Thread 127271264237248] | [INFO] | [STRESS] | Heartbeat check
2026-08-06 20:27:21 | [Thread 127271320950464] | [ERROR] | [STRESS] | Simulated minor non-fatal log
2026-08-06 20:27:21 | [Thread 127271360878272] | [ERROR] | [STRESS] | Simulated minor non-fatal log
2026-08-06 20:27:21 | [Thread 127271360878272] | [ERROR] | [STRESS] | Simulated minor non-fatal log
2026-08-06 20:27:21 | [Thread 127271360878272] | [OPERATION] | [STRESS] | BULK_OP | INTC
2026-08-06 20:27:21 | [Thread 127271292593856] | [INFO] | [STRESS] | Heartbeat check
2026-08-06 20:27:21 | [Thread 127271264237248] | [OPERATION] | [STRESS] | BULK_OP | INTC
2026-08-06 20:27:21 | [Thread 127271272629952] | [INFO] | [STRESS] | Heartbeat check
2026-08-06 20:27:21 | [Thread 127271272629952] | [ERROR] | [STRESS] | Simulated minor non-fatal log
2026-08-06 20:27:21 | [Thread 127271360878272] | [OPERATION] | [STRESS] | BULK_OP | GOOGL
2026-08-06 20:27:21 | [Thread 127271264237248] | [OPERATION] | [STRESS] | BULK_OP | TSLA
2026-08-06 20:27:21 | [Thread 127271329343168] | [INFO] | [STRESS] | Heartbeat check
2026-08-06 20:27:21 | [Thread 127271320950464] | [INFO] | [STRESS] | Heartbeat check
2026-08-06 20:27:21 | [Thread 127271264237248] | [OPERATION] | [STRESS] | BULK_OP | NVDA
2026-08-06 20:27:21 | [Thread 127271264237248] | [OPERATION] | [STRESS] | BULK_OP | INTC
2026-08-06 20:27:21 | [Thread 127271360878272] | [OPERATION] | [STRESS] | BULK_OP | TXN
2026-08-06 20:27:21 | [Thread 127271312557760] | [INFO] | [STRESS] | Heartbeat check
2026-08-06 20:27:21 | [Thread 127271312557760] | [ERROR] | [STRESS] | Simulated minor non-fatal log
2026-08-06 20:27:21 | [Thread 127271312557760] | [OPERATION] | [STRESS] | BULK_OP | GOOGL
2026-08-06 20:27:21 | [Thread 127271272629952] | [ERROR] | [STRESS] | Simulated minor non-fatal log
2026-08-06 20:27:21 | [Thread 127271360878272] | [OPERATION] | [STRESS] | BULK_OP | CSCO
2026-08-06 20:27:21 | [Thread 127271312557760] | [OPERATION] | [STRESS] | BULK_OP | META
2026-08-06 20:27:21 | [Thread 127271320950464] | [OPERATION] | [STRESS] | BULK_OP | TSLA
2026-08-06 20:27:21 | [Thread 127271320950464] | [INFO] | [STRESS] | Heartbeat check
2026-08-06 20:27:21 | [Thread 127271360878272] | [ERROR] | [STRESS] | Simulated minor non-fatal log
2026-08-06 20:27:21 | [Thread 127271329343168] | [ERROR] | [STRESS] | Simulated minor non-fatal log
2026-08-06 20:27:21 | [Thread 127271329343168] | [INFO] | [STRESS] | Heartbeat check
2026-08-06 20:27:21 | [Thread 127271329343168] | [INFO] | [STRESS] | Heartbeat check
2026-08-06 20:27:21 | [Thread 127271264237248] | [INFO] | [STRESS] | Heartbeat check
2026-08-06 20:27:21 | [Thread 127271264237248] | [ERROR] | [STRESS] | Simulated minor non-fatal log
2026-08-06 20:27:21 | [Thread 127271264237248] | [INFO] | [STRESS] | Heartbeat check
2026-08-06 20:27:21 | [Thread 127271264237248] | [ERROR] | [STRESS] | Simulated minor non-fatal log
2026-08-06 20:27:21 | [Thread 127271360878272] | [ERROR] | [STRESS] | Simulated minor non-fatal log
2026-08-06 20:27:21 | [Thread 127271320950464] | [ERROR] | [STRESS] | Simulated minor non-fatal log
2026-08-06 20:27:21 | [Thread 127271292593856] | [ERROR] | [STRESS] | Simulated minor non-fatal log
2026-08-06 20:27:21 | [Thread 127271292593856] | [ERROR] | [STRESS] | Simulated minor non-fatal log
2026-08-06 20:27:21 | [Thread 127271292593856] | [OPERATION] | [STRESS] | BULK_OP | MSFT
2026-08-06 20:27:21 | [Thread 127271320950464] | [OPERATION] | [STRESS] | BULK_OP | AMZN
2026-08-06 20:27:21 | [Thread 127271312557760] | [ERROR] | [STRESS] | Simulated minor non-fatal log
2026-08-06 20:27:21 | [Thread 127271329343168] | [OPERATION] | [STRESS] | BULK_OP | ORCL
2026-08-06 20:27:21 | [Thread 127271320950464] | [ERROR] | [STRESS] | Simulated minor non-fatal log
2026-08-06 20:27:21 | [Thread 127271320950464] | [ERROR] | [STRESS] | Simulated minor non-fatal log
2026-08-06 20:27:21 | [Thread 127271292593856] | [INFO] | [STRESS] | Heartbeat check
2026-08-06 20:27:21 | [Thread 127271272629952] | [ERROR] | [STRESS] | Simulated minor non-fatal log
2026-08-06 20:27:21 | [Thread 127271312557760] | [INFO] | [STRESS] | Heartbeat check
2026-08-06 20:27:21 | [Thread 127271845226176] | [INFO] | [CACHE] | CACHE_SAVED
2026-08-06 20:27:21 | [Thread 127271264237248] | [OPERATION] | [STRESS] | BULK_OP | CSCO
2026-08-06 20:27:21 | [Thread 127271312557760] | [INFO] | [STRESS] | Heartbeat check
2026-08-06 20:27:21 | [Thread 127271312557760] | [ERROR] | [STRESS] | Simulated minor non-fatal log
2026-08-06 20:27:21 | [Thread 127271329343168] | [INFO] | [STRESS] | Heartbeat check
2026-08-06 20:27:21 | [Thread 127271360878272] | [ERROR] | [STRESS] | Simulated minor non-fatal log
2026-08-06 20:27:21 | [Thread 127271329343168] | [OPERATION] | [STRESS] | BULK_OP | QCOM
2026-08-06 20:27:21 | [Thread 127271329343168] | [ERROR] | [STRESS] | Simulated minor non-fatal log
2026-08-06 20:27:21 | [Thread 127271329343168] | [ERROR] | [STRESS] | Simulated minor non-fatal log
2026-08-06 20:27:21 | [Thread 127271312557760] | [OPERATION] | [STRESS] | BULK_OP | INTC
2026-08-06 20:27:21 | [Thread 127271312557760] | [OPERATION] | [STRESS] | BULK_OP | ORCL
2026-08-06 20:27:21 | [Thread 127271312557760] | [INFO] | [STRESS] | Heartbeat check
2026-08-06 20:27:21 | [Thread 127271312557760] | [ERROR] | [STRESS] | Simulated minor non-fatal log
2026-08-06 20:27:21 | [Thread 127271312557760] | [OPERATION] | [STRESS] | BULK_OP | NVDA
2026-08-06 20:27:21 | [Thread 127271329343168] | [OPERATION] | [STRESS] | BULK_OP | TXN
2026-08-06 20:27:21 | [Thread 127271329343168] | [INFO] | [STRESS] | Heartbeat check
2026-08-06 20:27:21 | [Thread 127271329343168] | [INFO] | [STRESS] | Heartbeat check
2026-08-06 20:27:21 | [Thread 127271320950464] | [ERROR] | [STRESS] | Simulated minor non-fatal log
2026-08-06 20:27:21 | [Thread 127271320950464] | [OPERATION] | [STRESS] | BULK_OP | TXN
2026-08-06 20:27:21 | [Thread 127271320950464] | [INFO] | [STRESS] | Heartbeat check
2026-08-06 20:27:21 | [Thread 127271320950464] | [INFO] | [STRESS] | Heartbeat check
2026-08-06 20:27:21 | [Thread 127271329343168] | [ERROR] | [STRESS] | Simulated minor non-fatal log
2026-08-06 20:27:21 | [Thread 127271320950464] | [OPERATION] | [STRESS] | BULK_OP | CSCO
2026-08-06 20:27:21 | [Thread 127271320950464] | [ERROR] | [STRESS] | Simulated minor non-fatal log
2026-08-06 20:27:21 | [Thread 127271312557760] | [OPERATION] | [STRESS] | BULK_OP | GOOGL
2026-08-06 20:27:21 | [Thread 127271312557760] | [ERROR] | [STRESS] | Simulated minor non-fatal log
2026-08-06 20:27:21 | [Thread 127271312557760] | [ERROR] | [STRESS] | Simulated minor non-fatal log
2026-08-06 20:27:21 | [Thread 127271320950464] | [OPERATION] | [STRESS] | BULK_OP | TXN
2026-08-06 20:27:21 | [Thread 127271360878272] | [ERROR] | [STRESS] | Simulated minor non-fatal log
2026-08-06 20:27:21 | [Thread 127271329343168] | [INFO] | [STRESS] | Heartbeat check
2026-08-06 20:27:21 | [Thread 127271312557760] | [ERROR] | [STRESS] | Simulated minor non-fatal log
2026-08-06 20:27:21 | [Thread 127271292593856] | [ERROR] | [STRESS] | Simulated minor non-fatal log
2026-08-06 20:27:21 | [Thread 127271292593856] | [INFO] | [STRESS] | Heartbeat check
2026-08-06 20:27:21 | [Thread 127271360878272] | [ERROR] | [STRESS] | Simulated minor non-fatal log
2026-08-06 20:27:21 | [Thread 127271264237248] | [OPERATION] | [STRESS] | BULK_OP | CSCO
2026-08-06 20:27:21 | [Thread 127271272629952] | [OPERATION] | [STRESS] | BULK_OP | AMD
2026-08-06 20:27:21 | [Thread 127271272629952] | [OPERATION] | [STRESS] | BULK_OP | GOOGL
2026-08-06 20:27:21 | [Thread 127271264237248] | [ERROR] | [STRESS] | Simulated minor non-fatal log
2026-08-06 20:27:21 | [Thread 127271292593856] | [INFO] | [STRESS] | Heartbeat check
2026-08-06 20:27:21 | [Thread 127271320950464] | [OPERATION] | [STRESS] | BULK_OP | NFLX
2026-08-06 20:27:21 | [Thread 127271312557760] | [INFO] | [STRESS] | Heartbeat check
2026-08-06 20:27:21 | [Thread 127271360878272] | [OPERATION] | [STRESS] | BULK_OP | AAPL
2026-08-06 20:27:21 | [Thread 127271329343168] | [OPERATION] | [STRESS] | BULK_OP | MSFT
2026-08-06 20:27:21 | [Thread 127271292593856] | [ERROR] | [STRESS] | Simulated minor non-fatal log
2026-08-06 20:27:21 | [Thread 127271292593856] | [OPERATION] | [STRESS] | BULK_OP | META
2026-08-06 20:27:21 | [Thread 127271292593856] | [OPERATION] | [STRESS] | BULK_OP | MSFT
2026-08-06 20:27:21 | [Thread 127271360878272] | [INFO] | [STRESS] | Heartbeat check
2026-08-06 20:27:21 | [Thread 127271292593856] | [INFO] | [STRESS] | Heartbeat check
2026-08-06 20:27:21 | [Thread 127271264237248] | [OPERATION] | [STRESS] | BULK_OP | TXN
2026-08-06 20:27:21 | [Thread 127271312557760] | [INFO] | [STRESS] | Heartbeat check
2026-08-06 20:27:21 | [Thread 127271312557760] | [OPERATION] | [STRESS] | BULK_OP | GOOGL
2026-08-06 20:27:21 | [Thread 127271320950464] | [OPERATION] | [STRESS] | BULK_OP | MSFT
2026-08-06 20:27:21 | [Thread 127271264237248] | [OPERATION] | [STRESS] | BULK_OP | IBM
2026-08-06 20:27:21 | [Thread 127271292593856] | [ERROR] | [STRESS] | Simulated minor non-fatal log
2026-08-06 20:27:21 | [Thread 127271272629952] | [INFO] | [STRESS] | Heartbeat check
2026-08-06 20:27:21 | [Thread 127271292593856] | [ERROR] | [STRESS] | Simulated minor non-fatal log
2026-08-06 20:27:21 | [Thread 127271292593856] | [OPERATION] | [STRESS] | BULK_OP | QCOM
2026-08-06 20:27:21 | [Thread 127271312557760] | [OPERATION] | [STRESS] | BULK_OP | INTC
2026-08-06 20:27:21 | [Thread 127271320950464] | [OPERATION] | [STRESS] | BULK_OP | ORCL
2026-08-06 20:27:21 | [Thread 127271329343168] | [OPERATION] | [STRESS] | BULK_OP | NFLX
2026-08-06 20:27:21 | [Thread 127271272629952] | [INFO] | [STRESS] | Heartbeat check
2026-08-06 20:27:21 | [Thread 127271272629952] | [INFO] | [STRESS] | Heartbeat check
2026-08-06 20:27:21 | [Thread 127271272629952] | [INFO] | [STRESS] | Heartbeat check
2026-08-06 20:27:21 | [Thread 127271360878272] | [INFO] | [STRESS] | Heartbeat check
2026-08-06 20:27:21 | [Thread 127271360878272] | [ERROR] | [STRESS] | Simulated minor non-fatal log
2026-08-06 20:27:21 | [Thread 127271320950464] | [OPERATION] | [STRESS] | BULK_OP | MSFT
2026-08-06 20:27:21 | [Thread 127271264237248] | [ERROR] | [STRESS] | Simulated minor non-fatal log
2026-08-06 20:27:21 | [Thread 127271360878272] | [INFO] | [STRESS] | Heartbeat check
2026-08-06 20:27:21 | [Thread 127271320950464] | [OPERATION] | [STRESS] | BULK_OP | CSCO
2026-08-06 20:27:21 | [Thread 127271360878272] | [ERROR] | [STRESS] | Simulated minor non-fatal log
2026-08-06 20:27:21 | [Thread 127271264237248] | [ERROR] | [STRESS] | Simulated minor non-fatal log
2026-08-06 20:27:21 | [Thread 127271320950464] | [INFO] | [STRESS] | Heartbeat check
2026-08-06 20:27:21 | [Thread 127271320950464] | [ERROR] | [STRESS] | Simulated minor non-fatal log
2026-08-06 20:27:21 | [Thread 127271360878272] | [INFO] | [STRESS] | Heartbeat check
2026-08-06 20:27:21 | [Thread 127271360878272] | [OPERATION] | [STRESS] | BULK_OP | MSFT
2026-08-06 20:27:21 | [Thread 127271329343168] | [INFO] | [STRESS] | Heartbeat check
2026-08-06 20:27:21 | [Thread 127271264237248] | [OPERATION] | [STRESS] | BULK_OP | MSFT
2026-08-06 20:27:21 | [Thread 127271329343168] | [OPERATION] | [STRESS] | BULK_OP | INTC
2026-08-06 20:27:21 | [Thread 127271264237248] | [OPERATION] | [STRESS] | BULK_OP | GOOGL
2026-08-06 20:27:21 | [Thread 127271312557760] | [ERROR] | [STRESS] | Simulated minor non-fatal log
2026-08-06 20:27:21 | [Thread 127271272629952] | [INFO] | [STRESS] | Heartbeat check
2026-08-06 20:27:21 | [Thread 127271312557760] | [ERROR] | [STRESS] | Simulated minor non-fatal log
2026-08-06 20:27:21 | [Thread 127271329343168] | [OPERATION] | [STRESS] | BULK_OP | ORCL
2026-08-06 20:27:21 | [Thread 127271329343168] | [ERROR] | [STRESS] | Simulated minor non-fatal log
2026-08-06 20:27:21 | [Thread 127271292593856] | [ERROR] | [STRESS] | Simulated minor non-fatal log
2026-08-06 20:27:21 | [Thread 127271360878272] | [OPERATION] | [STRESS] | BULK_OP | AMD
2026-08-06 20:27:21 | [Thread 127271329343168] | [ERROR] | [STRESS] | Simulated minor non-fatal log
2026-08-06 20:27:21 | [Thread 127271292593856] | [OPERATION] | [STRESS] | BULK_OP | AAPL
2026-08-06 20:27:21 | [Thread 127271320950464] | [ERROR] | [STRESS] | Simulated minor non-fatal log
2026-08-06 20:27:21 | [Thread 127271320950464] | [OPERATION] | [STRESS] | BULK_OP | IBM
2026-08-06 20:27:21 | [Thread 127271320950464] | [OPERATION] | [STRESS] | BULK_OP | AMD
2026-08-06 20:27:21 | [Thread 127271329343168] | [OPERATION] | [STRESS] | BULK_OP | INTC
2026-08-06 20:27:21 | [Thread 127271272629952] | [ERROR] | [STRESS] | Simulated minor non-fatal log
2026-08-06 20:27:21 | [Thread 127271292593856] | [OPERATION] | [STRESS] | BULK_OP | QCOM
2026-08-06 20:27:21 | [Thread 127271312557760] | [ERROR] | [STRESS] | Simulated minor non-fatal log
2026-08-06 20:27:21 | [Thread 127271360878272] | [ERROR] | [STRESS] | Simulated minor non-fatal log
2026-08-06 20:27:21 | [Thread 127271360878272] | [OPERATION] | [STRESS] | BULK_OP | AMD
2026-08-06 20:27:21 | [Thread 127271329343168] | [ERROR] | [STRESS] | Simulated minor non-fatal log
2026-08-06 20:27:21 | [Thread 127271292593856] | [INFO] | [STRESS] | Heartbeat check
2026-08-06 20:27:21 | [Thread 127271320950464] | [INFO] | [STRESS] | Heartbeat check
2026-08-06 20:27:21 | [Thread 127271320950464] | [OPERATION] | [STRESS] | BULK_OP | AMD
2026-08-06 20:27:21 | [Thread 127271264237248] | [OPERATION] | [STRESS] | BULK_OP | TSLA
2026-08-06 20:27:21 | [Thread 127271312557760] | [INFO] | [STRESS] | Heartbeat check
2026-08-06 20:27:21 | [Thread 127271264237248] | [INFO] | [STRESS] | Heartbeat check
2026-08-06 20:27:21 | [Thread 127271264237248] | [INFO] | [STRESS] | Heartbeat check
2026-08-06 20:27:21 | [Thread 127271264237248] | [ERROR] | [STRESS] | Simulated minor non-fatal log
2026-08-06 20:27:21 | [Thread 127271360878272] | [INFO] | [STRESS] | Heartbeat check
2026-08-06 20:27:21 | [Thread 127271272629952] | [ERROR] | [STRESS] | Simulated minor non-fatal log
2026-08-06 20:27:21 | [Thread 127271320950464] | [ERROR] | [STRESS] | Simulated minor non-fatal log
2026-08-06 20:27:21 | [Thread 127271312557760] | [ERROR] | [STRESS] | Simulated minor non-fatal log
2026-08-06 20:27:21 | [Thread 127271360878272] | [INFO] | [STRESS] | Heartbeat check
2026-08-06 20:27:21 | [Thread 127271264237248] | [INFO] | [STRESS] | Heartbeat check
2026-08-06 20:27:21 | [Thread 127271360878272] | [OPERATION] | [STRESS] | BULK_OP | ORCL
2026-08-06 20:27:21 | [Thread 127271329343168] | [INFO] | [STRESS] | Heartbeat check
2026-08-06 20:27:21 | [Thread 127271329343168] | [OPERATION] | [STRESS] | BULK_OP | AMZN
2026-08-06 20:27:21 | [Thread 127271329343168] | [INFO] | [STRESS] | Heartbeat check
2026-08-06 20:27:21 | [Thread 127271329343168] | [ERROR] | [STRESS] | Simulated minor non-fatal log
2026-08-06 20:27:21 | [Thread 127271329343168] | [OPERATION] | [STRESS] | BULK_OP | NFLX
2026-08-06 20:27:21 | [Thread 127271360878272] | [INFO] | [STRESS] | Heartbeat check
2026-08-06 20:27:21 | [Thread 127271360878272] | [INFO] | [STRESS] | Heartbeat check
2026-08-06 20:27:21 | [Thread 127271292593856] | [OPERATION] | [STRESS] | BULK_OP | MSFT
2026-08-06 20:27:21 | [Thread 127271264237248] | [INFO] | [STRESS] | Heartbeat check
2026-08-06 20:27:21 | [Thread 127271312557760] | [INFO] | [STRESS] | Heartbeat check
2026-08-06 20:27:21 | [Thread 127271845226176] | [INFO] | [CACHE] | CACHE_SAVED
2026-08-06 20:27:21 | [Thread 127271312557760] | [OPERATION] | [STRESS] | BULK_OP | AMD
2026-08-06 20:27:21 | [Thread 127271312557760] | [OPERATION] | [STRESS] | BULK_OP | MSFT
2026-08-06 20:27:21 | [Thread 127271272629952] | [INFO] | [STRESS] | Heartbeat check
2026-08-06 20:27:21 | [Thread 127271320950464] | [INFO] | [STRESS] | Heartbeat check
2026-08-06 20:27:21 | [Thread 127271320950464] | [INFO] | [STRESS] | Heartbeat check
2026-08-06 20:27:21 | [Thread 127271320950464] | [ERROR] | [STRESS] | Simulated minor non-fatal log
2026-08-06 20:27:21 | [Thread 127271272629952] | [OPERATION] | [STRESS] | BULK_OP | NVDA
2026-08-06 20:27:21 | [Thread 127271320950464] | [INFO] | [STRESS] | Heartbeat check
2026-08-06 20:27:21 | [Thread 127271360878272] | [OPERATION] | [STRESS] | BULK_OP | TXN
2026-08-06 20:27:21 | [Thread 127271360878272] | [OPERATION] | [STRESS] | BULK_OP | AMD
2026-08-06 20:27:21 | [Thread 127271360878272] | [ERROR] | [STRESS] | Simulated minor non-fatal log
2026-08-06 20:27:21 | [Thread 127271264237248] | [INFO] | [STRESS] | Heartbeat check
2026-08-06 20:27:21 | [Thread 127271264237248] | [INFO] | [STRESS] | Heartbeat check
2026-08-06 20:27:21 | [Thread 127271264237248] | [ERROR] | [STRESS] | Simulated minor non-fatal log
2026-08-06 20:27:21 | [Thread 127271264237248] | [OPERATION] | [STRESS] | BULK_OP | GOOGL
2026-08-06 20:27:21 | [Thread 127271264237248] | [OPERATION] | [STRESS] | BULK_OP | INTC
2026-08-06 20:27:21 | [Thread 127271264237248] | [ERROR] | [STRESS] | Simulated minor non-fatal log
2026-08-06 20:27:21 | [Thread 127271264237248] | [ERROR] | [STRESS] | Simulated minor non-fatal log
2026-08-06 20:27:21 | [Thread 127271264237248] | [INFO] | [STRESS] | Heartbeat check
2026-08-06 20:27:21 | [Thread 127271320950464] | [ERROR] | [STRESS] | Simulated minor non-fatal log
2026-08-06 20:27:21 | [Thread 127271320950464] | [OPERATION] | [STRESS] | BULK_OP | META
2026-08-06 20:27:21 | [Thread 127271329343168] | [OPERATION] | [STRESS] | BULK_OP | ORCL
2026-08-06 20:27:21 | [Thread 127271329343168] | [ERROR] | [STRESS] | Simulated minor non-fatal log
2026-08-06 20:27:21 | [Thread 127271320950464] | [INFO] | [STRESS] | Heartbeat check
2026-08-06 20:27:21 | [Thread 127271360878272] | [OPERATION] | [STRESS] | BULK_OP | AMZN
2026-08-06 20:27:21 | [Thread 127271360878272] | [INFO] | [STRESS] | Heartbeat check
2026-08-06 20:27:21 | [Thread 127271329343168] | [ERROR] | [STRESS] | Simulated minor non-fatal log
2026-08-06 20:27:21 | [Thread 127271329343168] | [OPERATION] | [STRESS] | BULK_OP | IBM
2026-08-06 20:27:21 | [Thread 127271329343168] | [ERROR] | [STRESS] | Simulated minor non-fatal log
2026-08-06 20:27:21 | [Thread 127271329343168] | [ERROR] | [STRESS] | Simulated minor non-fatal log
2026-08-06 20:27:21 | [Thread 127271329343168] | [INFO] | [STRESS] | Heartbeat check
2026-08-06 20:27:21 | [Thread 127271329343168] | [OPERATION] | [STRESS] | BULK_OP | AMZN
2026-08-06 20:27:21 | [Thread 127271329343168] | [INFO] | [STRESS] | Heartbeat check
2026-08-06 20:27:21 | [Thread 127271329343168] | [ERROR] | [STRESS] | Simulated minor non-fatal log
2026-08-06 20:27:21 | [Thread 127271329343168] | [OPERATION] | [STRESS] | BULK_OP | META
2026-08-06 20:27:21 | [Thread 127271264237248] | [INFO] | [STRESS] | Heartbeat check
2026-08-06 20:27:21 | [Thread 127271329343168] | [OPERATION] | [STRESS] | BULK_OP | AMD
2026-08-06 20:27:21 | [Thread 127271264237248] | [OPERATION] | [STRESS] | BULK_OP | ORCL
2026-08-06 20:27:21 | [Thread 127271329343168] | [ERROR] | [STRESS] | Simulated minor non-fatal log
2026-08-06 20:27:21 | [Thread 127271264237248] | [OPERATION] | [STRESS] | BULK_OP | AMZN
2026-08-06 20:27:21 | [Thread 127271264237248] | [ERROR] | [STRESS] | Simulated minor non-fatal log
2026-08-06 20:27:21 | [Thread 127271264237248] | [OPERATION] | [STRESS] | BULK_OP | GOOGL
2026-08-06 20:27:21 | [Thread 127271264237248] | [INFO] | [STRESS] | Heartbeat check
2026-08-06 20:27:21 | [Thread 127271264237248] | [OPERATION] | [STRESS] | BULK_OP | NFLX
2026-08-06 20:27:21 | [Thread 127271312557760] | [ERROR] | [STRESS] | Simulated minor non-fatal log
2026-08-06 20:27:21 | [Thread 127271320950464] | [ERROR] | [STRESS] | Simulated minor non-fatal log
2026-08-06 20:27:21 | [Thread 127271320950464] | [OPERATION] | [STRESS] | BULK_OP | QCOM
2026-08-06 20:27:21 | [Thread 127271320950464] | [OPERATION] | [STRESS] | BULK_OP | CSCO
2026-08-06 20:27:21 | [Thread 127271320950464] | [OPERATION] | [STRESS] | BULK_OP | NVDA
2026-08-06 20:27:21 | [Thread 127271320950464] | [INFO] | [STRESS] | Heartbeat check
2026-08-06 20:27:21 | [Thread 127271320950464] | [ERROR] | [STRESS] | Simulated minor non-fatal log
2026-08-06 20:27:21 | [Thread 127271320950464] | [ERROR] | [STRESS] | Simulated minor non-fatal log
2026-08-06 20:27:21 | [Thread 127271320950464] | [OPERATION] | [STRESS] | BULK_OP | MSFT
2026-08-06 20:27:21 | [Thread 127271320950464] | [ERROR] | [STRESS] | Simulated minor non-fatal log
2026-08-06 20:27:21 | [Thread 127271320950464] | [INFO] | [STRESS] | Heartbeat check
2026-08-06 20:27:21 | [Thread 127271845226176] | [INFO] | [CACHE] | CACHE_SAVED
2026-08-06 20:27:21 | [Thread 127271845226176] | [INFO] | [CACHE] | CACHE_SAVED
2026-08-06 20:27:21 | [Thread 127271272629952] | [INFO] | [STRESS] | Heartbeat check
2026-08-06 20:27:21 | [Thread 127271272629952] | [ERROR] | [STRESS] | Simulated minor non-fatal log
2026-08-06 20:27:21 | [Thread 127271272629952] | [ERROR] | [STRESS] | Simulated minor non-fatal log
2026-08-06 20:27:21 | [Thread 127271272629952] | [OPERATION] | [STRESS] | BULK_OP | META
2026-08-06 20:27:21 | [Thread 127271272629952] | [OPERATION] | [STRESS] | BULK_OP | AMD
2026-08-06 20:27:21 | [Thread 127271272629952] | [OPERATION] | [STRESS] | BULK_OP | TXN
2026-08-06 20:27:21 | [Thread 127271272629952] | [ERROR] | [STRESS] | Simulated minor non-fatal log
2026-08-06 20:27:21 | [Thread 127271272629952] | [ERROR] | [STRESS] | Simulated minor non-fatal log
2026-08-06 20:27:21 | [Thread 127271272629952] | [INFO] | [STRESS] | Heartbeat check
2026-08-06 20:27:21 | [Thread 127271272629952] | [ERROR] | [STRESS] | Simulated minor non-fatal log
2026-08-06 20:27:21 | [Thread 127271272629952] | [OPERATION] | [STRESS] | BULK_OP | META
2026-08-06 20:27:21 | [Thread 127271312557760] | [OPERATION] | [STRESS] | BULK_OP | NFLX
2026-08-06 20:27:21 | [Thread 127271264237248] | [INFO] | [STRESS] | Heartbeat check
2026-08-06 20:27:21 | [Thread 127271264237248] | [INFO] | [STRESS] | Heartbeat check
2026-08-06 20:27:21 | [Thread 127271272629952] | [ERROR] | [STRESS] | Simulated minor non-fatal log
2026-08-06 20:27:21 | [Thread 127271312557760] | [INFO] | [STRESS] | Heartbeat check
2026-08-06 20:27:21 | [Thread 127271312557760] | [INFO] | [STRESS] | Heartbeat check
2026-08-06 20:27:21 | [Thread 127271272629952] | [OPERATION] | [STRESS] | BULK_OP | QCOM
2026-08-06 20:27:21 | [Thread 127271264237248] | [OPERATION] | [STRESS] | BULK_OP | QCOM
2026-08-06 20:27:21 | [Thread 127271272629952] | [OPERATION] | [STRESS] | BULK_OP | IBM
2026-08-06 20:27:21 | [Thread 127271272629952] | [INFO] | [STRESS] | Heartbeat check
2026-08-06 20:27:21 | [Thread 127271264237248] | [INFO] | [STRESS] | Heartbeat check
2026-08-06 20:27:21 | [Thread 127271272629952] | [ERROR] | [STRESS] | Simulated minor non-fatal log
2026-08-06 20:27:21 | [Thread 127271272629952] | [INFO] | [STRESS] | Heartbeat check
2026-08-06 20:27:21 | [Thread 127271272629952] | [OPERATION] | [STRESS] | BULK_OP | QCOM
2026-08-06 20:27:21 | [Thread 127271312557760] | [INFO] | [STRESS] | Heartbeat check
2026-08-06 20:27:21 | [Thread 127271312557760] | [OPERATION] | [STRESS] | BULK_OP | NFLX
2026-08-06 20:27:21 | [Thread 127271312557760] | [INFO] | [STRESS] | Heartbeat check
2026-08-06 20:27:21 | [Thread 127271312557760] | [ERROR] | [STRESS] | Simulated minor non-fatal log
2026-08-06 20:27:21 | [Thread 127271312557760] | [INFO] | [STRESS] | Heartbeat check
2026-08-06 20:27:21 | [Thread 127271312557760] | [INFO] | [STRESS] | Heartbeat check
2026-08-06 20:27:21 | [Thread 127271312557760] | [INFO] | [STRESS] | Heartbeat check
2026-08-06 20:27:21 | [Thread 127271329343168] | [INFO] | [STRESS] | Heartbeat check
2026-08-06 20:27:21 | [Thread 127271329343168] | [ERROR] | [STRESS] | Simulated minor non-fatal log
2026-08-06 20:27:21 | [Thread 127271329343168] | [OPERATION] | [STRESS] | BULK_OP | AAPL
2026-08-06 20:27:21 | [Thread 127271329343168] | [INFO] | [STRESS] | Heartbeat check
2026-08-06 20:27:21 | [Thread 127271329343168] | [ERROR] | [STRESS] | Simulated minor non-fatal log
2026-08-06 20:27:21 | [Thread 127271329343168] | [OPERATION] | [STRESS] | BULK_OP | QCOM
2026-08-06 20:27:21 | [Thread 127271272629952] | [OPERATION] | [STRESS] | BULK_OP | CSCO
2026-08-06 20:27:21 | [Thread 127271272629952] | [ERROR] | [STRESS] | Simulated minor non-fatal log
2026-08-06 20:27:21 | [Thread 127271272629952] | [INFO] | [STRESS] | Heartbeat check
2026-08-06 20:27:21 | [Thread 127271845226176] | [INFO] | [CACHE] | CACHE_SAVED
2026-08-06 20:27:21 | [Thread 127271329343168] | [OPERATION] | [STRESS] | BULK_OP | NVDA
2026-08-06 20:27:21 | [Thread 127271329343168] | [INFO] | [STRESS] | Heartbeat check
2026-08-06 20:27:21 | [Thread 127271329343168] | [ERROR] | [STRESS] | Simulated minor non-fatal log
2026-08-06 20:27:21 | [Thread 127271329343168] | [OPERATION] | [STRESS] | BULK_OP | ORCL
2026-08-06 20:27:21 | [Thread 127271329343168] | [INFO] | [STRESS] | Heartbeat check
2026-08-06 20:27:21 | [Thread 127271329343168] | [ERROR] | [STRESS] | Simulated minor non-fatal log
2026-08-06 20:27:21 | [Thread 127271329343168] | [OPERATION] | [STRESS] | BULK_OP | AMD
2026-08-06 20:27:21 | [Thread 127271329343168] | [INFO] | [STRESS] | Heartbeat check
2026-08-06 20:27:21 | [Thread 127271329343168] | [OPERATION] | [STRESS] | BULK_OP | INTC
2026-08-06 20:27:21 | [Thread 127271329343168] | [OPERATION] | [STRESS] | BULK_OP | ORCL
2026-08-06 20:27:21 | [Thread 127271329343168] | [ERROR] | [STRESS] | Simulated minor non-fatal log
2026-08-06 20:27:21 | [Thread 127271329343168] | [ERROR] | [STRESS] | Simulated minor non-fatal log
2026-08-06 20:27:21 | [Thread 127271329343168] | [OPERATION] | [STRESS] | BULK_OP | TSLA
2026-08-06 20:27:21 | [Thread 127271329343168] | [OPERATION] | [STRESS] | BULK_OP | TSLA
2026-08-06 20:27:21 | [Thread 127271329343168] | [ERROR] | [STRESS] | Simulated minor non-fatal log
2026-08-06 20:27:21 | [Thread 127271329343168] | [OPERATION] | [STRESS] | BULK_OP | MSFT
2026-08-06 20:27:21 | [Thread 127271272629952] | [INFO] | [STRESS] | Heartbeat check
2026-08-06 20:27:21 | [Thread 127271272629952] | [ERROR] | [STRESS] | Simulated minor non-fatal log
2026-08-06 20:27:21 | [Thread 127271272629952] | [INFO] | [STRESS] | Heartbeat check
2026-08-06 20:27:21 | [Thread 127271329343168] | [OPERATION] | [STRESS] | BULK_OP | ORCL
2026-08-06 20:27:21 | [Thread 127271329343168] | [ERROR] | [STRESS] | Simulated minor non-fatal log
2026-08-06 20:27:21 | [Thread 127271272629952] | [ERROR] | [STRESS] | Simulated minor non-fatal log
2026-08-06 20:27:21 | [Thread 127271312557760] | [OPERATION] | [STRESS] | BULK_OP | QCOM
2026-08-06 20:27:21 | [Thread 127271272629952] | [OPERATION] | [STRESS] | BULK_OP | GOOGL
2026-08-06 20:27:21 | [Thread 127271272629952] | [OPERATION] | [STRESS] | BULK_OP | META
2026-08-06 20:27:21 | [Thread 127271272629952] | [ERROR] | [STRESS] | Simulated minor non-fatal log
2026-08-06 20:27:21 | [Thread 127271272629952] | [ERROR] | [STRESS] | Simulated minor non-fatal log
2026-08-06 20:27:21 | [Thread 127271272629952] | [OPERATION] | [STRESS] | BULK_OP | TSLA
2026-08-06 20:27:21 | [Thread 127271272629952] | [INFO] | [STRESS] | Heartbeat check
2026-08-06 20:27:21 | [Thread 127271272629952] | [ERROR] | [STRESS] | Simulated minor non-fatal log
2026-08-06 20:27:21 | [Thread 127271272629952] | [INFO] | [STRESS] | Heartbeat check
2026-08-06 20:27:21 | [Thread 127271272629952] | [INFO] | [STRESS] | Heartbeat check
2026-08-06 20:27:21 | [Thread 127271272629952] | [INFO] | [STRESS] | Heartbeat check
2026-08-06 20:27:21 | [Thread 127271272629952] | [ERROR] | [STRESS] | Simulated minor non-fatal log
2026-08-06 20:27:21 | [Thread 127271312557760] | [ERROR] | [STRESS] | Simulated minor non-fatal log
2026-08-06 20:27:21 | [Thread 127271272629952] | [OPERATION] | [STRESS] | BULK_OP | MSFT
2026-08-06 20:27:21 | [Thread 127271312557760] | [OPERATION] | [STRESS] | BULK_OP | NVDA
2026-08-06 20:27:21 | [Thread 127271312557760] | [ERROR] | [STRESS] | Simulated minor non-fatal log
2026-08-06 20:27:21 | [Thread 127271312557760] | [ERROR] | [STRESS] | Simulated minor non-fatal log
2026-08-06 20:27:21 | [Thread 127271272629952] | [ERROR] | [STRESS] | Simulated minor non-fatal log
2026-08-06 20:27:21 | [Thread 127271272629952] | [INFO] | [STRESS] | Heartbeat check
2026-08-06 20:27:21 | [Thread 127271272629952] | [ERROR] | [STRESS] | Simulated minor non-fatal log
2026-08-06 20:27:21 | [Thread 127271272629952] | [INFO] | [STRESS] | Heartbeat check
2026-08-06 20:27:21 | [Thread 127271272629952] | [INFO] | [STRESS] | Heartbeat check
2026-08-06 20:27:21 | [Thread 127271312557760] | [OPERATION] | [STRESS] | BULK_OP | META
2026-08-06 20:27:21 | [Thread 127271312557760] | [OPERATION] | [STRESS] | BULK_OP | IBM
2026-08-06 20:27:21 | [Thread 127271272629952] | [ERROR] | [STRESS] | Simulated minor non-fatal log
2026-08-06 20:27:21 | [Thread 127271312557760] | [ERROR] | [STRESS] | Simulated minor non-fatal log
2026-08-06 20:27:21 | [Thread 127271272629952] | [ERROR] | [STRESS] | Simulated minor non-fatal log
2026-08-06 20:27:21 | [Thread 127271312557760] | [INFO] | [STRESS] | Heartbeat check
2026-08-06 20:27:21 | [Thread 127271272629952] | [ERROR] | [STRESS] | Simulated minor non-fatal log
2026-08-06 20:27:21 | [Thread 127271272629952] | [OPERATION] | [STRESS] | BULK_OP | MSFT
2026-08-06 20:27:21 | [Thread 127271272629952] | [OPERATION] | [STRESS] | BULK_OP | QCOM
2026-08-06 20:27:21 | [Thread 127271272629952] | [OPERATION] | [STRESS] | BULK_OP | INTC
2026-08-06 20:27:21 | [Thread 127271272629952] | [INFO] | [STRESS] | Heartbeat check
2026-08-06 20:27:21 | [Thread 127271272629952] | [OPERATION] | [STRESS] | BULK_OP | META
2026-08-06 20:27:21 | [Thread 127271272629952] | [OPERATION] | [STRESS] | BULK_OP | NVDA
2026-08-06 20:27:21 | [Thread 127271272629952] | [OPERATION] | [STRESS] | BULK_OP | NVDA
2026-08-06 20:27:21 | [Thread 127271272629952] | [OPERATION] | [STRESS] | BULK_OP | TSLA
2026-08-06 20:27:21 | [Thread 127271272629952] | [OPERATION] | [STRESS] | BULK_OP | NFLX
2026-08-06 20:27:21 | [Thread 127271272629952] | [ERROR] | [STRESS] | Simulated minor non-fatal log
2026-08-06 20:27:21 | [Thread 127271272629952] | [INFO] | [STRESS] | Heartbeat check
2026-08-06 20:27:21 | [Thread 127271272629952] | [OPERATION] | [STRESS] | BULK_OP | INTC
2026-08-06 20:27:21 | [Thread 127271272629952] | [OPERATION] | [STRESS] | BULK_OP | GOOGL
2026-08-06 20:27:21 | [Thread 127271272629952] | [ERROR] | [STRESS] | Simulated minor non-fatal log
2026-08-06 20:27:21 | [Thread 127271845226176] | [INFO] | [CACHE] | CACHE_SAVED
2026-08-06 20:27:21 | [Thread 127271845226176] | [INFO] | [CACHE] | CACHE_SAVED
2026-08-06 20:27:21 | [Thread 127271845226176] | [INFO] | [CACHE] | CACHE_SAVED
2026-08-06 20:27:21 | [Thread 127271845226176] | [INFO] | [CACHE] | CACHE_SAVED
2026-08-06 20:27:21 | [Thread 127271845226176] | [INFO] | [CACHE] | CACHE_SAVED
2026-08-06 20:27:21 | [Thread 127271845226176] | [INFO] | [CACHE] | CACHE_SAVED
2026-08-06 20:27:21 | [Thread 127271845226176] | [INFO] | [CACHE] | CACHE_SAVED
2026-08-06 20:27:21 | [Thread 127271312557760] | [ERROR] | [STRESS] | Simulated minor non-fatal log
2026-08-06 20:27:21 | [Thread 127271312557760] | [OPERATION] | [STRESS] | BULK_OP | AMD
2026-08-06 20:27:21 | [Thread 127271312557760] | [INFO] | [STRESS] | Heartbeat check
2026-08-06 20:27:21 | [Thread 127271312557760] | [ERROR] | [STRESS] | Simulated minor non-fatal log
2026-08-06 20:27:21 | [Thread 127271312557760] | [OPERATION] | [STRESS] | BULK_OP | META
2026-08-06 20:27:21 | [Thread 127271312557760] | [INFO] | [STRESS] | Heartbeat check
2026-08-06 20:27:21 | [Thread 127271312557760] | [ERROR] | [STRESS] | Simulated minor non-fatal log
2026-08-06 20:27:21 | [Thread 127271312557760] | [OPERATION] | [STRESS] | BULK_OP | MSFT
2026-08-06 20:27:21 | [Thread 127271312557760] | [INFO] | [STRESS] | Heartbeat check
2026-08-06 20:27:21 | [Thread 127271312557760] | [ERROR] | [STRESS] | Simulated minor non-fatal log
2026-08-06 20:27:21 | [Thread 127271312557760] | [OPERATION] | [STRESS] | BULK_OP | INTC
2026-08-06 20:27:21 | [Thread 127271312557760] | [INFO] | [STRESS] | Heartbeat check
2026-08-06 20:27:21 | [Thread 127271312557760] | [ERROR] | [STRESS] | Simulated minor non-fatal log
2026-08-06 20:27:21 | [Thread 127271312557760] | [OPERATION] | [STRESS] | BULK_OP | GOOGL
2026-08-06 20:27:21 | [Thread 127271312557760] | [INFO] | [STRESS] | Heartbeat check
2026-08-06 20:27:21 | [Thread 127271312557760] | [ERROR] | [STRESS] | Simulated minor non-fatal log
2026-08-06 20:27:21 | [Thread 127271312557760] | [OPERATION] | [STRESS] | BULK_OP | NFLX
2026-08-06 20:27:21 | [Thread 127271312557760] | [INFO] | [STRESS] | Heartbeat check
2026-08-06 20:27:21 | [Thread 127271312557760] | [ERROR] | [STRESS] | Simulated minor non-fatal log
2026-08-06 20:27:21 | [Thread 127271312557760] | [OPERATION] | [STRESS] | BULK_OP | META
2026-08-06 20:27:21 | [Thread 127271312557760] | [INFO] | [STRESS] | Heartbeat check
2026-08-06 20:27:21 | [Thread 127271312557760] | [ERROR] | [STRESS] | Simulated minor non-fatal log
2026-08-06 20:27:21 | [Thread 127271312557760] | [OPERATION] | [STRESS] | BULK_OP | MSFT
2026-08-06 20:27:21 | [Thread 127271312557760] | [INFO] | [STRESS] | Heartbeat check
2026-08-06 20:27:21 | [Thread 127271312557760] | [ERROR] | [STRESS] | Simulated minor non-fatal log
2026-08-06 20:27:21 | [Thread 127271312557760] | [OPERATION] | [STRESS] | BULK_OP | NVDA
2026-08-06 20:27:21 | [Thread 127271312557760] | [INFO] | [STRESS] | Heartbeat check
2026-08-06 20:27:21 | [Thread 127271312557760] | [ERROR] | [STRESS] | Simulated minor non-fatal log
2026-08-06 20:27:21 | [Thread 127271845226176] | [INFO] | [CACHE] | CACHE_SAVED
2026-08-06 20:27:21 | [Thread 127271312557760] | [OPERATION] | [STRESS] | BULK_OP | IBM
2026-08-06 20:27:21 | [Thread 127271312557760] | [INFO] | [STRESS] | Heartbeat check
2026-08-06 20:27:21 | [Thread 127271312557760] | [ERROR] | [STRESS] | Simulated minor non-fatal log
2026-08-06 20:27:21 | [Thread 127271312557760] | [OPERATION] | [STRESS] | BULK_OP | NVDA
2026-08-06 20:27:21 | [Thread 127271312557760] | [INFO] | [STRESS] | Heartbeat check
2026-08-06 20:27:21 | [Thread 127271312557760] | [ERROR] | [STRESS] | Simulated minor non-fatal log
2026-08-06 20:27:21 | [Thread 127271312557760] | [OPERATION] | [STRESS] | BULK_OP | TSLA
2026-08-06 20:27:21 | [Thread 127271312557760] | [INFO] | [STRESS] | Heartbeat check
2026-08-06 20:27:21 | [Thread 127271312557760] | [ERROR] | [STRESS] | Simulated minor non-fatal log
2026-08-06 20:27:21 | [Thread 127271312557760] | [OPERATION] | [STRESS] | BULK_OP | NVDA
2026-08-06 20:27:21 | [Thread 127271312557760] | [INFO] | [STRESS] | Heartbeat check
2026-08-06 20:27:21 | [Thread 127271312557760] | [ERROR] | [STRESS] | Simulated minor non-fatal log
2026-08-06 20:27:21 | [Thread 127271312557760] | [OPERATION] | [STRESS] | BULK_OP | TXN
2026-08-06 20:27:21 | [Thread 127271312557760] | [INFO] | [STRESS] | Heartbeat check
2026-08-06 20:27:21 | [Thread 127271312557760] | [OPERATION] | [STRESS] | BULK_OP | MSFT
2026-08-06 20:27:21 | [Thread 127271845226176] | [INFO] | [CACHE] | CACHE_SAVED
2026-08-06 20:27:21 | [Thread 127271845226176] | [INFO] | [CACHE] | CACHE_SAVED
2026-08-06 20:27:21 | [Thread 127271845226176] | [INFO] | [CACHE] | CACHE_SAVED
2026-08-06 20:27:21 | [Thread 127271845226176] | [INFO] | [CACHE] | CACHE_SAVED
2026-08-06 20:27:21 | [Thread 127271845226176] | [INFO] | [CACHE] | CACHE_SAVED
2026-08-06 20:27:21 | [Thread 127271845226176] | [INFO] | [CACHE] | CACHE_SAVED
2026-08-06 20:27:21 | [Thread 127271845226176] | [INFO] | [CACHE] | CACHE_SAVED
2026-08-06 20:27:21 | [Thread 127271845226176] | [INFO] | [CACHE] | CACHE_SAVED
2026-08-06 20:27:21 | [Thread 127271845226176] | [INFO] | [CACHE] | CACHE_SAVED
2026-08-06 20:27:21 | [Thread 127271845226176] | [INFO] | [CACHE] | CACHE_SAVED
2026-08-06 20:27:21 | [Thread 127271845226176] | [INFO] | [CACHE] | CACHE_SAVED
2026-08-06 20:27:21 | [Thread 127271845226176] | [INFO] | [CACHE] | CACHE_SAVED
2026-08-06 20:27:21 | [Thread 127271845226176] | [INFO] | [CACHE] | CACHE_SAVED
2026-08-06 20:27:21 | [Thread 127271845226176] | [INFO] | [CACHE] | CACHE_SAVED
2026-08-06 20:27:21 | [Thread 127271845226176] | [INFO] | [CACHE] | CACHE_SAVED
2026-08-06 20:27:21 | [Thread 127271845226176] | [INFO] | [CACHE] | CACHE_SAVED
2026-08-06 20:27:21 | [Thread 127271845226176] | [INFO] | [CACHE] | CACHE_SAVED
2026-08-06 20:27:21 | [Thread 127271845226176] | [INFO] | [CACHE] | CACHE_SAVED
2026-08-06 20:27:21 | [Thread 127271845226176] | [INFO] | [CACHE] | CACHE_SAVED
2026-08-06 20:27:21 | [Thread 127271845226176] | [INFO] | [CACHE] | CACHE_SAVED
2026-08-06 20:27:21 | [Thread 127271845226176] | [INFO] | [CACHE] | CACHE_SAVED
2026-08-06 20:27:21 | [Thread 127271845226176] | [INFO] | [CACHE] | CACHE_SAVED
2026-08-06 20:27:21 | [Thread 127271845226176] | [INFO] | [CACHE] | CACHE_SAVED
2026-08-06 20:27:21 | [Thread 127271845226176] | [INFO] | [CACHE] | CACHE_SAVED
2026-08-06 20:27:21 | [Thread 127271845226176] | [INFO] | [CACHE] | CACHE_SAVED
2026-08-06 20:27:21 | [Thread 127271845226176] | [INFO] | [CACHE] | CACHE_SAVED
2026-08-06 20:27:21 | [Thread 127271845226176] | [INFO] | [CACHE] | CACHE_SAVED
2026-08-06 20:27:21 | [Thread 127271845226176] | [INFO] | [CACHE] | CACHE_SAVED
2026-08-06 20:27:21 | [Thread 127271845226176] | [INFO] | [CACHE] | CACHE_SAVED
2026-08-06 20:27:21 | [Thread 127271845226176] | [INFO] | [CACHE] | CACHE_SAVED
2026-08-06 20:27:21 | [Thread 127271845226176] | [INFO] | [CACHE] | CACHE_SAVED
2026-08-06 20:27:21 | [Thread 127271845226176] | [INFO] | [CACHE] | CACHE_SAVED
2026-08-06 20:27:21 | [Thread 127271845226176] | [INFO] | [CACHE] | CACHE_SAVED
2026-08-06 20:27:21 | [Thread 127271845226176] | [INFO] | [CACHE] | CACHE_SAVED
2026-08-06 20:27:21 | [Thread 127271845226176] | [INFO] | [CACHE] | CACHE_SAVED
2026-08-06 20:27:21 | [Thread 127271845226176] | [INFO] | [CACHE] | CACHE_SAVED
2026-08-06 20:27:21 | [Thread 127271845226176] | [INFO] | [CACHE] | CACHE_SAVED
2026-08-06 20:27:21 | [Thread 127271845226176] | [INFO] | [CACHE] | CACHE_SAVED
2026-08-06 20:27:21 | [Thread 127271845226176] | [INFO] | [CACHE] | CACHE_SAVED
2026-08-06 20:27:21 | [Thread 127271845226176] | [INFO] | [CACHE] | CACHE_SAVED
2026-08-06 20:27:21 | [Thread 127271845226176] | [INFO] | [CACHE] | CACHE_SAVED
2026-08-06 20:27:21 | [Thread 127271845226176] | [INFO] | [CACHE] | CACHE_SAVED
2026-08-06 20:27:21 | [Thread 127271845226176] | [INFO] | [CACHE] | CACHE_SAVED
2026-08-06 20:27:21 | [Thread 127271845226176] | [INFO] | [CACHE] | CACHE_SAVED
2026-08-06 20:27:21 | [Thread 127271845226176] | [INFO] | [CACHE] | CACHE_SAVED
2026-08-06 20:27:21 | [Thread 127271845226176] | [INFO] | [CACHE] | CACHE_SAVED
2026-08-06 20:27:21 | [Thread 127271845226176] | [INFO] | [CACHE] | CACHE_SAVED
2026-08-06 20:27:21 | [Thread 127271845226176] | [INFO] | [CACHE] | CACHE_SAVED
2026-08-06 20:27:21 | [Thread 127271845226176] | [INFO] | [CACHE] | CACHE_SAVED
2026-08-06 20:27:21 | [Thread 127271845226176] | [INFO] | [CACHE] | CACHE_SAVED
2026-08-06 20:27:21 | [Thread 127271845226176] | [INFO] | [CACHE] | CACHE_SAVED
2026-08-06 20:27:21 | [Thread 127271845226176] | [INFO] | [CACHE] | CACHE_SAVED
2026-08-06 20:27:21 | [Thread 127271845226176] | [INFO] | [CACHE] | CACHE_SAVED
2026-08-06 20:27:21 | [Thread 127271845226176] | [INFO] | [CACHE] | CACHE_SAVED
2026-08-06 20:27:21 | [Thread 127271845226176] | [INFO] | [CACHE] | CACHE_SAVED
2026-08-06 20:27:21 | [Thread 127271845226176] | [INFO] | [CACHE] | CACHE_SAVED
2026-08-06 20:27:21 | [Thread 127271845226176] | [INFO] | [CACHE] | CACHE_SAVED
2026-08-06 20:27:21 | [Thread 127271845226176] | [INFO] | [CACHE] | CACHE_SAVED
2026-08-06 20:27:22 | [Thread 127271845226176] | [INFO] | [CACHE] | CACHE_SAVED
2026-08-06 20:27:22 | [Thread 127271845226176] | [INFO] | [CACHE] | CACHE_SAVED
2026-08-06 20:27:22 | [Thread 127271845226176] | [INFO] | [CACHE] | CACHE_SAVED
2026-08-06 20:27:22 | [Thread 127271845226176] | [INFO] | [CACHE] | CACHE_SAVED
2026-08-06 20:27:22 | [Thread 127271845226176] | [INFO] | [CACHE] | CACHE_SAVED
2026-08-06 20:27:22 | [Thread 127271845226176] | [INFO] | [CACHE] | CACHE_SAVED
2026-08-06 20:27:22 | [Thread 127271845226176] | [INFO] | [CACHE] | CACHE_SAVED
2026-08-06 20:27:22 | [Thread 127271845226176] | [INFO] | [CACHE] | CACHE_SAVED
2026-08-06 20:27:22 | [Thread 127271845226176] | [INFO] | [CACHE] | CACHE_SAVED
2026-08-06 20:27:22 | [Thread 127271845226176] | [INFO] | [CACHE] | CACHE_SAVED
2026-08-06 20:27:22 | [Thread 127271845226176] | [INFO] | [CACHE] | CACHE_SAVED
2026-08-06 20:27:22 | [Thread 127271845226176] | [INFO] | [CACHE] | CACHE_SAVED
2026-08-06 20:27:22 | [Thread 127271845226176] | [INFO] | [CACHE] | CACHE_SAVED
2026-08-06 20:27:22 | [Thread 127271845226176] | [INFO] | [CACHE] | CACHE_SAVED
2026-08-06 20:27:22 | [Thread 127271845226176] | [INFO] | [CACHE] | CACHE_SAVED
2026-08-06 20:27:22 | [Thread 127271845226176] | [INFO] | [CACHE] | CACHE_SAVED
2026-08-06 20:27:22 | [Thread 127271845226176] | [INFO] | [CACHE] | CACHE_SAVED
2026-08-06 20:27:22 | [Thread 127271845226176] | [INFO] | [CACHE] | CACHE_SAVED
2026-08-06 20:27:22 | [Thread 127271845226176] | [INFO] | [CACHE] | CACHE_SAVED
2026-08-06 20:27:22 | [Thread 127271845226176] | [INFO] | [CACHE] | CACHE_SAVED
2026-08-06 20:27:22 | [Thread 127271845226176] | [INFO] | [CACHE] | CACHE_SAVED
2026-08-06 20:27:22 | [Thread 127271845226176] | [INFO] | [CACHE] | CACHE_SAVED
2026-08-06 20:27:22 | [Thread 127271845226176] | [INFO] | [CACHE] | CACHE_SAVED
2026-08-06 20:27:22 | [Thread 127271845226176] | [INFO] | [CACHE] | CACHE_SAVED
2026-08-06 20:27:22 | [Thread 127271845226176] | [INFO] | [CACHE] | CACHE_SAVED
2026-08-06 20:27:22 | [Thread 127271845226176] | [INFO] | [CACHE] | CACHE_SAVED
2026-08-06 20:27:22 | [Thread 127271845226176] | [INFO] | [CACHE] | CACHE_SAVED
2026-08-06 20:27:22 | [Thread 127271845226176] | [INFO] | [CACHE] | CACHE_SAVED
2026-08-06 20:27:22 | [Thread 127271845226176] | [INFO] | [CACHE] | CACHE_SAVED
2026-08-06 20:27:22 | [Thread 127271845226176] | [INFO] | [CACHE] | CACHE_SAVED
2026-08-06 20:27:22 | [Thread 127271845226176] | [INFO] | [CACHE] | CACHE_SAVED
2026-08-06 20:27:22 | [Thread 127271845226176] | [INFO] | [CACHE] | CACHE_SAVED
2026-08-06 20:27:22 | [Thread 127271845226176] | [INFO] | [CACHE] | CACHE_SAVED
2026-08-06 20:27:22 | [Thread 127271845226176] | [INFO] | [CACHE] | CACHE_SAVED
2026-08-06 20:27:22 | [Thread 127271845226176] | [INFO] | [CACHE] | CACHE_SAVED
2026-08-06 20:27:22 | [Thread 127271845226176] | [INFO] | [CACHE] | CACHE_SAVED
2026-08-06 20:27:22 | [Thread 127271845226176] | [INFO] | [CACHE] | CACHE_SAVED
2026-08-06 20:27:22 | [Thread 127271845226176] | [INFO] | [CACHE] | CACHE_SAVED
2026-08-06 20:27:22 | [Thread 127271845226176] | [INFO] | [CACHE] | CACHE_SAVED
2026-08-06 20:27:22 | [Thread 127271845226176] | [INFO] | [CACHE] | CACHE_SAVED
2026-08-06 20:27:22 | [Thread 127271845226176] | [INFO] | [CACHE] | CACHE_SAVED
2026-08-06 20:27:22 | [Thread 127271845226176] | [INFO] | [CACHE] | CACHE_SAVED
2026-08-06 20:27:22 | [Thread 127271845226176] | [INFO] | [CACHE] | CACHE_SAVED
2026-08-06 20:27:22 | [Thread 127271845226176] | [INFO] | [CACHE] | CACHE_SAVED
2026-08-06 20:27:22 | [Thread 127271845226176] | [INFO] | [CACHE] | CACHE_SAVED
2026-08-06 20:27:22 | [Thread 127271845226176] | [INFO] | [CACHE] | CACHE_SAVED
2026-08-06 20:27:22 | [Thread 127271845226176] | [INFO] | [CACHE] | CACHE_SAVED
2026-08-06 20:27:22 | [Thread 127271845226176] | [INFO] | [CACHE] | CACHE_SAVED
2026-08-06 20:27:22 | [Thread 127271845226176] | [INFO] | [CACHE] | CACHE_SAVED
2026-08-06 20:27:22 | [Thread 127271845226176] | [INFO] | [CACHE] | CACHE_SAVED
2026-08-06 20:27:22 | [Thread 127271845226176] | [INFO] | [CACHE] | CACHE_SAVED
2026-08-06 20:27:22 | [Thread 127271845226176] | [INFO] | [CACHE] | CACHE_SAVED
2026-08-06 20:27:22 | [Thread 127271845226176] | [INFO] | [CACHE] | CACHE_SAVED
2026-08-06 20:27:22 | [Thread 127271845226176] | [INFO] | [CACHE] | CACHE_SAVED
2026-08-06 20:27:22 | [Thread 127271845226176] | [INFO] | [CACHE] | CACHE_SAVED
2026-08-06 20:27:22 | [Thread 127271845226176] | [INFO] | [CACHE] | CACHE_SAVED
2026-08-06 20:27:22 | [Thread 127271845226176] | [INFO] | [CACHE] | CACHE_SAVED
2026-08-06 20:27:22 | [Thread 127271845226176] | [INFO] | [CACHE] | CACHE_SAVED
2026-08-06 20:27:22 | [Thread 127271845226176] | [INFO] | [CACHE] | CACHE_SAVED
2026-08-06 20:27:22 | [Thread 127271845226176] | [INFO] | [CACHE] | CACHE_SAVED
2026-08-06 20:27:22 | [Thread 127271845226176] | [INFO] | [CACHE] | CACHE_SAVED
2026-08-06 20:27:22 | [Thread 127271845226176] | [INFO] | [CACHE] | CACHE_SAVED
2026-08-06 20:27:22 | [Thread 127271845226176] | [INFO] | [CACHE] | CACHE_SAVED
2026-08-06 20:27:22 | [Thread 127271845226176] | [INFO] | [CACHE] | CACHE_SAVED
2026-08-06 20:27:22 | [Thread 127271845226176] | [INFO] | [CACHE] | CACHE_SAVED
2026-08-06 20:27:22 | [Thread 127271845226176] | [INFO] | [CACHE] | CACHE_SAVED
2026-08-06 20:27:22 | [Thread 127271845226176] | [INFO] | [CACHE] | CACHE_SAVED
2026-08-06 20:27:22 | [Thread 127271845226176] | [INFO] | [CACHE] | CACHE_SAVED
2026-08-06 20:27:22 | [Thread 127271845226176] | [INFO] | [CACHE] | CACHE_SAVED
2026-08-06 20:27:22 | [Thread 127271845226176] | [INFO] | [CACHE] | CACHE_SAVED
2026-08-06 20:27:22 | [Thread 127271845226176] | [INFO] | [CACHE] | CACHE_SAVED
2026-08-06 20:27:22 | [Thread 127271845226176] | [INFO] | [CACHE] | CACHE_SAVED
2026-08-06 20:27:22 | [Thread 127271845226176] | [INFO] | [CACHE] | CACHE_SAVED
2026-08-06 20:27:22 | [Thread 127271845226176] | [INFO] | [CACHE] | CACHE_SAVED
2026-08-06 20:27:22 | [Thread 127271845226176] | [INFO] | [CACHE] | CACHE_SAVED
2026-08-06 20:27:22 | [Thread 127271845226176] | [INFO] | [CACHE] | CACHE_SAVED
2026-08-06 20:27:22 | [Thread 127271845226176] | [INFO] | [CACHE] | CACHE_SAVED
2026-08-06 20:27:22 | [Thread 127271845226176] | [INFO] | [CACHE] | CACHE_SAVED
2026-08-06 20:27:22 | [Thread 127271845226176] | [INFO] | [CACHE] | CACHE_SAVED
2026-08-06 20:27:22 | [Thread 127271845226176] | [INFO] | [CACHE] | CACHE_SAVED
2026-08-06 20:27:22 | [Thread 127271845226176] | [INFO] | [CACHE] | CACHE_SAVED
2026-08-06 20:27:22 | [Thread 127271845226176] | [INFO] | [CACHE] | CACHE_SAVED
2026-08-06 20:27:22 | [Thread 127271845226176] | [INFO] | [CACHE] | CACHE_SAVED
2026-08-06 20:27:22 | [Thread 127271845226176] | [INFO] | [CACHE] | CACHE_SAVED
2026-08-06 20:27:22 | [Thread 127271845226176] | [INFO] | [CACHE] | CACHE_SAVED
2026-08-06 20:27:22 | [Thread 127271845226176] | [INFO] | [CACHE] | CACHE_SAVED
2026-08-06 20:27:22 | [Thread 127271845226176] | [INFO] | [CACHE] | CACHE_SAVED
2026-08-06 20:27:22 | [Thread 127271845226176] | [INFO] | [CACHE] | CACHE_SAVED
2026-08-06 20:27:22 | [Thread 127271845226176] | [INFO] | [CACHE] | CACHE_SAVED
2026-08-06 20:27:22 | [Thread 127271845226176] | [INFO] | [CACHE] | CACHE_SAVED
2026-08-06 20:27:22 | [Thread 127271845226176] | [INFO] | [CACHE] | CACHE_SAVED
2026-08-06 20:27:22 | [Thread 127271845226176] | [INFO] | [CACHE] | CACHE_SAVED
2026-08-06 20:27:22 | [Thread 127271845226176] | [INFO] | [CACHE] | CACHE_SAVED
2026-08-06 20:27:22 | [Thread 127271845226176] | [INFO] | [CACHE] | CACHE_SAVED
2026-08-06 20:27:22 | [Thread 127271845226176] | [INFO] | [CACHE] | CACHE_SAVED
2026-08-06 20:27:22 | [Thread 127271845226176] | [INFO] | [CACHE] | CACHE_SAVED
2026-08-06 20:27:22 | [Thread 127271845226176] | [INFO] | [CACHE] | CACHE_SAVED
2026-08-06 20:27:22 | [Thread 127271845226176] | [INFO] | [CACHE] | CACHE_SAVED
2026-08-06 20:27:22 | [Thread 127271845226176] | [INFO] | [CACHE] | CACHE_SAVED
2026-08-06 20:27:22 | [Thread 127271845226176] | [INFO] | [CACHE] | CACHE_SAVED
2026-08-06 20:27:22 | [Thread 127271845226176] | [INFO] | [CACHE] | CACHE_SAVED
2026-08-06 20:27:22 | [Thread 127271845226176] | [INFO] | [CACHE] | CACHE_SAVED
2026-08-06 20:27:22 | [Thread 127271845226176] | [INFO] | [CACHE] | CACHE_SAVED
2026-08-06 20:27:22 | [Thread 127271845226176] | [INFO] | [CACHE] | CACHE_SAVED
2026-08-06 20:27:22 | [Thread 127271845226176] | [INFO] | [CACHE] | CACHE_SAVED
2026-08-06 20:27:22 | [Thread 127271845226176] | [INFO] | [CACHE] | CACHE_SAVED
2026-08-06 20:27:22 | [Thread 127271845226176] | [INFO] | [CACHE] | CACHE_SAVED
2026-08-06 20:27:22 | [Thread 127271845226176] | [INFO] | [CACHE] | CACHE_SAVED
2026-08-06 20:27:22 | [Thread 127271845226176] | [INFO] | [CACHE] | CACHE_SAVED
2026-08-06 20:27:22 | [Thread 127271845226176] | [INFO] | [CACHE] | CACHE_SAVED
2026-08-06 20:27:22 | [Thread 127271845226176] | [INFO] | [CACHE] | CACHE_SAVED
2026-08-06 20:27:22 | [Thread 127271845226176] | [INFO] | [CACHE] | CACHE_SAVED
2026-08-06 20:27:22 | [Thread 127271845226176] | [INFO] | [CACHE] | CACHE_SAVED
2026-08-06 20:27:22 | [Thread 127271845226176] | [INFO] | [CACHE] | CACHE_SAVED
2026-08-06 20:27:22 | [Thread 127271845226176] | [INFO] | [CACHE] | CACHE_SAVED
2026-08-06 20:27:22 | [Thread 127271845226176] | [INFO] | [CACHE] | CACHE_SAVED
2026-08-06 20:27:22 | [Thread 127271845226176] | [INFO] | [CACHE] | CACHE_SAVED
2026-08-06 20:27:22 | [Thread 127271845226176] | [INFO] | [CACHE] | CACHE_SAVED
2026-08-06 20:27:22 | [Thread 127271845226176] | [INFO] | [CACHE] | CACHE_SAVED
2026-08-06 20:27:22 | [Thread 127271845226176] | [INFO] | [CACHE] | CACHE_SAVED
2026-08-06 20:27:22 | [Thread 127271845226176] | [INFO] | [CACHE] | CACHE_SAVED
2026-08-06 20:27:22 | [Thread 127271845226176] | [INFO] | [CACHE] | CACHE_SAVED
2026-08-06 20:27:22 | [Thread 127271845226176] | [INFO] | [CACHE] | CACHE_SAVED
2026-08-06 20:27:22 | [Thread 127271845226176] | [INFO] | [CACHE] | CACHE_SAVED
2026-08-06 20:27:22 | [Thread 127271845226176] | [INFO] | [CACHE] | CACHE_SAVED
2026-08-06 20:27:22 | [Thread 127271845226176] | [INFO] | [CACHE] | CACHE_SAVED
2026-08-06 20:27:22 | [Thread 127271845226176] | [INFO] | [CACHE] | CACHE_SAVED
2026-08-06 20:27:22 | [Thread 127271845226176] | [INFO] | [CACHE] | CACHE_SAVED
2026-08-06 20:27:22 | [Thread 127271845226176] | [INFO] | [CACHE] | CACHE_SAVED
2026-08-06 20:27:22 | [Thread 127271845226176] | [INFO] | [CACHE] | CACHE_SAVED
2026-08-06 20:27:22 | [Thread 127271845226176] | [INFO] | [CACHE] | CACHE_SAVED
2026-08-06 20:27:22 | [Thread 127271845226176] | [INFO] | [CACHE] | CACHE_SAVED
2026-08-06 20:27:22 | [Thread 127271845226176] | [INFO] | [CACHE] | CACHE_SAVED
2026-08-06 20:27:22 | [Thread 127271845226176] | [INFO] | [CACHE] | CACHE_SAVED
2026-08-06 20:27:22 | [Thread 127271845226176] | [INFO] | [CACHE] | CACHE_SAVED
2026-08-06 20:27:22 | [Thread 127271845226176] | [INFO] | [CACHE] | CACHE_SAVED
2026-08-06 20:27:22 | [Thread 127271845226176] | [INFO] | [CACHE] | CACHE_SAVED
2026-08-06 20:27:22 | [Thread 127271845226176] | [INFO] | [CACHE] | CACHE_SAVED
2026-08-06 20:27:22 | [Thread 127271845226176] | [INFO] | [CACHE] | CACHE_SAVED
2026-08-06 20:27:22 | [Thread 127271845226176] | [INFO] | [CACHE] | CACHE_SAVED
2026-08-06 20:27:22 | [Thread 127271845226176] | [INFO] | [CACHE] | CACHE_SAVED
2026-08-06 20:27:22 | [Thread 127271845226176] | [INFO] | [CACHE] | CACHE_SAVED
2026-08-06 20:27:22 | [Thread 127271845226176] | [INFO] | [CACHE] | CACHE_SAVED
2026-08-06 20:27:22 | [Thread 127271845226176] | [INFO] | [CACHE] | CACHE_SAVED
2026-08-06 20:27:22 | [Thread 127271845226176] | [INFO] | [CACHE] | CACHE_SAVED
2026-08-06 20:27:22 | [Thread 127271845226176] | [INFO] | [CACHE] | CACHE_SAVED
2026-08-06 20:27:22 | [Thread 127271845226176] | [INFO] | [CACHE] | CACHE_SAVED
2026-08-06 20:27:22 | [Thread 127271845226176] | [INFO] | [CACHE] | CACHE_SAVED
2026-08-06 20:27:22 | [Thread 127271845226176] | [INFO] | [CACHE] | CACHE_SAVED
2026-08-06 20:27:22 | [Thread 127271845226176] | [INFO] | [CACHE] | CACHE_SAVED
2026-08-06 20:27:22 | [Thread 127271845226176] | [INFO] | [CACHE] | CACHE_SAVED
2026-08-06 20:27:22 | [Thread 127271845226176] | [INFO] | [CACHE] | CACHE_SAVED
2026-08-06 20:27:22 | [Thread 127271845226176] | [INFO] | [CACHE] | CACHE_SAVED
2026-08-06 20:27:22 | [Thread 127271845226176] | [INFO] | [CACHE] | CACHE_SAVED
2026-08-06 20:27:22 | [Thread 127271845226176] | [INFO] | [CACHE] | CACHE_SAVED
2026-08-06 20:27:22 | [Thread 127271845226176] | [INFO] | [CACHE] | CACHE_SAVED
2026-08-06 20:27:22 | [Thread 127271845226176] | [INFO] | [CACHE] | CACHE_SAVED
2026-08-06 20:27:22 | [Thread 127271845226176] | [INFO] | [CACHE] | CACHE_SAVED
2026-08-06 20:27:22 | [Thread 127271845226176] | [INFO] | [CACHE] | CACHE_SAVED
2026-08-06 20:27:22 | [Thread 127271845226176] | [INFO] | [CACHE] | CACHE_SAVED
2026-08-06 20:27:22 | [Thread 127271845226176] | [INFO] | [CACHE] | CACHE_SAVED
2026-08-06 20:27:22 | [Thread 127271845226176] | [INFO] | [CACHE] | CACHE_SAVED
2026-08-06 20:27:22 | [Thread 127271845226176] | [INFO] | [CACHE] | CACHE_SAVED
2026-08-06 20:27:22 | [Thread 127271845226176] | [INFO] | [CACHE] | CACHE_SAVED
2026-08-06 20:27:22 | [Thread 127271845226176] | [INFO] | [CACHE] | CACHE_SAVED
2026-08-06 20:27:22 | [Thread 127271845226176] | [INFO] | [CACHE] | CACHE_SAVED
2026-08-06 20:27:22 | [Thread 127271845226176] | [INFO] | [CACHE] | CACHE_SAVED
2026-08-06 20:27:22 | [Thread 127271845226176] | [INFO] | [CACHE] | CACHE_SAVED
2026-08-06 20:27:22 | [Thread 127271845226176] | [INFO] | [CACHE] | CACHE_SAVED
2026-08-06 20:27:22 | [Thread 127271845226176] | [INFO] | [CACHE] | CACHE_SAVED
2026-08-06 20:27:22 | [Thread 127271845226176] | [INFO] | [CACHE] | CACHE_SAVED
2026-08-06 20:27:22 | [Thread 127271845226176] | [INFO] | [CACHE] | CACHE_SAVED
2026-08-06 20:27:22 | [Thread 127271845226176] | [INFO] | [CACHE] | CACHE_SAVED
2026-08-06 20:27:22 | [Thread 127271845226176] | [INFO] | [CACHE] | CACHE_SAVED
2026-08-06 20:27:22 | [Thread 127271845226176] | [INFO] | [CACHE] | CACHE_SAVED
2026-08-06 20:27:22 | [Thread 127271845226176] | [INFO] | [CACHE] | CACHE_SAVED
2026-08-06 20:27:22 | [Thread 127271845226176] | [INFO] | [CACHE] | CACHE_SAVED
2026-08-06 20:27:22 | [Thread 127271845226176] | [INFO] | [CACHE] | CACHE_SAVED
2026-08-06 20:27:22 | [Thread 127271845226176] | [INFO] | [CACHE] | CACHE_SAVED
2026-08-06 20:27:22 | [Thread 127271845226176] | [INFO] | [CACHE] | CACHE_SAVED
2026-08-06 20:27:22 | [Thread 127271845226176] | [INFO] | [CACHE] | CACHE_SAVED
2026-08-06 20:27:22 | [Thread 127271845226176] | [INFO] | [CACHE] | CACHE_SAVED
2026-08-06 20:27:22 | [Thread 127271845226176] | [INFO] | [CACHE] | CACHE_SAVED
2026-08-06 20:27:22 | [Thread 127271845226176] | [INFO] | [CACHE] | CACHE_SAVED
2026-08-06 20:27:22 | [Thread 127271845226176] | [INFO] | [CACHE] | CACHE_SAVED
2026-08-06 20:27:22 | [Thread 127271845226176] | [INFO] | [CACHE] | CACHE_SAVED
2026-08-06 20:27:22 | [Thread 127271845226176] | [INFO] | [CACHE] | CACHE_SAVED
2026-08-06 20:27:22 | [Thread 127271845226176] | [INFO] | [CACHE] | CACHE_SAVED
2026-08-06 20:27:22 | [Thread 127271845226176] | [INFO] | [CACHE] | CACHE_SAVED
2026-08-06 20:27:22 | [Thread 127271845226176] | [INFO] | [CACHE] | CACHE_SAVED
2026-08-06 20:27:22 | [Thread 127271845226176] | [INFO] | [CACHE] | CACHE_SAVED
2026-08-06 20:27:22 | [Thread 127271845226176] | [INFO] | [CACHE] | CACHE_SAVED
2026-08-06 20:27:22 | [Thread 127271845226176] | [INFO] | [CACHE] | CACHE_SAVED
2026-08-06 20:27:22 | [Thread 127271845226176] | [INFO] | [CACHE] | CACHE_SAVED
2026-08-06 20:27:22 | [Thread 127271845226176] | [INFO] | [CACHE] | CACHE_SAVED
2026-08-06 20:27:22 | [Thread 127271845226176] | [INFO] | [CACHE] | CACHE_SAVED
2026-08-06 20:27:22 | [Thread 127271845226176] | [INFO] | [CACHE] | CACHE_SAVED
2026-08-06 20:27:22 | [Thread 127271845226176] | [INFO] | [CACHE] | CACHE_SAVED
2026-08-06 20:27:22 | [Thread 127271845226176] | [INFO] | [CACHE] | CACHE_SAVED
2026-08-06 20:27:22 | [Thread 127271845226176] | [INFO] | [CACHE] | CACHE_SAVED
2026-08-06 20:27:22 | [Thread 127271845226176] | [INFO] | [CACHE] | CACHE_SAVED
2026-08-06 20:27:22 | [Thread 127271845226176] | [INFO] | [CACHE] | CACHE_SAVED
2026-08-06 20:27:22 | [Thread 127271845226176] | [INFO] | [CACHE] | CACHE_SAVED
2026-08-06 20:27:22 | [Thread 127271845226176] | [INFO] | [CACHE] | CACHE_SAVED
2026-08-06 20:27:22 | [Thread 127271845226176] | [INFO] | [CACHE] | CACHE_SAVED
2026-08-06 20:27:22 | [Thread 127271845226176] | [INFO] | [CACHE] | CACHE_SAVED
2026-08-06 20:27:22 | [Thread 127271845226176] | [INFO] | [CACHE] | CACHE_SAVED
2026-08-06 20:27:22 | [Thread 127271845226176] | [INFO] | [CACHE] | CACHE_SAVED
2026-08-06 20:27:22 | [Thread 127271845226176] | [INFO] | [CACHE] | CACHE_SAVED
2026-08-06 20:27:22 | [Thread 127271845226176] | [INFO] | [CACHE] | CACHE_SAVED
2026-08-06 20:27:22 | [Thread 127271845226176] | [INFO] | [CACHE] | CACHE_SAVED
2026-08-06 20:27:22 | [Thread 127271845226176] | [INFO] | [CACHE] | CACHE_SAVED
2026-08-06 20:27:22 | [Thread 127271845226176] | [INFO] | [CACHE] | CACHE_SAVED
2026-08-06 20:27:22 | [Thread 127271845226176] | [INFO] | [CACHE] | CACHE_SAVED
2026-08-06 20:27:22 | [Thread 127271845226176] | [INFO] | [CACHE] | CACHE_SAVED
2026-08-06 20:27:22 | [Thread 127271845226176] | [INFO] | [CACHE] | CACHE_SAVED
2026-08-06 20:27:22 | [Thread 127271845226176] | [INFO] | [CACHE] | CACHE_SAVED
2026-08-06 20:27:22 | [Thread 127271845226176] | [INFO] | [CACHE] | CACHE_SAVED
2026-08-06 20:27:22 | [Thread 127271845226176] | [INFO] | [CACHE] | CACHE_SAVED
2026-08-06 20:27:22 | [Thread 127271845226176] | [INFO] | [CACHE] | CACHE_SAVED
2026-08-06 20:27:22 | [Thread 127271845226176] | [INFO] | [CACHE] | CACHE_SAVED
2026-08-06 20:27:22 | [Thread 127271845226176] | [INFO] | [CACHE] | CACHE_SAVED
2026-08-06 20:27:22 | [Thread 127271845226176] | [INFO] | [CACHE] | CACHE_SAVED
2026-08-06 20:27:22 | [Thread 127271845226176] | [INFO] | [CACHE] | CACHE_SAVED
2026-08-06 20:27:22 | [Thread 127271845226176] | [INFO] | [CACHE] | CACHE_SAVED
2026-08-06 20:27:22 | [Thread 127271845226176] | [INFO] | [CACHE] | CACHE_SAVED
2026-08-06 20:27:22 | [Thread 127271845226176] | [INFO] | [CACHE] | CACHE_SAVED
2026-08-06 20:27:22 | [Thread 127271845226176] | [INFO] | [CACHE] | CACHE_SAVED
2026-08-06 20:27:22 | [Thread 127271845226176] | [INFO] | [CACHE] | CACHE_SAVED
2026-08-06 20:27:22 | [Thread 127271845226176] | [INFO] | [CACHE] | CACHE_SAVED
2026-08-06 20:27:22 | [Thread 127271845226176] | [INFO] | [CACHE] | CACHE_SAVED
2026-08-06 20:27:22 | [Thread 127271845226176] | [INFO] | [CACHE] | CACHE_SAVED
2026-08-06 20:27:22 | [Thread 127271845226176] | [INFO] | [CACHE] | CACHE_SAVED
2026-08-06 20:27:22 | [Thread 127271845226176] | [INFO] | [CACHE] | CACHE_SAVED
2026-08-06 20:27:22 | [Thread 127271845226176] | [INFO] | [CACHE] | CACHE_SAVED
2026-08-06 20:27:22 | [Thread 127271845226176] | [INFO] | [CACHE] | CACHE_SAVED
2026-08-06 20:27:22 | [Thread 127271845226176] | [INFO] | [CACHE] | CACHE_SAVED
2026-08-06 20:27:22 | [Thread 127271845226176] | [INFO] | [CACHE] | CACHE_SAVED
2026-08-06 20:27:22 | [Thread 127271845226176] | [INFO] | [CACHE] | CACHE_SAVED
2026-08-06 20:27:22 | [Thread 127271845226176] | [INFO] | [CACHE] | CACHE_SAVED
2026-08-06 20:27:22 | [Thread 127271845226176] | [INFO] | [CACHE] | CACHE_SAVED
2026-08-06 20:27:22 | [Thread 127271845226176] | [INFO] | [CACHE] | CACHE_SAVED
2026-08-06 20:27:22 | [Thread 127271845226176] | [INFO] | [CACHE] | CACHE_SAVED
2026-08-06 20:27:22 | [Thread 127271845226176] | [INFO] | [CACHE] | CACHE_SAVED
2026-08-06 20:27:22 | [Thread 127271845226176] | [INFO] | [CACHE] | CACHE_SAVED
2026-08-06 20:27:22 | [Thread 127271845226176] | [INFO] | [CACHE] | CACHE_SAVED
2026-08-06 20:27:22 | [Thread 127271845226176] | [INFO] | [CACHE] | CACHE_SAVED
2026-08-06 20:27:22 | [Thread 127271845226176] | [INFO] | [CACHE] | CACHE_SAVED
2026-08-06 20:27:22 | [Thread 127271845226176] | [INFO] | [CACHE] | CACHE_SAVED
2026-08-06 20:27:22 | [Thread 127271845226176] | [INFO] | [CACHE] | CACHE_SAVED
2026-08-06 20:27:22 | [Thread 127271845226176] | [INFO] | [CACHE] | CACHE_SAVED
2026-08-06 20:27:22 | [Thread 127271845226176] | [INFO] | [CACHE] | CACHE_SAVED
2026-08-06 20:27:22 | [Thread 127271845226176] | [INFO] | [CACHE] | CACHE_SAVED
2026-08-06 20:27:22 | [Thread 127271845226176] | [INFO] | [CACHE] | CACHE_SAVED
2026-08-06 20:27:22 | [Thread 127271845226176] | [INFO] | [CACHE] | CACHE_SAVED
2026-08-06 20:27:22 | [Thread 127271845226176] | [INFO] | [CACHE] | CACHE_SAVED
2026-08-06 20:27:22 | [Thread 127271845226176] | [INFO] | [CACHE] | CACHE_SAVED
2026-08-06 20:27:22 | [Thread 127271845226176] | [INFO] | [CACHE] | CACHE_SAVED
2026-08-06 20:27:22 | [Thread 127271845226176] | [INFO] | [CACHE] | CACHE_SAVED
2026-08-06 20:27:22 | [Thread 127271845226176] | [INFO] | [CACHE] | CACHE_SAVED
2026-08-06 20:27:22 | [Thread 127271845226176] | [INFO] | [CACHE] | CACHE_SAVED
2026-08-06 20:27:22 | [Thread 127271845226176] | [INFO] | [CACHE] | CACHE_SAVED
2026-08-06 20:27:22 | [Thread 127271845226176] | [INFO] | [CACHE] | CACHE_SAVED
2026-08-06 20:27:22 | [Thread 127271845226176] | [INFO] | [CACHE] | CACHE_SAVED
2026-08-06 20:27:22 | [Thread 127271845226176] | [INFO] | [CACHE] | CACHE_SAVED
2026-08-06 20:27:22 | [Thread 127271845226176] | [INFO] | [CACHE] | CACHE_SAVED
2026-08-06 20:27:22 | [Thread 127271845226176] | [INFO] | [CACHE] | CACHE_SAVED
2026-08-06 20:27:22 | [Thread 127271845226176] | [INFO] | [CACHE] | CACHE_SAVED
2026-08-06 20:27:22 | [Thread 127271845226176] | [INFO] | [CACHE] | CACHE_SAVED
2026-08-06 20:27:22 | [Thread 127271845226176] | [INFO] | [CACHE] | CACHE_SAVED
2026-08-06 20:27:22 | [Thread 127271845226176] | [INFO] | [CACHE] | CACHE_SAVED
2026-08-06 20:27:22 | [Thread 127271845226176] | [INFO] | [CACHE] | CACHE_SAVED
2026-08-06 20:27:22 | [Thread 127271845226176] | [INFO] | [CACHE] | CACHE_SAVED
2026-08-06 20:27:22 | [Thread 127271845226176] | [INFO] | [CACHE] | CACHE_SAVED
2026-08-06 20:27:22 | [Thread 127271845226176] | [INFO] | [CACHE] | CACHE_SAVED
2026-08-06 20:27:22 | [Thread 127271845226176] | [INFO] | [CACHE] | CACHE_SAVED
2026-08-06 20:27:22 | [Thread 127271845226176] | [INFO] | [CACHE] | CACHE_SAVED
2026-08-06 20:27:22 | [Thread 127271845226176] | [INFO] | [CACHE] | CACHE_SAVED
2026-08-06 20:27:22 | [Thread 127271845226176] | [INFO] | [CACHE] | CACHE_SAVED
2026-08-06 20:27:22 | [Thread 127271845226176] | [INFO] | [CACHE] | CACHE_SAVED
2026-08-06 20:27:22 | [Thread 127271845226176] | [INFO] | [CACHE] | CACHE_SAVED
2026-08-06 20:27:22 | [Thread 127271845226176] | [INFO] | [CACHE] | CACHE_SAVED
2026-08-06 20:27:22 | [Thread 127271845226176] | [INFO] | [CACHE] | CACHE_SAVED
2026-08-06 20:27:22 | [Thread 127271845226176] | [INFO] | [CACHE] | CACHE_SAVED
2026-08-06 20:27:22 | [Thread 127271845226176] | [INFO] | [CACHE] | CACHE_SAVED
2026-08-06 20:27:22 | [Thread 127271845226176] | [INFO] | [CACHE] | CACHE_SAVED
2026-08-06 20:27:22 | [Thread 127271845226176] | [INFO] | [CACHE] | CACHE_SAVED
2026-08-06 20:27:22 | [Thread 127271845226176] | [INFO] | [CACHE] | CACHE_SAVED
2026-08-06 20:27:22 | [Thread 127271845226176] | [INFO] | [CACHE] | CACHE_SAVED
2026-08-06 20:27:22 | [Thread 127271845226176] | [INFO] | [CACHE] | CACHE_SAVED
2026-08-06 20:27:22 | [Thread 127271845226176] | [INFO] | [CACHE] | CACHE_SAVED
2026-08-06 20:27:22 | [Thread 127271845226176] | [INFO] | [CACHE] | CACHE_SAVED
2026-08-06 20:27:22 | [Thread 127271845226176] | [INFO] | [CACHE] | CACHE_SAVED
2026-08-06 20:27:22 | [Thread 127271845226176] | [INFO] | [CACHE] | CACHE_SAVED
2026-08-06 20:27:22 | [Thread 127271845226176] | [INFO] | [CACHE] | CACHE_SAVED
2026-08-06 20:27:22 | [Thread 127271845226176] | [INFO] | [CACHE] | CACHE_SAVED
2026-08-06 20:27:22 | [Thread 127271845226176] | [INFO] | [CACHE] | CACHE_SAVED
2026-08-06 20:27:22 | [Thread 127271845226176] | [INFO] | [CACHE] | CACHE_SAVED
2026-08-06 20:27:22 | [Thread 127271845226176] | [INFO] | [CACHE] | CACHE_SAVED
2026-08-06 20:27:22 | [Thread 127271845226176] | [INFO] | [CACHE] | CACHE_SAVED
2026-08-06 20:27:22 | [Thread 127271845226176] | [INFO] | [CACHE] | CACHE_SAVED
2026-08-06 20:27:22 | [Thread 127271845226176] | [INFO] | [CACHE] | CACHE_SAVED
2026-08-06 20:27:22 | [Thread 127271845226176] | [INFO] | [CACHE] | CACHE_SAVED
2026-08-06 20:27:22 | [Thread 127271845226176] | [INFO] | [CACHE] | CACHE_SAVED
2026-08-06 20:27:22 | [Thread 127271845226176] | [INFO] | [CACHE] | CACHE_SAVED
2026-08-06 20:27:22 | [Thread 127271845226176] | [INFO] | [CACHE] | CACHE_SAVED
2026-08-06 20:27:22 | [Thread 127271845226176] | [INFO] | [CACHE] | CACHE_SAVED
2026-08-06 20:27:22 | [Thread 127271845226176] | [INFO] | [CACHE] | CACHE_SAVED
2026-08-06 20:27:22 | [Thread 127271845226176] | [INFO] | [CACHE] | CACHE_SAVED
2026-08-06 20:27:22 | [Thread 127271845226176] | [INFO] | [CACHE] | CACHE_SAVED
2026-08-06 20:27:22 | [Thread 127271845226176] | [INFO] | [CACHE] | CACHE_SAVED
2026-08-06 20:27:22 | [Thread 127271845226176] | [INFO] | [CACHE] | CACHE_SAVED
2026-08-06 20:27:22 | [Thread 127271845226176] | [INFO] | [CACHE] | CACHE_SAVED
2026-08-06 20:27:22 | [Thread 127271845226176] | [INFO] | [CACHE] | CACHE_SAVED
2026-08-06 20:27:22 | [Thread 127271845226176] | [INFO] | [CACHE] | CACHE_SAVED
2026-08-06 20:27:22 | [Thread 127271845226176] | [INFO] | [CACHE] | CACHE_SAVED
2026-08-06 20:27:22 | [Thread 127271845226176] | [INFO] | [CACHE] | CACHE_SAVED
2026-08-06 20:27:22 | [Thread 127271845226176] | [INFO] | [CACHE] | CACHE_SAVED
2026-08-06 20:27:22 | [Thread 127271845226176] | [INFO] | [CACHE] | CACHE_SAVED
2026-08-06 20:27:22 | [Thread 127271845226176] | [INFO] | [CACHE] | CACHE_SAVED
2026-08-06 20:27:22 | [Thread 127271845226176] | [INFO] | [CACHE] | CACHE_SAVED
2026-08-06 20:27:22 | [Thread 127271845226176] | [INFO] | [CACHE] | CACHE_SAVED
2026-08-06 20:27:22 | [Thread 127271845226176] | [INFO] | [CACHE] | CACHE_SAVED
2026-08-06 20:27:22 | [Thread 127271845226176] | [INFO] | [CACHE] | CACHE_SAVED
2026-08-06 20:27:22 | [Thread 127271845226176] | [INFO] | [CACHE] | CACHE_SAVED
2026-08-06 20:27:22 | [Thread 127271845226176] | [INFO] | [CACHE] | CACHE_SAVED
2026-08-06 20:27:22 | [Thread 127271845226176] | [INFO] | [CACHE] | CACHE_SAVED
2026-08-06 20:27:22 | [Thread 127271845226176] | [INFO] | [CACHE] | CACHE_SAVED
2026-08-06 20:27:22 | [Thread 127271845226176] | [INFO] | [CACHE] | CACHE_SAVED
2026-08-06 20:27:22 | [Thread 127271845226176] | [INFO] | [CACHE] | CACHE_SAVED
2026-08-06 20:27:22 | [Thread 127271845226176] | [INFO] | [CACHE] | CACHE_SAVED
2026-08-06 20:27:22 | [Thread 127271845226176] | [INFO] | [CACHE] | CACHE_SAVED
2026-08-06 20:27:22 | [Thread 127271845226176] | [INFO] | [CACHE] | CACHE_SAVED
2026-08-06 20:27:22 | [Thread 127271845226176] | [INFO] | [CACHE] | CACHE_SAVED
2026-08-06 20:27:22 | [Thread 127271845226176] | [INFO] | [CACHE] | CACHE_SAVED
2026-08-06 20:27:22 | [Thread 127271845226176] | [INFO] | [CACHE] | CACHE_SAVED
2026-08-06 20:27:22 | [Thread 127271845226176] | [INFO] | [CACHE] | CACHE_SAVED
2026-08-06 20:27:22 | [Thread 127271845226176] | [INFO] | [CACHE] | CACHE_SAVED
2026-08-06 20:27:22 | [Thread 127271845226176] | [INFO] | [CACHE] | CACHE_SAVED
2026-08-06 20:27:22 | [Thread 127271845226176] | [INFO] | [CACHE] | CACHE_SAVED
2026-08-06 20:27:22 | [Thread 127271845226176] | [INFO] | [CACHE] | CACHE_SAVED
2026-08-06 20:27:22 | [Thread 127271845226176] | [INFO] | [CACHE] | CACHE_SAVED
2026-08-06 20:27:22 | [Thread 127271845226176] | [INFO] | [CACHE] | CACHE_SAVED
2026-08-06 20:27:22 | [Thread 127271845226176] | [INFO] | [CACHE] | CACHE_SAVED
2026-08-06 20:27:22 | [Thread 127271845226176] | [INFO] | [CACHE] | CACHE_SAVED
2026-08-06 20:27:22 | [Thread 127271845226176] | [INFO] | [CACHE] | CACHE_SAVED
2026-08-06 20:27:22 | [Thread 127271845226176] | [INFO] | [CACHE] | CACHE_SAVED
2026-08-06 20:27:22 | [Thread 127271845226176] | [INFO] | [CACHE] | CACHE_SAVED
2026-08-06 20:27:22 | [Thread 127271845226176] | [INFO] | [CACHE] | CACHE_SAVED
2026-08-06 20:27:22 | [Thread 127271845226176] | [INFO] | [CACHE] | CACHE_SAVED
2026-08-06 20:27:22 | [Thread 127271845226176] | [INFO] | [CACHE] | CACHE_SAVED
2026-08-06 20:27:22 | [Thread 127271845226176] | [INFO] | [CACHE] | CACHE_SAVED
2026-08-06 20:27:22 | [Thread 127271845226176] | [INFO] | [CACHE] | CACHE_SAVED
2026-08-06 20:27:22 | [Thread 127271845226176] | [INFO] | [CACHE] | CACHE_SAVED
2026-08-06 20:27:22 | [Thread 127271845226176] | [INFO] | [CACHE] | CACHE_SAVED
2026-08-06 20:27:22 | [Thread 127271845226176] | [INFO] | [CACHE] | CACHE_SAVED
2026-08-06 20:27:22 | [Thread 127271845226176] | [INFO] | [CACHE] | CACHE_SAVED
2026-08-06 20:27:22 | [Thread 127271845226176] | [INFO] | [CACHE] | CACHE_SAVED
2026-08-06 20:27:22 | [Thread 127271845226176] | [INFO] | [CACHE] | CACHE_SAVED
2026-08-06 20:27:22 | [Thread 127271845226176] | [INFO] | [CACHE] | CACHE_SAVED
2026-08-06 20:27:22 | [Thread 127271845226176] | [INFO] | [CACHE] | CACHE_SAVED
2026-08-06 20:27:22 | [Thread 127271845226176] | [INFO] | [CACHE] | CACHE_SAVED
2026-08-06 20:27:22 | [Thread 127271845226176] | [INFO] | [CACHE] | CACHE_SAVED
2026-08-06 20:27:22 | [Thread 127271845226176] | [INFO] | [CACHE] | CACHE_SAVED
2026-08-06 20:27:22 | [Thread 127271845226176] | [INFO] | [CACHE] | CACHE_SAVED
2026-08-06 20:27:22 | [Thread 127271845226176] | [INFO] | [CACHE] | CACHE_SAVED
2026-08-06 20:27:22 | [Thread 127271845226176] | [INFO] | [CACHE] | CACHE_SAVED
2026-08-06 20:27:22 | [Thread 127271845226176] | [INFO] | [CACHE] | CACHE_SAVED
2026-08-06 20:27:22 | [Thread 127271845226176] | [INFO] | [CACHE] | CACHE_SAVED
2026-08-06 20:27:22 | [Thread 127271845226176] | [INFO] | [CACHE] | CACHE_SAVED
2026-08-06 20:27:22 | [Thread 127271845226176] | [INFO] | [CACHE] | CACHE_SAVED
2026-08-06 20:27:22 | [Thread 127271845226176] | [INFO] | [CACHE] | CACHE_SAVED
2026-08-06 20:27:22 | [Thread 127271845226176] | [INFO] | [CACHE] | CACHE_SAVED
2026-08-06 20:27:22 | [Thread 127271845226176] | [INFO] | [CACHE] | CACHE_SAVED
2026-08-06 20:27:22 | [Thread 127271845226176] | [INFO] | [CACHE] | CACHE_SAVED
2026-08-06 20:27:22 | [Thread 127271845226176] | [INFO] | [CACHE] | CACHE_SAVED
2026-08-06 20:27:22 | [Thread 127271845226176] | [INFO] | [CACHE] | CACHE_SAVED
2026-08-06 20:27:22 | [Thread 127271845226176] | [INFO] | [CACHE] | CACHE_SAVED
2026-08-06 20:27:22 | [Thread 127271845226176] | [INFO] | [CACHE] | CACHE_SAVED
2026-08-06 20:27:22 | [Thread 127271845226176] | [INFO] | [CACHE] | CACHE_SAVED
2026-08-06 20:27:22 | [Thread 127271845226176] | [INFO] | [CACHE] | CACHE_SAVED
2026-08-06 20:27:22 | [Thread 127271845226176] | [INFO] | [CACHE] | CACHE_SAVED
2026-08-06 20:27:22 | [Thread 127271845226176] | [INFO] | [CACHE] | CACHE_SAVED
2026-08-06 20:27:22 | [Thread 127271845226176] | [INFO] | [CACHE] | CACHE_SAVED
2026-08-06 20:27:22 | [Thread 127271845226176] | [INFO] | [CACHE] | CACHE_SAVED
2026-08-06 20:27:22 | [Thread 127271845226176] | [INFO] | [CACHE] | CACHE_SAVED
2026-08-06 20:27:22 | [Thread 127271845226176] | [INFO] | [CACHE] | CACHE_SAVED
2026-08-06 20:27:22 | [Thread 127271845226176] | [INFO] | [CACHE] | CACHE_SAVED
2026-08-06 20:27:22 | [Thread 127271845226176] | [INFO] | [CACHE] | CACHE_SAVED
2026-08-06 20:27:22 | [Thread 127271845226176] | [INFO] | [CACHE] | CACHE_SAVED
2026-08-06 20:27:22 | [Thread 127271845226176] | [INFO] | [CACHE] | CACHE_SAVED
2026-08-06 20:27:22 | [Thread 127271845226176] | [INFO] | [CACHE] | CACHE_SAVED
2026-08-06 20:27:22 | [Thread 127271845226176] | [INFO] | [CACHE] | CACHE_SAVED
2026-08-06 20:27:22 | [Thread 127271845226176] | [INFO] | [CACHE] | CACHE_SAVED
2026-08-06 20:27:22 | [Thread 127271845226176] | [INFO] | [CACHE] | CACHE_SAVED
2026-08-06 20:27:22 | [Thread 127271845226176] | [INFO] | [CACHE] | CACHE_SAVED
2026-08-06 20:27:22 | [Thread 127271845226176] | [INFO] | [CACHE] | CACHE_SAVED
2026-08-06 20:27:22 | [Thread 127271845226176] | [INFO] | [CACHE] | CACHE_SAVED
2026-08-06 20:27:22 | [Thread 127271845226176] | [INFO] | [CACHE] | CACHE_SAVED
2026-08-06 20:27:22 | [Thread 127271845226176] | [INFO] | [CACHE] | CACHE_SAVED
2026-08-06 20:27:22 | [Thread 127271845226176] | [INFO] | [CACHE] | CACHE_SAVED
2026-08-06 20:27:22 | [Thread 127271845226176] | [INFO] | [CACHE] | CACHE_SAVED
2026-08-06 20:27:22 | [Thread 127271845226176] | [INFO] | [CACHE] | CACHE_SAVED
2026-08-06 20:27:22 | [Thread 127271845226176] | [INFO] | [CACHE] | CACHE_SAVED
2026-08-06 20:27:22 | [Thread 127271845226176] | [INFO] | [CACHE] | CACHE_SAVED
2026-08-06 20:27:22 | [Thread 127271845226176] | [INFO] | [CACHE] | CACHE_SAVED
2026-08-06 20:27:22 | [Thread 127271845226176] | [INFO] | [CACHE] | CACHE_SAVED
2026-08-06 20:27:22 | [Thread 127271845226176] | [INFO] | [CACHE] | CACHE_SAVED
2026-08-06 20:27:22 | [Thread 127271845226176] | [INFO] | [CACHE] | CACHE_SAVED
2026-08-06 20:27:22 | [Thread 127271845226176] | [INFO] | [CACHE] | CACHE_SAVED
2026-08-06 20:27:22 | [Thread 127271845226176] | [INFO] | [CACHE] | CACHE_SAVED
2026-08-06 20:27:22 | [Thread 127271845226176] | [INFO] | [CACHE] | CACHE_SAVED
2026-08-06 20:27:22 | [Thread 127271845226176] | [INFO] | [CACHE] | CACHE_SAVED
2026-08-06 20:27:22 | [Thread 127271845226176] | [INFO] | [CACHE] | CACHE_SAVED
2026-08-06 20:27:22 | [Thread 127271845226176] | [INFO] | [CACHE] | CACHE_SAVED
2026-08-06 20:27:22 | [Thread 127271845226176] | [INFO] | [CACHE] | CACHE_SAVED
2026-08-06 20:27:22 | [Thread 127271845226176] | [INFO] | [CACHE] | CACHE_SAVED
2026-08-06 20:27:22 | [Thread 127271845226176] | [INFO] | [CACHE] | CACHE_SAVED
2026-08-06 20:27:22 | [Thread 127271845226176] | [INFO] | [CACHE] | CACHE_SAVED
2026-08-06 20:27:22 | [Thread 127271845226176] | [INFO] | [CACHE] | CACHE_SAVED
2026-08-06 20:27:22 | [Thread 127271845226176] | [INFO] | [CACHE] | CACHE_SAVED
2026-08-06 20:27:22 | [Thread 127271845226176] | [INFO] | [CACHE] | CACHE_SAVED
2026-08-06 20:27:22 | [Thread 127271845226176] | [INFO] | [CACHE] | CACHE_SAVED
2026-08-06 20:27:22 | [Thread 127271845226176] | [INFO] | [CACHE] | CACHE_SAVED
2026-08-06 20:27:22 | [Thread 127271845226176] | [INFO] | [CACHE] | CACHE_SAVED
2026-08-06 20:27:22 | [Thread 127271845226176] | [INFO] | [CACHE] | CACHE_SAVED
2026-08-06 20:27:22 | [Thread 127271845226176] | [INFO] | [CACHE] | CACHE_SAVED
2026-08-06 20:27:22 | [Thread 127271845226176] | [INFO] | [CACHE] | CACHE_SAVED
2026-08-06 20:27:22 | [Thread 127271845226176] | [INFO] | [CACHE] | CACHE_SAVED
2026-08-06 20:27:22 | [Thread 127271845226176] | [INFO] | [CACHE] | CACHE_SAVED
2026-08-06 20:27:22 | [Thread 127271845226176] | [INFO] | [CACHE] | CACHE_SAVED
2026-08-06 20:27:22 | [Thread 127271845226176] | [INFO] | [CACHE] | CACHE_SAVED
2026-08-06 20:27:22 | [Thread 127271845226176] | [INFO] | [CACHE] | CACHE_SAVED
2026-08-06 20:27:22 | [Thread 127271845226176] | [INFO] | [CACHE] | CACHE_SAVED
2026-08-06 20:27:22 | [Thread 127271845226176] | [INFO] | [CACHE] | CACHE_SAVED
2026-08-06 20:27:22 | [Thread 127271845226176] | [INFO] | [CACHE] | CACHE_SAVED
2026-08-06 20:27:22 | [Thread 127271845226176] | [INFO] | [CACHE] | CACHE_SAVED
2026-08-06 20:27:22 | [Thread 127271845226176] | [INFO] | [CACHE] | CACHE_SAVED
2026-08-06 20:27:22 | [Thread 127271845226176] | [INFO] | [CACHE] | CACHE_SAVED
2026-08-06 20:27:22 | [Thread 127271845226176] | [INFO] | [CACHE] | CACHE_SAVED
2026-08-06 20:27:22 | [Thread 127271845226176] | [INFO] | [CACHE] | CACHE_SAVED
2026-08-06 20:27:22 | [Thread 127271845226176] | [INFO] | [CACHE] | CACHE_SAVED
2026-08-06 20:27:22 | [Thread 127271845226176] | [INFO] | [CACHE] | CACHE_SAVED
2026-08-06 20:27:22 | [Thread 127271845226176] | [INFO] | [CACHE] | CACHE_SAVED
2026-08-06 20:27:22 | [Thread 127271845226176] | [INFO] | [CACHE] | CACHE_SAVED
2026-08-06 20:27:22 | [Thread 127271845226176] | [INFO] | [CACHE] | CACHE_SAVED
2026-08-06 20:27:22 | [Thread 127271845226176] | [INFO] | [CACHE] | CACHE_SAVED
2026-08-06 20:27:22 | [Thread 127271845226176] | [INFO] | [CACHE] | CACHE_SAVED
2026-08-06 20:27:22 | [Thread 127271845226176] | [INFO] | [CACHE] | CACHE_SAVED
2026-08-06 20:27:22 | [Thread 127271845226176] | [INFO] | [CACHE] | CACHE_SAVED
2026-08-06 20:27:22 | [Thread 127271845226176] | [INFO] | [CACHE] | CACHE_SAVED
2026-08-06 20:27:22 | [Thread 127271845226176] | [INFO] | [CACHE] | CACHE_SAVED
2026-08-06 20:27:22 | [Thread 127271845226176] | [INFO] | [CACHE] | CACHE_SAVED
2026-08-06 20:27:22 | [Thread 127271845226176] | [INFO] | [CACHE] | CACHE_SAVED
2026-08-06 20:27:22 | [Thread 127271845226176] | [INFO] | [CACHE] | CACHE_SAVED
2026-08-06 20:27:22 | [Thread 127271845226176] | [INFO] | [CACHE] | CACHE_SAVED
2026-08-06 20:27:22 | [Thread 127271845226176] | [INFO] | [CACHE] | CACHE_SAVED
2026-08-06 20:27:22 | [Thread 127271845226176] | [INFO] | [CACHE] | CACHE_SAVED
2026-08-06 20:27:22 | [Thread 127271845226176] | [INFO] | [CACHE] | CACHE_SAVED
2026-08-06 20:27:22 | [Thread 127271845226176] | [INFO] | [CACHE] | CACHE_SAVED
2026-08-06 20:27:22 | [Thread 127271845226176] | [INFO] | [CACHE] | CACHE_SAVED
2026-08-06 20:27:22 | [Thread 127271845226176] | [INFO] | [CACHE] | CACHE_SAVED
2026-08-06 20:27:22 | [Thread 127271845226176] | [INFO] | [CACHE] | CACHE_SAVED
2026-08-06 20:27:22 | [Thread 127271845226176] | [INFO] | [CACHE] | CACHE_SAVED
2026-08-06 20:27:22 | [Thread 127271845226176] | [INFO] | [CACHE] | CACHE_SAVED
2026-08-06 20:27:22 | [Thread 127271845226176] | [INFO] | [CACHE] | CACHE_SAVED
2026-08-06 20:27:22 | [Thread 127271845226176] | [INFO] | [CACHE] | CACHE_SAVED
2026-08-06 20:27:22 | [Thread 127271845226176] | [INFO] | [CACHE] | CACHE_SAVED
2026-08-06 20:27:22 | [Thread 127271845226176] | [INFO] | [CACHE] | CACHE_SAVED
2026-08-06 20:27:22 | [Thread 127271845226176] | [INFO] | [CACHE] | CACHE_SAVED
2026-08-06 20:27:22 | [Thread 127271845226176] | [INFO] | [CACHE] | CACHE_SAVED
2026-08-06 20:27:22 | [Thread 127271845226176] | [INFO] | [CACHE] | CACHE_SAVED
2026-08-06 20:27:22 | [Thread 127271845226176] | [INFO] | [CACHE] | CACHE_SAVED
2026-08-06 20:27:22 | [Thread 127271845226176] | [INFO] | [CACHE] | CACHE_SAVED
2026-08-06 20:27:22 | [Thread 127271845226176] | [INFO] | [CACHE] | CACHE_SAVED
2026-08-06 20:27:22 | [Thread 127271845226176] | [INFO] | [CACHE] | CACHE_SAVED
2026-08-06 20:27:22 | [Thread 127271845226176] | [INFO] | [CACHE] | CACHE_SAVED
2026-08-06 20:27:22 | [Thread 127271845226176] | [INFO] | [CACHE] | CACHE_SAVED
2026-08-06 20:27:22 | [Thread 127271845226176] | [INFO] | [CACHE] | CACHE_SAVED
2026-08-06 20:27:22 | [Thread 127271845226176] | [INFO] | [CACHE] | CACHE_SAVED
2026-08-06 20:27:22 | [Thread 127271845226176] | [INFO] | [CACHE] | CACHE_SAVED
2026-08-06 20:27:22 | [Thread 127271845226176] | [INFO] | [CACHE] | CACHE_SAVED
2026-08-06 20:27:22 | [Thread 127271845226176] | [INFO] | [CACHE] | CACHE_SAVED
2026-08-06 20:27:22 | [Thread 127271845226176] | [INFO] | [CACHE] | CACHE_SAVED
2026-08-06 20:27:22 | [Thread 127271845226176] | [INFO] | [CACHE] | CACHE_SAVED
2026-08-06 20:27:22 | [Thread 127271845226176] | [INFO] | [CACHE] | CACHE_SAVED
2026-08-06 20:27:22 | [Thread 127271845226176] | [INFO] | [CACHE] | CACHE_SAVED
2026-08-06 20:27:22 | [Thread 127271845226176] | [INFO] | [CACHE] | CACHE_SAVED
2026-08-06 20:27:22 | [Thread 127271845226176] | [INFO] | [CACHE] | CACHE_SAVED
2026-08-06 20:27:22 | [Thread 127271845226176] | [INFO] | [CACHE] | CACHE_SAVED
2026-08-06 20:27:22 | [Thread 127271845226176] | [INFO] | [CACHE] | CACHE_SAVED
2026-08-06 20:27:22 | [Thread 127271845226176] | [INFO] | [CACHE] | CACHE_SAVED
2026-08-06 20:27:22 | [Thread 127271845226176] | [INFO] | [CACHE] | CACHE_SAVED
2026-08-06 20:27:22 | [Thread 127271845226176] | [INFO] | [CACHE] | CACHE_SAVED
2026-08-06 20:27:22 | [Thread 127271845226176] | [INFO] | [CACHE] | CACHE_SAVED
2026-08-06 20:27:22 | [Thread 127271845226176] | [INFO] | [CACHE] | CACHE_SAVED
2026-08-06 20:27:22 | [Thread 127271845226176] | [INFO] | [CACHE] | CACHE_SAVED
2026-08-06 20:27:22 | [Thread 127271845226176] | [INFO] | [CACHE] | CACHE_SAVED
2026-08-06 20:27:22 | [Thread 127271845226176] | [INFO] | [CACHE] | CACHE_SAVED
2026-08-06 20:27:22 | [Thread 127271845226176] | [INFO] | [CACHE] | CACHE_SAVED
2026-08-06 20:27:22 | [Thread 127271845226176] | [INFO] | [CACHE] | CACHE_SAVED
2026-08-06 20:27:22 | [Thread 127271845226176] | [INFO] | [CACHE] | CACHE_SAVED
2026-08-06 20:27:22 | [Thread 127271845226176] | [INFO] | [CACHE] | CACHE_SAVED
2026-08-06 20:27:22 | [Thread 127271845226176] | [INFO] | [CACHE] | CACHE_SAVED
2026-08-06 20:27:22 | [Thread 127271845226176] | [INFO] | [CACHE] | CACHE_SAVED
2026-08-06 20:27:22 | [Thread 127271845226176] | [INFO] | [CACHE] | CACHE_SAVED
2026-08-06 20:27:22 | [Thread 127271845226176] | [INFO] | [CACHE] | CACHE_SAVED
2026-08-06 20:27:22 | [Thread 127271845226176] | [INFO] | [CACHE] | CACHE_SAVED
2026-08-06 20:27:22 | [Thread 127271845226176] | [INFO] | [CACHE] | CACHE_SAVED
2026-08-06 20:27:22 | [Thread 127271845226176] | [INFO] | [CACHE] | CACHE_SAVED
2026-08-06 20:27:22 | [Thread 127271845226176] | [INFO] | [CACHE] | CACHE_SAVED
2026-08-06 20:27:22 | [Thread 127271845226176] | [INFO] | [CACHE] | CACHE_SAVED
2026-08-06 20:27:22 | [Thread 127271845226176] | [INFO] | [CACHE] | CACHE_SAVED
2026-08-06 20:27:22 | [Thread 127271845226176] | [INFO] | [CACHE] | CACHE_SAVED
2026-08-06 20:27:22 | [Thread 127271845226176] | [INFO] | [CACHE] | CACHE_SAVED
2026-08-06 20:27:22 | [Thread 127271845226176] | [INFO] | [CACHE] | CACHE_SAVED
2026-08-06 20:27:22 | [Thread 127271845226176] | [INFO] | [CACHE] | CACHE_SAVED
2026-08-06 20:27:22 | [Thread 127271845226176] | [INFO] | [CACHE] | CACHE_SAVED
2026-08-06 20:27:22 | [Thread 127271845226176] | [INFO] | [CACHE] | CACHE_SAVED
2026-08-06 20:27:22 | [Thread 127271845226176] | [INFO] | [CACHE] | CACHE_SAVED
2026-08-06 20:27:22 | [Thread 127271845226176] | [INFO] | [CACHE] | CACHE_SAVED
2026-08-06 20:27:22 | [Thread 127271845226176] | [INFO] | [CACHE] | CACHE_SAVED
2026-08-06 20:27:22 | [Thread 127271845226176] | [INFO] | [CACHE] | CACHE_SAVED
2026-08-06 20:27:22 | [Thread 127271845226176] | [INFO] | [CACHE] | CACHE_SAVED
2026-08-06 20:27:22 | [Thread 127271845226176] | [INFO] | [CACHE] | CACHE_SAVED
2026-08-06 20:27:22 | [Thread 127271845226176] | [INFO] | [CACHE] | CACHE_SAVED
2026-08-06 20:27:22 | [Thread 127271845226176] | [INFO] | [CACHE] | CACHE_SAVED
2026-08-06 20:27:22 | [Thread 127271845226176] | [INFO] | [CACHE] | CACHE_SAVED
2026-08-06 20:27:22 | [Thread 127271845226176] | [INFO] | [CACHE] | CACHE_SAVED
2026-08-06 20:27:22 | [Thread 127271845226176] | [INFO] | [CACHE] | CACHE_SAVED
2026-08-06 20:27:22 | [Thread 127271845226176] | [INFO] | [CACHE] | CACHE_SAVED
2026-08-06 20:27:22 | [Thread 127271845226176] | [INFO] | [CACHE] | CACHE_SAVED
2026-08-06 20:27:22 | [Thread 127271845226176] | [INFO] | [CACHE] | CACHE_SAVED
2026-08-06 20:27:22 | [Thread 127271845226176] | [INFO] | [CACHE] | CACHE_SAVED
2026-08-06 20:27:22 | [Thread 127271845226176] | [INFO] | [CACHE] | CACHE_SAVED
2026-08-06 20:27:22 | [Thread 127271845226176] | [INFO] | [CACHE] | CACHE_SAVED
2026-08-06 20:27:22 | [Thread 127271845226176] | [INFO] | [CACHE] | CACHE_SAVED
2026-08-06 20:27:22 | [Thread 127271845226176] | [INFO] | [CACHE] | CACHE_SAVED
2026-08-06 20:27:22 | [Thread 127271845226176] | [INFO] | [CACHE] | CACHE_SAVED
2026-08-06 20:27:22 | [Thread 127271845226176] | [INFO] | [CACHE] | CACHE_SAVED
2026-08-06 20:27:22 | [Thread 127271845226176] | [INFO] | [CACHE] | CACHE_SAVED
2026-08-06 20:27:22 | [Thread 127271845226176] | [INFO] | [CACHE] | CACHE_SAVED
2026-08-06 20:27:22 | [Thread 127271845226176] | [INFO] | [CACHE] | CACHE_SAVED
2026-08-06 20:27:22 | [Thread 127271845226176] | [INFO] | [CACHE] | CACHE_SAVED
2026-08-06 20:27:22 | [Thread 127271845226176] | [INFO] | [CACHE] | CACHE_SAVED
2026-08-06 20:27:22 | [Thread 127271845226176] | [INFO] | [CACHE] | CACHE_SAVED
2026-08-06 20:27:22 | [Thread 127271845226176] | [INFO] | [CACHE] | CACHE_SAVED
2026-08-06 20:27:22 | [Thread 127271845226176] | [INFO] | [CACHE] | CACHE_SAVED
2026-08-06 20:27:22 | [Thread 127271845226176] | [INFO] | [CACHE] | CACHE_SAVED
2026-08-06 20:27:22 | [Thread 127271845226176] | [INFO] | [CACHE] | CACHE_SAVED
2026-08-06 20:27:22 | [Thread 127271845226176] | [INFO] | [CACHE] | CACHE_SAVED
2026-08-06 20:27:22 | [Thread 127271845226176] | [INFO] | [CACHE] | CACHE_SAVED
2026-08-06 20:27:22 | [Thread 127271845226176] | [INFO] | [CACHE] | CACHE_SAVED
2026-08-06 20:27:22 | [Thread 127271845226176] | [INFO] | [CACHE] | CACHE_SAVED
2026-08-06 20:27:22 | [Thread 127271845226176] | [INFO] | [CACHE] | CACHE_SAVED
2026-08-06 20:27:22 | [Thread 127271845226176] | [INFO] | [CACHE] | CACHE_SAVED
2026-08-06 20:27:22 | [Thread 127271845226176] | [INFO] | [CACHE] | CACHE_SAVED
2026-08-06 20:27:22 | [Thread 127271845226176] | [INFO] | [CACHE] | CACHE_SAVED
2026-08-06 20:27:22 | [Thread 127271845226176] | [INFO] | [CACHE] | CACHE_SAVED
2026-08-06 20:27:22 | [Thread 127271845226176] | [INFO] | [CACHE] | CACHE_SAVED
2026-08-06 20:27:22 | [Thread 127271845226176] | [INFO] | [CACHE] | CACHE_SAVED
2026-08-06 20:27:22 | [Thread 127271845226176] | [INFO] | [CACHE] | CACHE_SAVED
2026-08-06 20:27:22 | [Thread 127271845226176] | [INFO] | [CACHE] | CACHE_SAVED
2026-08-06 20:27:22 | [Thread 127271845226176] | [INFO] | [CACHE] | CACHE_SAVED
2026-08-06 20:27:22 | [Thread 127271845226176] | [INFO] | [CACHE] | CACHE_SAVED
2026-08-06 20:27:22 | [Thread 127271845226176] | [INFO] | [CACHE] | CACHE_SAVED
2026-08-06 20:27:22 | [Thread 127271845226176] | [INFO] | [CACHE] | CACHE_SAVED
2026-08-06 20:27:22 | [Thread 127271845226176] | [INFO] | [CACHE] | CACHE_SAVED
2026-08-06 20:27:22 | [Thread 127271845226176] | [INFO] | [CACHE] | CACHE_SAVED
2026-08-06 20:27:22 | [Thread 127271845226176] | [INFO] | [CACHE] | CACHE_SAVED
2026-08-06 20:27:22 | [Thread 127271845226176] | [INFO] | [CACHE] | CACHE_SAVED
2026-08-06 20:27:22 | [Thread 127271845226176] | [INFO] | [CACHE] | CACHE_SAVED
2026-08-06 20:27:22 | [Thread 127271845226176] | [INFO] | [CACHE] | CACHE_SAVED
2026-08-06 20:27:22 | [Thread 127271845226176] | [INFO] | [CACHE] | CACHE_SAVED
2026-08-06 20:27:22 | [Thread 127271845226176] | [INFO] | [CACHE] | CACHE_SAVED
2026-08-06 20:27:22 | [Thread 127271845226176] | [INFO] | [CACHE] | CACHE_SAVED
2026-08-06 20:27:22 | [Thread 127271845226176] | [INFO] | [CACHE] | CACHE_SAVED
2026-08-06 20:27:22 | [Thread 127271845226176] | [INFO] | [CACHE] | CACHE_SAVED
2026-08-06 20:27:22 | [Thread 127271845226176] | [INFO] | [CACHE] | CACHE_SAVED
2026-08-06 20:27:22 | [Thread 127271845226176] | [INFO] | [CACHE] | CACHE_SAVED
2026-08-06 20:27:22 | [Thread 127271845226176] | [INFO] | [CACHE] | CACHE_SAVED
2026-08-06 20:27:22 | [Thread 127271845226176] | [INFO] | [CACHE] | CACHE_SAVED
2026-08-06 20:27:22 | [Thread 127271845226176] | [INFO] | [CACHE] | CACHE_SAVED
2026-08-06 20:27:22 | [Thread 127271845226176] | [INFO] | [CACHE] | CACHE_SAVED
2026-08-06 20:27:22 | [Thread 127271845226176] | [INFO] | [CACHE] | CACHE_SAVED
2026-08-06 20:27:22 | [Thread 127271845226176] | [INFO] | [CACHE] | CACHE_SAVED
2026-08-06 20:27:22 | [Thread 127271845226176] | [INFO] | [CACHE] | CACHE_SAVED
2026-08-06 20:27:22 | [Thread 127271845226176] | [INFO] | [CACHE] | CACHE_SAVED
2026-08-06 20:27:22 | [Thread 127271845226176] | [INFO] | [CACHE] | CACHE_SAVED
2026-08-06 20:27:22 | [Thread 127271845226176] | [INFO] | [CACHE] | CACHE_SAVED
2026-08-06 20:27:22 | [Thread 127271845226176] | [INFO] | [CACHE] | CACHE_SAVED
2026-08-06 20:27:22 | [Thread 127271845226176] | [INFO] | [CACHE] | CACHE_SAVED
2026-08-06 20:27:22 | [Thread 127271845226176] | [INFO] | [CACHE] | CACHE_SAVED
2026-08-06 20:27:22 | [Thread 127271845226176] | [INFO] | [CACHE] | CACHE_SAVED
2026-08-06 20:27:22 | [Thread 127271845226176] | [INFO] | [CACHE] | CACHE_SAVED
2026-08-06 20:27:22 | [Thread 127271845226176] | [INFO] | [CACHE] | CACHE_SAVED
2026-08-06 20:27:22 | [Thread 127271845226176] | [INFO] | [CACHE] | CACHE_SAVED
2026-08-06 20:27:22 | [Thread 127271845226176] | [INFO] | [CACHE] | CACHE_SAVED
2026-08-06 20:27:22 | [Thread 127271845226176] | [INFO] | [CACHE] | CACHE_SAVED
2026-08-06 20:27:22 | [Thread 127271845226176] | [INFO] | [CACHE] | CACHE_SAVED
2026-08-06 20:27:22 | [Thread 127271845226176] | [INFO] | [CACHE] | CACHE_SAVED
2026-08-06 20:27:22 | [Thread 127271845226176] | [INFO] | [CACHE] | CACHE_SAVED
2026-08-06 20:27:22 | [Thread 127271845226176] | [INFO] | [CACHE] | CACHE_SAVED
2026-08-06 20:27:22 | [Thread 127271845226176] | [INFO] | [CACHE] | CACHE_SAVED
2026-08-06 20:27:22 | [Thread 127271845226176] | [INFO] | [CACHE] | CACHE_SAVED
2026-08-06 20:27:22 | [Thread 127271845226176] | [INFO] | [CACHE] | CACHE_SAVED
2026-08-06 20:27:22 | [Thread 127271845226176] | [INFO] | [CACHE] | CACHE_SAVED
2026-08-06 20:27:22 | [Thread 127271845226176] | [INFO] | [CACHE] | CACHE_SAVED
2026-08-06 20:27:22 | [Thread 127271845226176] | [INFO] | [CACHE] | CACHE_SAVED
2026-08-06 20:27:22 | [Thread 127271845226176] | [INFO] | [CACHE] | CACHE_SAVED
2026-08-06 20:27:22 | [Thread 127271845226176] | [INFO] | [CACHE] | CACHE_SAVED
2026-08-06 20:27:22 | [Thread 127271845226176] | [INFO] | [CACHE] | CACHE_SAVED
2026-08-06 20:27:22 | [Thread 127271845226176] | [INFO] | [CACHE] | CACHE_SAVED
2026-08-06 20:27:22 | [Thread 127271845226176] | [INFO] | [CACHE] | CACHE_SAVED
2026-08-06 20:27:22 | [Thread 127271845226176] | [INFO] | [CACHE] | CACHE_SAVED
2026-08-06 20:27:22 | [Thread 127271845226176] | [INFO] | [CACHE] | CACHE_SAVED
2026-08-06 20:27:22 | [Thread 127271845226176] | [INFO] | [CACHE] | CACHE_SAVED
2026-08-06 20:27:22 | [Thread 127271845226176] | [INFO] | [CACHE] | CACHE_SAVED
2026-08-06 20:27:22 | [Thread 127271845226176] | [INFO] | [CACHE] | CACHE_SAVED
2026-08-06 20:27:22 | [Thread 127271845226176] | [INFO] | [CACHE] | CACHE_SAVED
2026-08-06 20:27:22 | [Thread 127271845226176] | [INFO] | [CACHE] | CACHE_SAVED
2026-08-06 20:27:22 | [Thread 127271845226176] | [INFO] | [CACHE] | CACHE_SAVED
2026-08-06 20:27:22 | [Thread 127271845226176] | [INFO] | [CACHE] | CACHE_SAVED
2026-08-06 20:27:22 | [Thread 127271845226176] | [INFO] | [CACHE] | CACHE_SAVED
2026-08-06 20:27:22 | [Thread 127271845226176] | [INFO] | [CACHE] | CACHE_SAVED
2026-08-06 20:27:22 | [Thread 127271845226176] | [INFO] | [CACHE] | CACHE_SAVED
2026-08-06 20:27:22 | [Thread 127271845226176] | [INFO] | [CACHE] | CACHE_SAVED
2026-08-06 20:27:22 | [Thread 127271845226176] | [INFO] | [CACHE] | CACHE_SAVED
2026-08-06 20:27:22 | [Thread 127271845226176] | [INFO] | [CACHE] | CACHE_SAVED
2026-08-06 20:27:22 | [Thread 127271845226176] | [INFO] | [CACHE] | CACHE_SAVED
2026-08-06 20:27:22 | [Thread 127271845226176] | [INFO] | [CACHE] | CACHE_SAVED
2026-08-06 20:27:22 | [Thread 127271845226176] | [INFO] | [CACHE] | CACHE_SAVED
2026-08-06 20:27:22 | [Thread 127271845226176] | [INFO] | [CACHE] | CACHE_SAVED
2026-08-06 20:27:22 | [Thread 127271845226176] | [INFO] | [CACHE] | CACHE_SAVED
2026-08-06 20:27:22 | [Thread 127271845226176] | [INFO] | [CACHE] | CACHE_SAVED
2026-08-06 20:27:22 | [Thread 127271845226176] | [INFO] | [CACHE] | CACHE_SAVED
2026-08-06 20:27:22 | [Thread 127271845226176] | [INFO] | [CACHE] | CACHE_SAVED
2026-08-06 20:27:22 | [Thread 127271845226176] | [INFO] | [CACHE] | CACHE_SAVED
2026-08-06 20:27:22 | [Thread 127271845226176] | [INFO] | [CACHE] | CACHE_SAVED
2026-08-06 20:27:22 | [Thread 127271845226176] | [INFO] | [CACHE] | CACHE_SAVED
2026-08-06 20:27:22 | [Thread 127271845226176] | [INFO] | [CACHE] | CACHE_SAVED
2026-08-06 20:27:22 | [Thread 127271845226176] | [INFO] | [CACHE] | CACHE_SAVED
2026-08-06 20:27:22 | [Thread 127271845226176] | [INFO] | [CACHE] | CACHE_SAVED
2026-08-06 20:27:22 | [Thread 127271845226176] | [INFO] | [CACHE] | CACHE_SAVED
2026-08-06 20:27:22 | [Thread 127271845226176] | [INFO] | [CACHE] | CACHE_SAVED
2026-08-06 20:27:22 | [Thread 127271845226176] | [INFO] | [CACHE] | CACHE_SAVED
2026-08-06 20:27:22 | [Thread 127271845226176] | [INFO] | [CACHE] | CACHE_SAVED
2026-08-06 20:27:22 | [Thread 127271845226176] | [INFO] | [CACHE] | CACHE_SAVED
2026-08-06 20:27:22 | [Thread 127271845226176] | [INFO] | [CACHE] | CACHE_SAVED
2026-08-06 20:27:22 | [Thread 127271845226176] | [INFO] | [CACHE] | CACHE_SAVED
2026-08-06 20:27:22 | [Thread 127271845226176] | [INFO] | [CACHE] | CACHE_SAVED
2026-08-06 20:27:22 | [Thread 127271845226176] | [INFO] | [CACHE] | CACHE_SAVED
2026-08-06 20:27:22 | [Thread 127271845226176] | [INFO] | [CACHE] | CACHE_SAVED
2026-08-06 20:27:22 | [Thread 127271845226176] | [INFO] | [CACHE] | CACHE_SAVED
2026-08-06 20:27:22 | [Thread 127271845226176] | [INFO] | [CACHE] | CACHE_SAVED
2026-08-06 20:27:22 | [Thread 127271845226176] | [INFO] | [CACHE] | CACHE_SAVED
2026-08-06 20:27:22 | [Thread 127271845226176] | [INFO] | [CACHE] | CACHE_SAVED
2026-08-06 21:23:27 | [Thread 123812355893056] | [INFO] | [CACHE] | CACHE_LOADED
2026-08-06 21:23:45 | [Thread 123812355893056] | [OPERATION] | [CACHE] | CACHE_EVICT | TXN
2026-08-06 21:23:45 | [Thread 123812355893056] | [OPERATION] | [CACHE] | STOCK_ADD | QW
2026-08-06 21:24:07 | [Thread 123812355893056] | [OPERATION] | [CACHE] | CACHE_EVICT | NFLX
2026-08-06 21:24:07 | [Thread 123812355893056] | [OPERATION] | [CACHE] | STOCK_ADD | ER
2026-08-06 21:24:15 | [Thread 123812355893056] | [OPERATION] | [CACHE] | STOCK_UPDATE | QW
2026-08-06 21:24:22 | [Thread 123812355893056] | [OPERATION] | [CACHE] | SEARCH_HIT | ER
2026-08-06 21:25:21 | [Thread 123812343441088] | [INFO] | [CACHE] | CACHE_SAVED
2026-08-06 21:25:27 | [Thread 123812355893056] | [INFO] | [CACHE] | CACHE_LOADED
2026-08-06 21:25:41 | [Thread 123812343441088] | [INFO] | [CACHE] | CACHE_SAVED
2026-08-06 21:25:42 | [Thread 123812355893056] | [INFO] | [CACHE] | CACHE_LOADED
2026-08-06 21:25:45 | [Thread 123812355893056] | [INFO] | [CACHE] | CACHE_BACKUP_CREATED
2026-08-06 21:26:06 | [Thread 123812355893056] | [OPERATION] | [CACHE] | STOCK_DELETE | ER
2026-08-06 21:26:16 | [Thread 123812343441088] | [INFO] | [CACHE] | CACHE_SAVED
2026-08-06 21:26:18 | [Thread 123812355893056] | [INFO] | [CACHE] | CACHE_LOADED
2026-08-06 21:26:18 | [Thread 123812355893056] | [INFO] | [CACHE] | CACHE_LOADED
2026-08-06 21:26:19 | [Thread 123812355893056] | [INFO] | [CACHE] | CACHE_LOADED
2026-08-06 21:26:24 | [Thread 123812343441088] | [INFO] | [CACHE] | CACHE_SAVED
